chunk_id,doc_id,titulo,categoria,prioridade,url,config_id,chunk_size,chunk_overlap,ordem_chunk,qtd_caracteres_chunk,texto_chunk
DOC001_C1_0001,DOC001,Serviços FEI,Serviços ao aluno / Administrativo,Alta,https://portal.fei.edu.br/servicos,C1,500,100,1,500,"Serviços - FEI
Secretaria
Na área de secretaria, você pode ter mais informações sobre questões administrativas da vida acadêmica.
Selecione no menu ao lado as informações que necessita!
Confira a página da Secretaria →
Esporte e Lazer
A FEI disponibiliza aos seus alunos e colaboradores um magnífico Centro de Vivência Desportiva, Recreação
e Lazer.
Conheça a nossa estrutura →
Biblioteca
A Biblioteca da FEI disponibiliza a seus usuários um grande acervo composto por livros, revistas,
periódicos, m"
DOC001_C1_0002,DOC001,Serviços FEI,Serviços ao aluno / Administrativo,Alta,https://portal.fei.edu.br/servicos,C1,500,100,2,500,"a da FEI disponibiliza a seus usuários um grande acervo composto por livros, revistas,
periódicos, multimeios, além da Biblioteca Digital de Teses e Dissertações.
Conheça a nossa biblioteca →
Estágio e Emprego
O SESEM oferece ao aluno uma série de oportunidades para atuar como estagiário, trainee ou mesmo empregado
de grandes empresas nacionais e multinacionais.
Acesse o setor de estágio e emprego →
Setor de Bolsas de Graduação
Conheça as opções de financiamento
estudantil oferecidas pela FEI.
C"
DOC001_C1_0003,DOC001,Serviços FEI,Serviços ao aluno / Administrativo,Alta,https://portal.fei.edu.br/servicos,C1,500,100,3,128,"→
Setor de Bolsas de Graduação
Conheça as opções de financiamento
estudantil oferecidas pela FEI.
Consulte as opções de bolsas →"
DOC001_C2_0001,DOC001,Serviços FEI,Serviços ao aluno / Administrativo,Alta,https://portal.fei.edu.br/servicos,C2,800,150,1,800,"Serviços - FEI
Secretaria
Na área de secretaria, você pode ter mais informações sobre questões administrativas da vida acadêmica.
Selecione no menu ao lado as informações que necessita!
Confira a página da Secretaria →
Esporte e Lazer
A FEI disponibiliza aos seus alunos e colaboradores um magnífico Centro de Vivência Desportiva, Recreação
e Lazer.
Conheça a nossa estrutura →
Biblioteca
A Biblioteca da FEI disponibiliza a seus usuários um grande acervo composto por livros, revistas,
periódicos, multimeios, além da Biblioteca Digital de Teses e Dissertações.
Conheça a nossa biblioteca →
Estágio e Emprego
O SESEM oferece ao aluno uma série de oportunidades para atuar como estagiário, trainee ou mesmo empregado
de grandes empresas nacionais e multinacionais.
Acesse o setor de estágio e emprego"
DOC001_C2_0002,DOC001,Serviços FEI,Serviços ao aluno / Administrativo,Alta,https://portal.fei.edu.br/servicos,C2,800,150,2,279,"ortunidades para atuar como estagiário, trainee ou mesmo empregado
de grandes empresas nacionais e multinacionais.
Acesse o setor de estágio e emprego →
Setor de Bolsas de Graduação
Conheça as opções de financiamento
estudantil oferecidas pela FEI.
Consulte as opções de bolsas →"
DOC001_C3_0001,DOC001,Serviços FEI,Serviços ao aluno / Administrativo,Alta,https://portal.fei.edu.br/servicos,C3,1200,200,1,929,"Serviços - FEI
Secretaria
Na área de secretaria, você pode ter mais informações sobre questões administrativas da vida acadêmica.
Selecione no menu ao lado as informações que necessita!
Confira a página da Secretaria →
Esporte e Lazer
A FEI disponibiliza aos seus alunos e colaboradores um magnífico Centro de Vivência Desportiva, Recreação
e Lazer.
Conheça a nossa estrutura →
Biblioteca
A Biblioteca da FEI disponibiliza a seus usuários um grande acervo composto por livros, revistas,
periódicos, multimeios, além da Biblioteca Digital de Teses e Dissertações.
Conheça a nossa biblioteca →
Estágio e Emprego
O SESEM oferece ao aluno uma série de oportunidades para atuar como estagiário, trainee ou mesmo empregado
de grandes empresas nacionais e multinacionais.
Acesse o setor de estágio e emprego →
Setor de Bolsas de Graduação
Conheça as opções de financiamento
estudantil oferecidas pela FEI.
Consulte as opções de bolsas →"
DOC002_C1_0001,DOC002,Secretaria,Serviços ao aluno / Administrativo,Alta,https://portal.fei.edu.br/secretaria,C1,500,100,1,500,"Secretaria FEI: Campus São Paulo e São Bernardo do Campo
Secretaria
Na área de secretaria, você pode ter mais informações sobre questões administrativas da vida acadêmica. Confira abaixo os horários de atendimento das secretarias e canais de contato.
Campus São Bernardo do campo
Graduação
Horário de Atendimento
Segunda a sexta - feira das 8h30 até 21h00
Sábado 8h30 até 11h00
Contato: (11) 4353-2903
Local
Prédio A - Térreo
Pós-Graduação Lato Sensu
Horário de Atendimento
Segunda a Sexta-feira, das"
DOC002_C1_0002,DOC002,Secretaria,Serviços ao aluno / Administrativo,Alta,https://portal.fei.edu.br/secretaria,C1,500,100,2,500,"3
Local
Prédio A - Térreo
Pós-Graduação Lato Sensu
Horário de Atendimento
Segunda a Sexta-feira, das 12h às 21h - Férias de Julho e Janeiro
Contato
E-mail: iecat@fei.edu.br
Tel: (11) 4353-2909
Local
Prédio T - Térreo
Pós-Graduação Stricto Sensu
Horário de Atendimento
Segunda a Sexta-feira, das 08h às 19h45
Contato
Tel: (11) 4353-2910
Programas
Mestrado e Doutorado em Engenharia Elétrica - ppge@fei.edu.br
Mestrado em Engenharia Mecânica - ppgm@fei.edu.br
Mestrado em Engenharia Química - ppgq@fei."
DOC002_C1_0003,DOC002,Secretaria,Serviços ao aluno / Administrativo,Alta,https://portal.fei.edu.br/secretaria,C1,500,100,3,500,".edu.br
Mestrado em Engenharia Mecânica - ppgm@fei.edu.br
Mestrado em Engenharia Química - ppgq@fei.edu.br
Local
Prédio k – 5º Andar
Campus São Paulo
Graduação
Horário de Atendimento
Segunda a sexta-feira das 8h30 até 20h30 Campus São Paulo
Em período de férias: Segunda a sexta-feira das 8h12 até 18h00 – (janeiro e início de fevereiro e julho e início de agosto)
Contato
Telefone: (11) 4353-2903
Local
5º Andar - Lado A
Pós-Graduação Lato Sensu
Horário de Atendimento
Segunda a Sexta-feira, das 08h"
DOC002_C1_0004,DOC002,Secretaria,Serviços ao aluno / Administrativo,Alta,https://portal.fei.edu.br/secretaria,C1,500,100,4,500,"cal
5º Andar - Lado A
Pós-Graduação Lato Sensu
Horário de Atendimento
Segunda a Sexta-feira, das 08h30 às 21h30
Contato
E-mail: iecat@fei.edu.br
(11) 4353-2909
Pós-Graduação Stricto Sensu
Horário de Atendimento
Segunda a Sexta-feira, das 8h30 às 18h - Férias de Julho e Janeiro
Contato
E-mail: ppga@fei.edu.br | Tel: (11) 3274-5205
Programa
Mestrado e Doutorado em Administração
E-mail: ppga@fei.edu.br
Matrículas
Graduação
Especialização
Mestrado / Doutorado
Graduação
Informações sobre matrícula:
P"
DOC002_C1_0005,DOC002,Secretaria,Serviços ao aluno / Administrativo,Alta,https://portal.fei.edu.br/secretaria,C1,500,100,5,499,"br
Matrículas
Graduação
Especialização
Mestrado / Doutorado
Graduação
Informações sobre matrícula:
Para Veteranos:
Os meses de janeiro e julho são destinados à rematrícula. Para realizá-la corretamente, siga os passos abaixo:
• Efetue o pagamento da mensalidade referente a janeiro ou julho até o 5º dia útil. (os boletos são disponibilizados no Portal do Aluno, no último dia de cada mês que antecede o vencimento).
• Durante o período oficial de matrícula (conforme o calendário escolar), acesse o"
DOC002_C1_0006,DOC002,Secretaria,Serviços ao aluno / Administrativo,Alta,https://portal.fei.edu.br/secretaria,C1,500,100,6,499,"e o vencimento).
• Durante o período oficial de matrícula (conforme o calendário escolar), acesse o Portal do Aluno e valide sua matrícula.
Para Calouros:
As datas de matrícula estão definidas no Manual do Candidato ou na página de classificação do Processo Seletivo, sendo necessário o upload dos seguintes documentos em formato pdf.
Certidão de Nascimento ou Certidão de Casamento;
Cadastro de Pessoa Física (CPF) do aluno;
RG/RNE - Documento de Identidade ou CIN - Carteira de Identidade Nacional"
DOC002_C1_0007,DOC002,Secretaria,Serviços ao aluno / Administrativo,Alta,https://portal.fei.edu.br/secretaria,C1,500,100,7,500,"oa Física (CPF) do aluno;
RG/RNE - Documento de Identidade ou CIN - Carteira de Identidade Nacional (atualizado);
Título de Eleitor (Certificado de quitação eleitoral);
Certificado de Conclusão do Ensino Médio;
Histórico Escolar do Ensino Médio;
Comprovante de residência,
Foto recente com fundo branco e
Certificado de Dispensa de Incorporação/Reservista (Para candidatos do sexo masculino).
Alunos que concluíram o ensino médio no exterior:
Histórico Escolar original realizado no exterior;
Históri"
DOC002_C1_0008,DOC002,Secretaria,Serviços ao aluno / Administrativo,Alta,https://portal.fei.edu.br/secretaria,C1,500,100,8,500,"que concluíram o ensino médio no exterior:
Histórico Escolar original realizado no exterior;
Histórico Escolar realizado no exterior traduzido por tradutor juramentado;
Certificado de Equivalência de Estudos.
Especialização
Candidatos que preenchem os pré-requisitos indicados comparecer a uma das unidades do IECAT munidos de:
Cópia autenticada do Diploma ou Certificado de Conclusão do curso de graduação;
Cópia autenticada da Carteira do Conselho Profissional a que pertence;
Cópia do currículo re"
DOC002_C1_0009,DOC002,Secretaria,Serviços ao aluno / Administrativo,Alta,https://portal.fei.edu.br/secretaria,C1,500,100,9,500,"duação;
Cópia autenticada da Carteira do Conselho Profissional a que pertence;
Cópia do currículo resumido;
Cópia do RG;
Cópia do CPF;
Cópia do comprovante de residência;
2 fotos 2x2.
Obs: Deverão ser apresentados os documentos originais, para conferência.
Candidatos que não preenchem os pré-requisitos indicados:
Enviar para uma das unidades do IECAT, uma cópia resumida do currículo, que será analisada pelo
Coordenador do Curso. Caso seja aprovado, o candidato será autorizado a efetivar a matríc"
DOC002_C1_0010,DOC002,Secretaria,Serviços ao aluno / Administrativo,Alta,https://portal.fei.edu.br/secretaria,C1,500,100,10,500,"isada pelo
Coordenador do Curso. Caso seja aprovado, o candidato será autorizado a efetivar a matrícula.
Informações Gerais
Os cursos de especialização - pós-graduação lato sensu são adequados à Resolução 1, de 8 de junho de
2007, do Conselho Nacional de Educação, que regulamenta esses cursos.
Os cursos têm carga mínima de 360 horas, com freqüência obrigatória a 75% das aulas e média mínima de
aprovação de 7.0 (sete) em todas as disciplinas ou módulos, obtida através de provas escritas ou prátic"
DOC002_C1_0011,DOC002,Secretaria,Serviços ao aluno / Administrativo,Alta,https://portal.fei.edu.br/secretaria,C1,500,100,11,500,"ovação de 7.0 (sete) em todas as disciplinas ou módulos, obtida através de provas escritas ou práticas.
No último semestre do curso deverá ser elaborado, individualmente e sob a orientação dos professores, um
trabalho prático, que consistirá de uma monografia ou projeto, de apresentação e aprovação (nota mínima
7,0) obrigatórias para a obtenção do Certificado de Aprovação.
Mestrado / Doutorado
Documentos para Inscrição:
Ficha de inscrição devidamente preenchida, fornecida no local ou via interne"
DOC002_C1_0012,DOC002,Secretaria,Serviços ao aluno / Administrativo,Alta,https://portal.fei.edu.br/secretaria,C1,500,100,12,500,"umentos para Inscrição:
Ficha de inscrição devidamente preenchida, fornecida no local ou via internet
2 cartas de recomendação
Cópia do diploma do Curso Superior devidamente registrado ou documento comprobatório da obtenção do
grau (apresentar o original)
Cópia do Histórico Escolar do Curso Superior (apresentar o original)
Curriculum Vitae atualizado
Cópia dos seguintes documentos pessoais: Carteira de Identidade e CPF (apresentar os originais)
Cópia da Certidão de Nascimento ou de Casamento (ap"
DOC002_C1_0013,DOC002,Secretaria,Serviços ao aluno / Administrativo,Alta,https://portal.fei.edu.br/secretaria,C1,500,100,13,500,"ra de Identidade e CPF (apresentar os originais)
Cópia da Certidão de Nascimento ou de Casamento (apresentar o original)
Cópia de Comprovante de Residência
2 fotos recentes 2x2
Importante:
Somente será dispensada a apresentação dos originais, se as cópias estiverem
autenticadas.
Condições de Oferta de Cursos
Programas de Cursos de Graduação
Relação dos Dirigentes
Relação do Corpo Docente
Infraestrutura campus São Bernardo do Campo
Infraestrutura campus São Paulo
Biblioteca
Critérios de Avaliação"
DOC002_C1_0014,DOC002,Secretaria,Serviços ao aluno / Administrativo,Alta,https://portal.fei.edu.br/secretaria,C1,500,100,14,499,"utura campus São Bernardo do Campo
Infraestrutura campus São Paulo
Biblioteca
Critérios de Avaliação
Resultados Obtidos nas Últimas Avaliações
Valor Corrente das Taxas
Projetos Pedagógicos de Curso
Administração
Ciência da Computação
Engenharia Civil
Engenharia de Automação e Controle
Engenharia Eletrica
Engenharia de Materiais
Engenharia de Mecânica
Engenharia de Produção
Engenharia de Química
Engenharia de Robôs
Engenharia de Têxtil
Relação de Dirigentes
Prof. Dr. Vagner Bernal Barbeta
Reitor"
DOC002_C1_0015,DOC002,Secretaria,Serviços ao aluno / Administrativo,Alta,https://portal.fei.edu.br/secretaria,C1,500,100,15,500,"genharia de Robôs
Engenharia de Têxtil
Relação de Dirigentes
Prof. Dr. Vagner Bernal Barbeta
Reitor da FEI.
Prof. Dr. Ricado Belchior Torres
Vice-Reitor de Ensino e Pesquisa da FEI e Coordenador do Programa de Pós-graduação em Engenharia Química, nível de Mestrado
Profa. Dra. Michelly de Souza
Vice-Reitora de Extensão e Atividades Comunitárias da FEI
Profa. Dra. Aline Faria
Coordenadora do Curso e Chefe do Departamento de Administração do Campus SP
Profa. Dra. Maria Laura Ferranty Mac Lennan
Coo"
DOC002_C1_0016,DOC002,Secretaria,Serviços ao aluno / Administrativo,Alta,https://portal.fei.edu.br/secretaria,C1,500,100,16,499,"Chefe do Departamento de Administração do Campus SP
Profa. Dra. Maria Laura Ferranty Mac Lennan
Coordenadora de Curso e Chefe do Departamento de Administração SBC
Profa. Dra. Leila Cristina Carneiro Bergamasco
Chefe do Departamento e Coordenadora dos Cursos de Ciência da Computação e de Ciência de Dados e Inteligência Artificial
Prof. Dr. Rafael Barreto Castelo da Cruz
Coordenador de Curso e Chefe do Departamento de Engenharia Civil
Prof. Dr. Marcelo Pavanello
Coordenador do Curso e Chefe do De"
DOC002_C1_0017,DOC002,Secretaria,Serviços ao aluno / Administrativo,Alta,https://portal.fei.edu.br/secretaria,C1,500,100,17,500,"e do Departamento de Engenharia Civil
Prof. Dr. Marcelo Pavanello
Coordenador do Curso e Chefe do Departamento de Engenharia Elétrica e Coordenador do Curso de Engenharia de Automação e Controle
Prof. Dr. Sandro Luís Vatanabe
Coordenador de Curso e Chefe do Departamento de Engenharia Mecânica
Profa. Dra. Adriana Martinelli C. Souza
Coordenadora do Curso e Chefe do Departamento de Engenharia de Materiais
Prof. Dr. Marcel Heimar Ribeiro Utiyama
Coordenador de Curso e Chefe do Departamento de Engen"
DOC002_C1_0018,DOC002,Secretaria,Serviços ao aluno / Administrativo,Alta,https://portal.fei.edu.br/secretaria,C1,500,100,18,500,"eriais
Prof. Dr. Marcel Heimar Ribeiro Utiyama
Coordenador de Curso e Chefe do Departamento de Engenharia de Produção
Prof. Dr. Rodrigo Condotta
Coordenador de Curso e Chefe do Departamento de Engenharia Química
Prof. Dr. Danilo Perico
Coordenador do Curso e Chefe do Departamento de Engenharia de Robôs
Profa. Dra. Monica Karrer
Chefe do Departamento de Matemática
Profa. Dra. Eliane de Fátima Chinaglia
Chefe do Departamento de Física
Prof. Dr. Raúl Cesar Gouveia Fernandes
Chefe do Departamento de"
DOC002_C1_0019,DOC002,Secretaria,Serviços ao aluno / Administrativo,Alta,https://portal.fei.edu.br/secretaria,C1,500,100,19,500,"glia
Chefe do Departamento de Física
Prof. Dr. Raúl Cesar Gouveia Fernandes
Chefe do Departamento de Ciências Sociais e Jurídicas
Profª Drª Maria Tereza Saraiva de Souza
Coordenadora do Programa de Pós-graduação Stricto Sensu em Administração
Prof. Dr. Rodrigo Magnabosco
Coordenador do Programa de Pós Graduação em Engenharia Mecânica, nível de Mestrado
Prof. Dr. Carlos Eduardo Thomaz
Coordenador do Programa de Pós-graduação Stricto Sensu em Engenharia Elétrica, nível de Mestrado
Prof. Dr. Robert"
DOC002_C1_0020,DOC002,Secretaria,Serviços ao aluno / Administrativo,Alta,https://portal.fei.edu.br/secretaria,C1,500,100,20,500,"o Programa de Pós-graduação Stricto Sensu em Engenharia Elétrica, nível de Mestrado
Prof. Dr. Roberto Baginski Batista Santos
Coordenador da Agência FEI de Inovação - AGFEI
Legislação
Resolução R-04-2011 - Regulamenta Núcleo Docente Estruturante
Regimento Geral do Centro Universitário da Fundação Educacional Inaciana Padre Sabóia de Medeiros
Estatuto do Centro Universitário da Fundação Educacional Inaciana Pe. Sabóia de Medeiros
Portarias de Reconhecimento
Regimento da Pós-graduação Stricto Sens"
DOC002_C1_0021,DOC002,Secretaria,Serviços ao aluno / Administrativo,Alta,https://portal.fei.edu.br/secretaria,C1,500,100,21,499,"Inaciana Pe. Sabóia de Medeiros
Portarias de Reconhecimento
Regimento da Pós-graduação Stricto Sensu do Centro Universitário da FEI - Resolução R-05-2010
Transferências Externas
O Centro Universitário FEI autoriza a transferência externa de alunos procedentes de outras instituições, para
prosseguimento de estudos em áreas afins aos cursos de graduação em Administração, Ciência da Computação e Engenharia desde
que respeitadas as vagas existentes no curso requerido e os seguintes critérios:
Não s"
DOC002_C1_0022,DOC002,Secretaria,Serviços ao aluno / Administrativo,Alta,https://portal.fei.edu.br/secretaria,C1,500,100,22,500,"enharia desde
que respeitadas as vagas existentes no curso requerido e os seguintes critérios:
Não serão permitidas, em hipótese alguma, transferências para o primeiro período dos referidos cursos;
O deferimento da solicitação de transferência estará condicionado a uma rigorosa análise do histórico escolar
e do rendimento acadêmico do requerente;
O requerente deverá ser proveniente de curso devidamente reconhecido pelo MEC;
Os requerimentos de solicitação de transferência externa, devidamente in"
DOC002_C1_0023,DOC002,Secretaria,Serviços ao aluno / Administrativo,Alta,https://portal.fei.edu.br/secretaria,C1,500,100,23,500,"mente reconhecido pelo MEC;
Os requerimentos de solicitação de transferência externa, devidamente instruídos pelos documentos necessários,
deverão ser requeridos pelo interessado no prazo estabelecido e divulgado semestralmente pela secretaria;
Uma vez aceita a condição de matrícula para o período pretendido, não caberá ao aluno recurso de qualquer
natureza ou nível. Ressaltamos que o período letivo que o aluno cursar por ocasião da transferência será
considerado de adaptação;
O prazo máximo par"
DOC002_C1_0024,DOC002,Secretaria,Serviços ao aluno / Administrativo,Alta,https://portal.fei.edu.br/secretaria,C1,500,100,24,426,"vo que o aluno cursar por ocasião da transferência será
considerado de adaptação;
O prazo máximo para integralização do Curso de Administração, Ciência da Computação e Engenharia é de 07 (sete) anos.
Consideramos a contagem deste prazo a partir do processo seletivo da universidade de origem.
Casos excepcionais serão apreciados pela Reitoria.
Confira a Portaria R-19/2011
Clique aqui
para conhecer os prazos
e a documentação."
DOC002_C2_0001,DOC002,Secretaria,Serviços ao aluno / Administrativo,Alta,https://portal.fei.edu.br/secretaria,C2,800,150,1,800,"Secretaria FEI: Campus São Paulo e São Bernardo do Campo
Secretaria
Na área de secretaria, você pode ter mais informações sobre questões administrativas da vida acadêmica. Confira abaixo os horários de atendimento das secretarias e canais de contato.
Campus São Bernardo do campo
Graduação
Horário de Atendimento
Segunda a sexta - feira das 8h30 até 21h00
Sábado 8h30 até 11h00
Contato: (11) 4353-2903
Local
Prédio A - Térreo
Pós-Graduação Lato Sensu
Horário de Atendimento
Segunda a Sexta-feira, das 12h às 21h - Férias de Julho e Janeiro
Contato
E-mail: iecat@fei.edu.br
Tel: (11) 4353-2909
Local
Prédio T - Térreo
Pós-Graduação Stricto Sensu
Horário de Atendimento
Segunda a Sexta-feira, das 08h às 19h45
Contato
Tel: (11) 4353-2910
Programas
Mestrado e Doutorado em Engenharia Elétrica - ppge@fei"
DOC002_C2_0002,DOC002,Secretaria,Serviços ao aluno / Administrativo,Alta,https://portal.fei.edu.br/secretaria,C2,800,150,2,799,"io de Atendimento
Segunda a Sexta-feira, das 08h às 19h45
Contato
Tel: (11) 4353-2910
Programas
Mestrado e Doutorado em Engenharia Elétrica - ppge@fei.edu.br
Mestrado em Engenharia Mecânica - ppgm@fei.edu.br
Mestrado em Engenharia Química - ppgq@fei.edu.br
Local
Prédio k – 5º Andar
Campus São Paulo
Graduação
Horário de Atendimento
Segunda a sexta-feira das 8h30 até 20h30 Campus São Paulo
Em período de férias: Segunda a sexta-feira das 8h12 até 18h00 – (janeiro e início de fevereiro e julho e início de agosto)
Contato
Telefone: (11) 4353-2903
Local
5º Andar - Lado A
Pós-Graduação Lato Sensu
Horário de Atendimento
Segunda a Sexta-feira, das 08h30 às 21h30
Contato
E-mail: iecat@fei.edu.br
(11) 4353-2909
Pós-Graduação Stricto Sensu
Horário de Atendimento
Segunda a Sexta-feira, das 8h30 às 18h"
DOC002_C2_0003,DOC002,Secretaria,Serviços ao aluno / Administrativo,Alta,https://portal.fei.edu.br/secretaria,C2,800,150,3,799,"30 às 21h30
Contato
E-mail: iecat@fei.edu.br
(11) 4353-2909
Pós-Graduação Stricto Sensu
Horário de Atendimento
Segunda a Sexta-feira, das 8h30 às 18h - Férias de Julho e Janeiro
Contato
E-mail: ppga@fei.edu.br | Tel: (11) 3274-5205
Programa
Mestrado e Doutorado em Administração
E-mail: ppga@fei.edu.br
Matrículas
Graduação
Especialização
Mestrado / Doutorado
Graduação
Informações sobre matrícula:
Para Veteranos:
Os meses de janeiro e julho são destinados à rematrícula. Para realizá-la corretamente, siga os passos abaixo:
• Efetue o pagamento da mensalidade referente a janeiro ou julho até o 5º dia útil. (os boletos são disponibilizados no Portal do Aluno, no último dia de cada mês que antecede o vencimento).
• Durante o período oficial de matrícula (conforme o calendário escolar), acesse o"
DOC002_C2_0004,DOC002,Secretaria,Serviços ao aluno / Administrativo,Alta,https://portal.fei.edu.br/secretaria,C2,800,150,4,800,"al do Aluno, no último dia de cada mês que antecede o vencimento).
• Durante o período oficial de matrícula (conforme o calendário escolar), acesse o Portal do Aluno e valide sua matrícula.
Para Calouros:
As datas de matrícula estão definidas no Manual do Candidato ou na página de classificação do Processo Seletivo, sendo necessário o upload dos seguintes documentos em formato pdf.
Certidão de Nascimento ou Certidão de Casamento;
Cadastro de Pessoa Física (CPF) do aluno;
RG/RNE - Documento de Identidade ou CIN - Carteira de Identidade Nacional (atualizado);
Título de Eleitor (Certificado de quitação eleitoral);
Certificado de Conclusão do Ensino Médio;
Histórico Escolar do Ensino Médio;
Comprovante de residência,
Foto recente com fundo branco e
Certificado de Dispensa de Incorporação/Reser"
DOC002_C2_0005,DOC002,Secretaria,Serviços ao aluno / Administrativo,Alta,https://portal.fei.edu.br/secretaria,C2,800,150,5,800,"ino Médio;
Histórico Escolar do Ensino Médio;
Comprovante de residência,
Foto recente com fundo branco e
Certificado de Dispensa de Incorporação/Reservista (Para candidatos do sexo masculino).
Alunos que concluíram o ensino médio no exterior:
Histórico Escolar original realizado no exterior;
Histórico Escolar realizado no exterior traduzido por tradutor juramentado;
Certificado de Equivalência de Estudos.
Especialização
Candidatos que preenchem os pré-requisitos indicados comparecer a uma das unidades do IECAT munidos de:
Cópia autenticada do Diploma ou Certificado de Conclusão do curso de graduação;
Cópia autenticada da Carteira do Conselho Profissional a que pertence;
Cópia do currículo resumido;
Cópia do RG;
Cópia do CPF;
Cópia do comprovante de residência;
2 fotos 2x2.
Obs: Deverão ser"
DOC002_C2_0006,DOC002,Secretaria,Serviços ao aluno / Administrativo,Alta,https://portal.fei.edu.br/secretaria,C2,800,150,6,800,"Profissional a que pertence;
Cópia do currículo resumido;
Cópia do RG;
Cópia do CPF;
Cópia do comprovante de residência;
2 fotos 2x2.
Obs: Deverão ser apresentados os documentos originais, para conferência.
Candidatos que não preenchem os pré-requisitos indicados:
Enviar para uma das unidades do IECAT, uma cópia resumida do currículo, que será analisada pelo
Coordenador do Curso. Caso seja aprovado, o candidato será autorizado a efetivar a matrícula.
Informações Gerais
Os cursos de especialização - pós-graduação lato sensu são adequados à Resolução 1, de 8 de junho de
2007, do Conselho Nacional de Educação, que regulamenta esses cursos.
Os cursos têm carga mínima de 360 horas, com freqüência obrigatória a 75% das aulas e média mínima de
aprovação de 7.0 (sete) em todas as disciplinas ou mó"
DOC002_C2_0007,DOC002,Secretaria,Serviços ao aluno / Administrativo,Alta,https://portal.fei.edu.br/secretaria,C2,800,150,7,800,"rsos têm carga mínima de 360 horas, com freqüência obrigatória a 75% das aulas e média mínima de
aprovação de 7.0 (sete) em todas as disciplinas ou módulos, obtida através de provas escritas ou práticas.
No último semestre do curso deverá ser elaborado, individualmente e sob a orientação dos professores, um
trabalho prático, que consistirá de uma monografia ou projeto, de apresentação e aprovação (nota mínima
7,0) obrigatórias para a obtenção do Certificado de Aprovação.
Mestrado / Doutorado
Documentos para Inscrição:
Ficha de inscrição devidamente preenchida, fornecida no local ou via internet
2 cartas de recomendação
Cópia do diploma do Curso Superior devidamente registrado ou documento comprobatório da obtenção do
grau (apresentar o original)
Cópia do Histórico Escolar do Curso Superior"
DOC002_C2_0008,DOC002,Secretaria,Serviços ao aluno / Administrativo,Alta,https://portal.fei.edu.br/secretaria,C2,800,150,8,800,"so Superior devidamente registrado ou documento comprobatório da obtenção do
grau (apresentar o original)
Cópia do Histórico Escolar do Curso Superior (apresentar o original)
Curriculum Vitae atualizado
Cópia dos seguintes documentos pessoais: Carteira de Identidade e CPF (apresentar os originais)
Cópia da Certidão de Nascimento ou de Casamento (apresentar o original)
Cópia de Comprovante de Residência
2 fotos recentes 2x2
Importante:
Somente será dispensada a apresentação dos originais, se as cópias estiverem
autenticadas.
Condições de Oferta de Cursos
Programas de Cursos de Graduação
Relação dos Dirigentes
Relação do Corpo Docente
Infraestrutura campus São Bernardo do Campo
Infraestrutura campus São Paulo
Biblioteca
Critérios de Avaliação
Resultados Obtidos nas Últimas Avaliações
Valor C"
DOC002_C2_0009,DOC002,Secretaria,Serviços ao aluno / Administrativo,Alta,https://portal.fei.edu.br/secretaria,C2,800,150,9,800,"utura campus São Bernardo do Campo
Infraestrutura campus São Paulo
Biblioteca
Critérios de Avaliação
Resultados Obtidos nas Últimas Avaliações
Valor Corrente das Taxas
Projetos Pedagógicos de Curso
Administração
Ciência da Computação
Engenharia Civil
Engenharia de Automação e Controle
Engenharia Eletrica
Engenharia de Materiais
Engenharia de Mecânica
Engenharia de Produção
Engenharia de Química
Engenharia de Robôs
Engenharia de Têxtil
Relação de Dirigentes
Prof. Dr. Vagner Bernal Barbeta
Reitor da FEI.
Prof. Dr. Ricado Belchior Torres
Vice-Reitor de Ensino e Pesquisa da FEI e Coordenador do Programa de Pós-graduação em Engenharia Química, nível de Mestrado
Profa. Dra. Michelly de Souza
Vice-Reitora de Extensão e Atividades Comunitárias da FEI
Profa. Dra. Aline Faria
Coordenadora do Curso e"
DOC002_C2_0010,DOC002,Secretaria,Serviços ao aluno / Administrativo,Alta,https://portal.fei.edu.br/secretaria,C2,800,150,10,800,"el de Mestrado
Profa. Dra. Michelly de Souza
Vice-Reitora de Extensão e Atividades Comunitárias da FEI
Profa. Dra. Aline Faria
Coordenadora do Curso e Chefe do Departamento de Administração do Campus SP
Profa. Dra. Maria Laura Ferranty Mac Lennan
Coordenadora de Curso e Chefe do Departamento de Administração SBC
Profa. Dra. Leila Cristina Carneiro Bergamasco
Chefe do Departamento e Coordenadora dos Cursos de Ciência da Computação e de Ciência de Dados e Inteligência Artificial
Prof. Dr. Rafael Barreto Castelo da Cruz
Coordenador de Curso e Chefe do Departamento de Engenharia Civil
Prof. Dr. Marcelo Pavanello
Coordenador do Curso e Chefe do Departamento de Engenharia Elétrica e Coordenador do Curso de Engenharia de Automação e Controle
Prof. Dr. Sandro Luís Vatanabe
Coordenador de Curso e C"
DOC002_C2_0011,DOC002,Secretaria,Serviços ao aluno / Administrativo,Alta,https://portal.fei.edu.br/secretaria,C2,800,150,11,800,"partamento de Engenharia Elétrica e Coordenador do Curso de Engenharia de Automação e Controle
Prof. Dr. Sandro Luís Vatanabe
Coordenador de Curso e Chefe do Departamento de Engenharia Mecânica
Profa. Dra. Adriana Martinelli C. Souza
Coordenadora do Curso e Chefe do Departamento de Engenharia de Materiais
Prof. Dr. Marcel Heimar Ribeiro Utiyama
Coordenador de Curso e Chefe do Departamento de Engenharia de Produção
Prof. Dr. Rodrigo Condotta
Coordenador de Curso e Chefe do Departamento de Engenharia Química
Prof. Dr. Danilo Perico
Coordenador do Curso e Chefe do Departamento de Engenharia de Robôs
Profa. Dra. Monica Karrer
Chefe do Departamento de Matemática
Profa. Dra. Eliane de Fátima Chinaglia
Chefe do Departamento de Física
Prof. Dr. Raúl Cesar Gouveia Fernandes
Chefe do Departamento de"
DOC002_C2_0012,DOC002,Secretaria,Serviços ao aluno / Administrativo,Alta,https://portal.fei.edu.br/secretaria,C2,800,150,12,800,"o de Matemática
Profa. Dra. Eliane de Fátima Chinaglia
Chefe do Departamento de Física
Prof. Dr. Raúl Cesar Gouveia Fernandes
Chefe do Departamento de Ciências Sociais e Jurídicas
Profª Drª Maria Tereza Saraiva de Souza
Coordenadora do Programa de Pós-graduação Stricto Sensu em Administração
Prof. Dr. Rodrigo Magnabosco
Coordenador do Programa de Pós Graduação em Engenharia Mecânica, nível de Mestrado
Prof. Dr. Carlos Eduardo Thomaz
Coordenador do Programa de Pós-graduação Stricto Sensu em Engenharia Elétrica, nível de Mestrado
Prof. Dr. Roberto Baginski Batista Santos
Coordenador da Agência FEI de Inovação - AGFEI
Legislação
Resolução R-04-2011 - Regulamenta Núcleo Docente Estruturante
Regimento Geral do Centro Universitário da Fundação Educacional Inaciana Padre Sabóia de Medeiros
Estatu"
DOC002_C2_0013,DOC002,Secretaria,Serviços ao aluno / Administrativo,Alta,https://portal.fei.edu.br/secretaria,C2,800,150,13,799,"011 - Regulamenta Núcleo Docente Estruturante
Regimento Geral do Centro Universitário da Fundação Educacional Inaciana Padre Sabóia de Medeiros
Estatuto do Centro Universitário da Fundação Educacional Inaciana Pe. Sabóia de Medeiros
Portarias de Reconhecimento
Regimento da Pós-graduação Stricto Sensu do Centro Universitário da FEI - Resolução R-05-2010
Transferências Externas
O Centro Universitário FEI autoriza a transferência externa de alunos procedentes de outras instituições, para
prosseguimento de estudos em áreas afins aos cursos de graduação em Administração, Ciência da Computação e Engenharia desde
que respeitadas as vagas existentes no curso requerido e os seguintes critérios:
Não serão permitidas, em hipótese alguma, transferências para o primeiro período dos referidos cursos;
O"
DOC002_C2_0014,DOC002,Secretaria,Serviços ao aluno / Administrativo,Alta,https://portal.fei.edu.br/secretaria,C2,800,150,14,800,"no curso requerido e os seguintes critérios:
Não serão permitidas, em hipótese alguma, transferências para o primeiro período dos referidos cursos;
O deferimento da solicitação de transferência estará condicionado a uma rigorosa análise do histórico escolar
e do rendimento acadêmico do requerente;
O requerente deverá ser proveniente de curso devidamente reconhecido pelo MEC;
Os requerimentos de solicitação de transferência externa, devidamente instruídos pelos documentos necessários,
deverão ser requeridos pelo interessado no prazo estabelecido e divulgado semestralmente pela secretaria;
Uma vez aceita a condição de matrícula para o período pretendido, não caberá ao aluno recurso de qualquer
natureza ou nível. Ressaltamos que o período letivo que o aluno cursar por ocasião da transferência"
DOC002_C2_0015,DOC002,Secretaria,Serviços ao aluno / Administrativo,Alta,https://portal.fei.edu.br/secretaria,C2,800,150,15,526,"retendido, não caberá ao aluno recurso de qualquer
natureza ou nível. Ressaltamos que o período letivo que o aluno cursar por ocasião da transferência será
considerado de adaptação;
O prazo máximo para integralização do Curso de Administração, Ciência da Computação e Engenharia é de 07 (sete) anos.
Consideramos a contagem deste prazo a partir do processo seletivo da universidade de origem.
Casos excepcionais serão apreciados pela Reitoria.
Confira a Portaria R-19/2011
Clique aqui
para conhecer os prazos
e a documentação."
DOC002_C3_0001,DOC002,Secretaria,Serviços ao aluno / Administrativo,Alta,https://portal.fei.edu.br/secretaria,C3,1200,200,1,1200,"Secretaria FEI: Campus São Paulo e São Bernardo do Campo
Secretaria
Na área de secretaria, você pode ter mais informações sobre questões administrativas da vida acadêmica. Confira abaixo os horários de atendimento das secretarias e canais de contato.
Campus São Bernardo do campo
Graduação
Horário de Atendimento
Segunda a sexta - feira das 8h30 até 21h00
Sábado 8h30 até 11h00
Contato: (11) 4353-2903
Local
Prédio A - Térreo
Pós-Graduação Lato Sensu
Horário de Atendimento
Segunda a Sexta-feira, das 12h às 21h - Férias de Julho e Janeiro
Contato
E-mail: iecat@fei.edu.br
Tel: (11) 4353-2909
Local
Prédio T - Térreo
Pós-Graduação Stricto Sensu
Horário de Atendimento
Segunda a Sexta-feira, das 08h às 19h45
Contato
Tel: (11) 4353-2910
Programas
Mestrado e Doutorado em Engenharia Elétrica - ppge@fei.edu.br
Mestrado em Engenharia Mecânica - ppgm@fei.edu.br
Mestrado em Engenharia Química - ppgq@fei.edu.br
Local
Prédio k – 5º Andar
Campus São Paulo
Graduação
Horário de Atendimento
Segunda a sexta-feira das 8h30 até 20h30 Campus São Paulo
Em período de férias: Segunda a sexta-feira das 8h12 até 18h00 – (janeiro e início de fevereiro e julho e início de agosto)
Contato
Telefone: (11) 4353-2903
Lo"
DOC002_C3_0002,DOC002,Secretaria,Serviços ao aluno / Administrativo,Alta,https://portal.fei.edu.br/secretaria,C3,1200,200,2,1200,"eira das 8h30 até 20h30 Campus São Paulo
Em período de férias: Segunda a sexta-feira das 8h12 até 18h00 – (janeiro e início de fevereiro e julho e início de agosto)
Contato
Telefone: (11) 4353-2903
Local
5º Andar - Lado A
Pós-Graduação Lato Sensu
Horário de Atendimento
Segunda a Sexta-feira, das 08h30 às 21h30
Contato
E-mail: iecat@fei.edu.br
(11) 4353-2909
Pós-Graduação Stricto Sensu
Horário de Atendimento
Segunda a Sexta-feira, das 8h30 às 18h - Férias de Julho e Janeiro
Contato
E-mail: ppga@fei.edu.br | Tel: (11) 3274-5205
Programa
Mestrado e Doutorado em Administração
E-mail: ppga@fei.edu.br
Matrículas
Graduação
Especialização
Mestrado / Doutorado
Graduação
Informações sobre matrícula:
Para Veteranos:
Os meses de janeiro e julho são destinados à rematrícula. Para realizá-la corretamente, siga os passos abaixo:
• Efetue o pagamento da mensalidade referente a janeiro ou julho até o 5º dia útil. (os boletos são disponibilizados no Portal do Aluno, no último dia de cada mês que antecede o vencimento).
• Durante o período oficial de matrícula (conforme o calendário escolar), acesse o Portal do Aluno e valide sua matrícula.
Para Calouros:
As datas de matrícula estão definidas no Manu"
DOC002_C3_0003,DOC002,Secretaria,Serviços ao aluno / Administrativo,Alta,https://portal.fei.edu.br/secretaria,C3,1200,200,3,1200,"e o vencimento).
• Durante o período oficial de matrícula (conforme o calendário escolar), acesse o Portal do Aluno e valide sua matrícula.
Para Calouros:
As datas de matrícula estão definidas no Manual do Candidato ou na página de classificação do Processo Seletivo, sendo necessário o upload dos seguintes documentos em formato pdf.
Certidão de Nascimento ou Certidão de Casamento;
Cadastro de Pessoa Física (CPF) do aluno;
RG/RNE - Documento de Identidade ou CIN - Carteira de Identidade Nacional (atualizado);
Título de Eleitor (Certificado de quitação eleitoral);
Certificado de Conclusão do Ensino Médio;
Histórico Escolar do Ensino Médio;
Comprovante de residência,
Foto recente com fundo branco e
Certificado de Dispensa de Incorporação/Reservista (Para candidatos do sexo masculino).
Alunos que concluíram o ensino médio no exterior:
Histórico Escolar original realizado no exterior;
Histórico Escolar realizado no exterior traduzido por tradutor juramentado;
Certificado de Equivalência de Estudos.
Especialização
Candidatos que preenchem os pré-requisitos indicados comparecer a uma das unidades do IECAT munidos de:
Cópia autenticada do Diploma ou Certificado de Conclusão do curso de gra"
DOC002_C3_0004,DOC002,Secretaria,Serviços ao aluno / Administrativo,Alta,https://portal.fei.edu.br/secretaria,C3,1200,200,4,1200,"Estudos.
Especialização
Candidatos que preenchem os pré-requisitos indicados comparecer a uma das unidades do IECAT munidos de:
Cópia autenticada do Diploma ou Certificado de Conclusão do curso de graduação;
Cópia autenticada da Carteira do Conselho Profissional a que pertence;
Cópia do currículo resumido;
Cópia do RG;
Cópia do CPF;
Cópia do comprovante de residência;
2 fotos 2x2.
Obs: Deverão ser apresentados os documentos originais, para conferência.
Candidatos que não preenchem os pré-requisitos indicados:
Enviar para uma das unidades do IECAT, uma cópia resumida do currículo, que será analisada pelo
Coordenador do Curso. Caso seja aprovado, o candidato será autorizado a efetivar a matrícula.
Informações Gerais
Os cursos de especialização - pós-graduação lato sensu são adequados à Resolução 1, de 8 de junho de
2007, do Conselho Nacional de Educação, que regulamenta esses cursos.
Os cursos têm carga mínima de 360 horas, com freqüência obrigatória a 75% das aulas e média mínima de
aprovação de 7.0 (sete) em todas as disciplinas ou módulos, obtida através de provas escritas ou práticas.
No último semestre do curso deverá ser elaborado, individualmente e sob a orientação dos profess"
DOC002_C3_0005,DOC002,Secretaria,Serviços ao aluno / Administrativo,Alta,https://portal.fei.edu.br/secretaria,C3,1200,200,5,1200,"ovação de 7.0 (sete) em todas as disciplinas ou módulos, obtida através de provas escritas ou práticas.
No último semestre do curso deverá ser elaborado, individualmente e sob a orientação dos professores, um
trabalho prático, que consistirá de uma monografia ou projeto, de apresentação e aprovação (nota mínima
7,0) obrigatórias para a obtenção do Certificado de Aprovação.
Mestrado / Doutorado
Documentos para Inscrição:
Ficha de inscrição devidamente preenchida, fornecida no local ou via internet
2 cartas de recomendação
Cópia do diploma do Curso Superior devidamente registrado ou documento comprobatório da obtenção do
grau (apresentar o original)
Cópia do Histórico Escolar do Curso Superior (apresentar o original)
Curriculum Vitae atualizado
Cópia dos seguintes documentos pessoais: Carteira de Identidade e CPF (apresentar os originais)
Cópia da Certidão de Nascimento ou de Casamento (apresentar o original)
Cópia de Comprovante de Residência
2 fotos recentes 2x2
Importante:
Somente será dispensada a apresentação dos originais, se as cópias estiverem
autenticadas.
Condições de Oferta de Cursos
Programas de Cursos de Graduação
Relação dos Dirigentes
Relação do Corpo Docente
Infraestr"
DOC002_C3_0006,DOC002,Secretaria,Serviços ao aluno / Administrativo,Alta,https://portal.fei.edu.br/secretaria,C3,1200,200,6,1199,"á dispensada a apresentação dos originais, se as cópias estiverem
autenticadas.
Condições de Oferta de Cursos
Programas de Cursos de Graduação
Relação dos Dirigentes
Relação do Corpo Docente
Infraestrutura campus São Bernardo do Campo
Infraestrutura campus São Paulo
Biblioteca
Critérios de Avaliação
Resultados Obtidos nas Últimas Avaliações
Valor Corrente das Taxas
Projetos Pedagógicos de Curso
Administração
Ciência da Computação
Engenharia Civil
Engenharia de Automação e Controle
Engenharia Eletrica
Engenharia de Materiais
Engenharia de Mecânica
Engenharia de Produção
Engenharia de Química
Engenharia de Robôs
Engenharia de Têxtil
Relação de Dirigentes
Prof. Dr. Vagner Bernal Barbeta
Reitor da FEI.
Prof. Dr. Ricado Belchior Torres
Vice-Reitor de Ensino e Pesquisa da FEI e Coordenador do Programa de Pós-graduação em Engenharia Química, nível de Mestrado
Profa. Dra. Michelly de Souza
Vice-Reitora de Extensão e Atividades Comunitárias da FEI
Profa. Dra. Aline Faria
Coordenadora do Curso e Chefe do Departamento de Administração do Campus SP
Profa. Dra. Maria Laura Ferranty Mac Lennan
Coordenadora de Curso e Chefe do Departamento de Administração SBC
Profa. Dra. Leila Cristina Carneiro"
DOC002_C3_0007,DOC002,Secretaria,Serviços ao aluno / Administrativo,Alta,https://portal.fei.edu.br/secretaria,C3,1200,200,7,1199,"Chefe do Departamento de Administração do Campus SP
Profa. Dra. Maria Laura Ferranty Mac Lennan
Coordenadora de Curso e Chefe do Departamento de Administração SBC
Profa. Dra. Leila Cristina Carneiro Bergamasco
Chefe do Departamento e Coordenadora dos Cursos de Ciência da Computação e de Ciência de Dados e Inteligência Artificial
Prof. Dr. Rafael Barreto Castelo da Cruz
Coordenador de Curso e Chefe do Departamento de Engenharia Civil
Prof. Dr. Marcelo Pavanello
Coordenador do Curso e Chefe do Departamento de Engenharia Elétrica e Coordenador do Curso de Engenharia de Automação e Controle
Prof. Dr. Sandro Luís Vatanabe
Coordenador de Curso e Chefe do Departamento de Engenharia Mecânica
Profa. Dra. Adriana Martinelli C. Souza
Coordenadora do Curso e Chefe do Departamento de Engenharia de Materiais
Prof. Dr. Marcel Heimar Ribeiro Utiyama
Coordenador de Curso e Chefe do Departamento de Engenharia de Produção
Prof. Dr. Rodrigo Condotta
Coordenador de Curso e Chefe do Departamento de Engenharia Química
Prof. Dr. Danilo Perico
Coordenador do Curso e Chefe do Departamento de Engenharia de Robôs
Profa. Dra. Monica Karrer
Chefe do Departamento de Matemática
Profa. Dra. Eliane de Fátima China"
DOC002_C3_0008,DOC002,Secretaria,Serviços ao aluno / Administrativo,Alta,https://portal.fei.edu.br/secretaria,C3,1200,200,8,1200,"ria Química
Prof. Dr. Danilo Perico
Coordenador do Curso e Chefe do Departamento de Engenharia de Robôs
Profa. Dra. Monica Karrer
Chefe do Departamento de Matemática
Profa. Dra. Eliane de Fátima Chinaglia
Chefe do Departamento de Física
Prof. Dr. Raúl Cesar Gouveia Fernandes
Chefe do Departamento de Ciências Sociais e Jurídicas
Profª Drª Maria Tereza Saraiva de Souza
Coordenadora do Programa de Pós-graduação Stricto Sensu em Administração
Prof. Dr. Rodrigo Magnabosco
Coordenador do Programa de Pós Graduação em Engenharia Mecânica, nível de Mestrado
Prof. Dr. Carlos Eduardo Thomaz
Coordenador do Programa de Pós-graduação Stricto Sensu em Engenharia Elétrica, nível de Mestrado
Prof. Dr. Roberto Baginski Batista Santos
Coordenador da Agência FEI de Inovação - AGFEI
Legislação
Resolução R-04-2011 - Regulamenta Núcleo Docente Estruturante
Regimento Geral do Centro Universitário da Fundação Educacional Inaciana Padre Sabóia de Medeiros
Estatuto do Centro Universitário da Fundação Educacional Inaciana Pe. Sabóia de Medeiros
Portarias de Reconhecimento
Regimento da Pós-graduação Stricto Sensu do Centro Universitário da FEI - Resolução R-05-2010
Transferências Externas
O Centro Universitári"
DOC002_C3_0009,DOC002,Secretaria,Serviços ao aluno / Administrativo,Alta,https://portal.fei.edu.br/secretaria,C3,1200,200,9,1199,"Inaciana Pe. Sabóia de Medeiros
Portarias de Reconhecimento
Regimento da Pós-graduação Stricto Sensu do Centro Universitário da FEI - Resolução R-05-2010
Transferências Externas
O Centro Universitário FEI autoriza a transferência externa de alunos procedentes de outras instituições, para
prosseguimento de estudos em áreas afins aos cursos de graduação em Administração, Ciência da Computação e Engenharia desde
que respeitadas as vagas existentes no curso requerido e os seguintes critérios:
Não serão permitidas, em hipótese alguma, transferências para o primeiro período dos referidos cursos;
O deferimento da solicitação de transferência estará condicionado a uma rigorosa análise do histórico escolar
e do rendimento acadêmico do requerente;
O requerente deverá ser proveniente de curso devidamente reconhecido pelo MEC;
Os requerimentos de solicitação de transferência externa, devidamente instruídos pelos documentos necessários,
deverão ser requeridos pelo interessado no prazo estabelecido e divulgado semestralmente pela secretaria;
Uma vez aceita a condição de matrícula para o período pretendido, não caberá ao aluno recurso de qualquer
natureza ou nível. Ressaltamos que o período leti"
DOC002_C3_0010,DOC002,Secretaria,Serviços ao aluno / Administrativo,Alta,https://portal.fei.edu.br/secretaria,C3,1200,200,10,625,"e divulgado semestralmente pela secretaria;
Uma vez aceita a condição de matrícula para o período pretendido, não caberá ao aluno recurso de qualquer
natureza ou nível. Ressaltamos que o período letivo que o aluno cursar por ocasião da transferência será
considerado de adaptação;
O prazo máximo para integralização do Curso de Administração, Ciência da Computação e Engenharia é de 07 (sete) anos.
Consideramos a contagem deste prazo a partir do processo seletivo da universidade de origem.
Casos excepcionais serão apreciados pela Reitoria.
Confira a Portaria R-19/2011
Clique aqui
para conhecer os prazos
e a documentação."
DOC003_C1_0001,DOC003,Biblioteca FEI,Serviços ao aluno / Administrativo,Alta,https://portal.fei.edu.br/biblioteca,C1,500,100,1,500,"Biblioteca - FEI
Biblioteca
Pe. Aldemar
Moreira S.J.
Notícias e Eventos da Biblioteca
7º CONCURSO LITERÁRIO FEI
Faça sua inscrição preenchendo o formulário abaixo:
Clique aqui
A Biblioteca
Redes Sociais:
/biblioteca.fei
@FEIbiblioteca
@FEIbiblioteca
Conheça a biblioteca
A Biblioteca do Centro Universitário FEI foi instalada em 29 de março de 1946, começando a funcionar em 11 de
dezembro de 1950.
Atualmente, a Biblioteca Pe. Aldemar Moreira está dividida em duas unidades, uma situada no campus Sã"
DOC003_C1_0002,DOC003,Biblioteca FEI,Serviços ao aluno / Administrativo,Alta,https://portal.fei.edu.br/biblioteca,C1,500,100,2,500,"tualmente, a Biblioteca Pe. Aldemar Moreira está dividida em duas unidades, uma situada no campus São Bernardo do
Campo e outra no campus São Paulo.
Disponibiliza a seus usuários um grande e valioso acervo de informações e cultura, composto por livros e uma
expressiva quantidade de revistas, periódicos, multimeios e bases de dados com ampla variedade de temas que vão ao
encontro das necessidades acadêmicas, além da Biblioteca Digital de Teses e Dissertações.
O acervo da Biblioteca do Centro Univ"
DOC003_C1_0003,DOC003,Biblioteca FEI,Serviços ao aluno / Administrativo,Alta,https://portal.fei.edu.br/biblioteca,C1,500,100,3,500,"cadêmicas, além da Biblioteca Digital de Teses e Dissertações.
O acervo da Biblioteca do Centro Universitário FEI está disponível para consulta dos alunos, funcionários e
ex-alunos da Instituição.
Bases
Clique nas imagens abaixo para acessar.
Horário de Funcionamento
De Segunda a Sexta-Feira:
Campus SBC das 08h00 às 21h45
Campus SP das 08h00 às 21h15
Aos Sábados:
Campus SBC das 09h30 às 13h15
Campus SP - Fechada
Horário Durante as Férias
De Segunda a Sexta-Feira:
Campus SBC das 08h00 às 18h45
Ca"
DOC003_C1_0004,DOC003,Biblioteca FEI,Serviços ao aluno / Administrativo,Alta,https://portal.fei.edu.br/biblioteca,C1,500,100,4,500,"us SP - Fechada
Horário Durante as Férias
De Segunda a Sexta-Feira:
Campus SBC das 08h00 às 18h45
Campus SP 08h00 às 17h45
Deixe sua sugestão
Nome
*
E-mail
*
Telefone
Celular
*
Mensagem
*
BASES DE DADOS – ACESSO RESTRITO
EBSCO (
Acessar bases de dados
)
Academic Search Complete
Base de dados de texto completo multidisciplinar, mais valiosa do mundo e mais abrangente academicamente, com mais de 8.500 periódicos de texto completo, incluindo mais de 7.300 periódicos revisados por especialistas. Alé"
DOC003_C1_0005,DOC003,Biblioteca FEI,Serviços ao aluno / Administrativo,Alta,https://portal.fei.edu.br/biblioteca,C1,500,100,5,499,"00 periódicos de texto completo, incluindo mais de 7.300 periódicos revisados por especialistas. Além de texto completo, essa base de dados oferece resumos para mais de 12.500 periódicos e um total de mais de 13.200 publicações, incluindo monografias, relatórios, documentos de conferências, etc. A base de dados apresenta conteúdo em PDF que remonta a 1887, com a maioria de títulos de texto completo em formato PDF nativo (pesquisável). São fornecidas referências citadas pesquisáveis para mais de"
DOC003_C1_0006,DOC003,Biblioteca FEI,Serviços ao aluno / Administrativo,Alta,https://portal.fei.edu.br/biblioteca,C1,500,100,6,500,"o em formato PDF nativo (pesquisável). São fornecidas referências citadas pesquisáveis para mais de 1.400 periódicos.
Business Source Complete
É a mais completa base de dados acadêmica na área de negócios do mundo, que oferece a melhor coleção de conteúdo bibliográfico e em texto completo. Como parte da cobertura abrangente oferecida por esta base de dados, também estão incluídos os índices e resumos dos periódicos científicos acadêmicos mais importantes desde 1886, além das referências pesquisá"
DOC003_C1_0007,DOC003,Biblioteca FEI,Serviços ao aluno / Administrativo,Alta,https://portal.fei.edu.br/biblioteca,C1,500,100,7,500,"mos dos periódicos científicos acadêmicos mais importantes desde 1886, além das referências pesquisáveis citadas fornecidas de mais de 1.300 periódicos científicos.
Fuente Académica Premier
É uma coleção de rápida expansão de mais de 1.000 revistas científicas da América Latina, Portugal e Espanha. Todos os temas principais são abordados com ênfase particular na agricultura, ciências biológicas, economia, história, direito, literatura, filosofia, psicologia, administração pública, religião e soc"
DOC003_C1_0008,DOC003,Biblioteca FEI,Serviços ao aluno / Administrativo,Alta,https://portal.fei.edu.br/biblioteca,C1,500,100,8,500,"conomia, história, direito, literatura, filosofia, psicologia, administração pública, religião e sociologia. É uma ferramenta indispensável de alcance excepcional projetada para pesquisa acadêmica, em formato PDF. A base de dados é atualizada semanalmente.
Psychology and Behavioral Sciences Collection
Banco de dados abrangente que cobre informações relativas a tópicos em características comportamentais e emocionais, psiquiatria e psicologia, processos mentais, antropologia, métodos experimentais"
DOC003_C1_0009,DOC003,Biblioteca FEI,Serviços ao aluno / Administrativo,Alta,https://portal.fei.edu.br/biblioteca,C1,500,100,9,499,"ntais e emocionais, psiquiatria e psicologia, processos mentais, antropologia, métodos experimentais e observacionais. Esse é o maior banco de dados de texto completo do mundo, oferecendo abrangência de texto completo para quase 400 periódicos.
Computer Source
Oferece a pesquisadores as últimas informações e tendências em alta tecnologia. Essa base de dados oferece o texto completo de aproximadamente 300 publicações, além de índices e resumos de cerca de 450 publicações.
GreenFILE
Base de dados"
DOC003_C1_0010,DOC003,Biblioteca FEI,Serviços ao aluno / Administrativo,Alta,https://portal.fei.edu.br/biblioteca,C1,500,100,10,500,"nte 300 publicações, além de índices e resumos de cerca de 450 publicações.
GreenFILE
Base de dados que oferece ótimas informações de pesquisa cobrindo todos os aspectos do impacto humano no meio ambiente. Sua coleção de títulos de interesse acadêmico, governamental e geral incluem conteúdos sobre aquecimento global, construções ecológicas, poluição, agricultura sustentável, energia renovável, reciclagem e mais. A base de dados oferece índice e resumos de mais de 1.000.000 registros, bem como Li"
DOC003_C1_0011,DOC003,Biblioteca FEI,Serviços ao aluno / Administrativo,Alta,https://portal.fei.edu.br/biblioteca,C1,500,100,11,499,"iclagem e mais. A base de dados oferece índice e resumos de mais de 1.000.000 registros, bem como Livre Acesso a textos completos de mais de 15,000 registros.
Target – GedWeb
Sistema de Gestão de Normas e Documentos Regulatórios, foi desenvolvido para gerenciar grandes acervos de normas e informações técnicas.
Clique aqui para acessar
PORTAL DE PERIÓDICOS DA CAPES
O Portal Capes, além do conteúdo de acesso restrito, reúne uma seleção de bases de dados, páginas, portais e bibliotecas virtuais de"
DOC003_C1_0012,DOC003,Biblioteca FEI,Serviços ao aluno / Administrativo,Alta,https://portal.fei.edu.br/biblioteca,C1,500,100,12,500,"de acesso restrito, reúne uma seleção de bases de dados, páginas, portais e bibliotecas virtuais de acesso livre.
ASME
Desde 1880, o ASME Journal Program tem usado uma avaliação rigorosa e revisada por pares para publicar pesquisas da mais alta qualidade e torná-las disponíveis para profissionais de engenharia que buscam mudar o mundo. Os diários da ASME são vitais para manter os engenheiros atualizados com a teoria, prática e aplicação atuais.
ASTM International (American Society for Testing an"
DOC003_C1_0013,DOC003,Biblioteca FEI,Serviços ao aluno / Administrativo,Alta,https://portal.fei.edu.br/biblioteca,C1,500,100,13,500,"izados com a teoria, prática e aplicação atuais.
ASTM International (American Society for Testing and Materials)
É um órgão que tem como responsabilidade o desenvolvimento e a publicação de normas técnicas aplicadas para diversos produtos, materiais, serviços e sistemas. É equivalente à ABNT, Associação Brasileira de Normas Técnicas.
Criada no ano de 1898 por um grupo de cientistas e de engenheiros, a ASTM tem um papel entre os padrões de desenvolvedores nos Estados Unidos. É considerada a maior"
DOC003_C1_0014,DOC003,Biblioteca FEI,Serviços ao aluno / Administrativo,Alta,https://portal.fei.edu.br/biblioteca,C1,500,100,14,500,"s, a ASTM tem um papel entre os padrões de desenvolvedores nos Estados Unidos. É considerada a maior incorporadora mundial de normas.
SCOPUS (Elsevier)
Scopus é o maior banco de dados de resumos e citações da literatura com revisão por pares: revistas científicas, livros, processos de congressos e publicações do setor. Oferecendo um panorama abrangente da produção de pesquisas do mundo nas áreas de ciência, tecnologia, medicina, ciências sociais, artes e humanidades.
SpringerLink
A Springer é um"
DOC003_C1_0015,DOC003,Biblioteca FEI,Serviços ao aluno / Administrativo,Alta,https://portal.fei.edu.br/biblioteca,C1,500,100,15,500,"e ciência, tecnologia, medicina, ciências sociais, artes e humanidades.
SpringerLink
A Springer é um portfólio científico, técnico e médico líder global, fornecendo aos pesquisadores da academia, instituições científicas e departamentos de P&D corporativos conteúdo de qualidade por meio de informações, produtos e serviços inovadores.
Web of Science (Thomson Reuters Scientific)
O banco de dados de resumos da Web of Science (WOS) é um dos recursos mais extensos do mundo para citação, indexação e a"
DOC003_C1_0016,DOC003,Biblioteca FEI,Serviços ao aluno / Administrativo,Alta,https://portal.fei.edu.br/biblioteca,C1,500,100,16,500,"resumos da Web of Science (WOS) é um dos recursos mais extensos do mundo para citação, indexação e análise de citações de uma ampla variedade de trabalhos científicos em todos os campos científicos possíveis.
Science Direct (Elsevier)
A ScienceDirect combina publicações confiáveis de textos completos nas áreas científica, técnica e de saúde com funções inteligentes e intuitivas para que os usuários possam se manter informados em suas áreas e trabalhar com maior eficiência e efetividade.
Wiley On"
DOC003_C1_0017,DOC003,Biblioteca FEI,Serviços ao aluno / Administrativo,Alta,https://portal.fei.edu.br/biblioteca,C1,500,100,17,500,"s possam se manter informados em suas áreas e trabalhar com maior eficiência e efetividade.
Wiley Online Library
Cobre as áreas de Ciências Biológicas, Ciências da Saúde, Ciências Exatas e da Terra, Ciências Agrárias, Ciências Sociais Aplicadas, Ciências Humanas e Linguística, Letras e Artes.
JSTOR
JSTOR Arts & Sciences I Collection (Humanities). Inclui o acervo completo de títulos contendo 176 periódicos e abrangendo 35 disciplinas, incluindo as mais importantes publicações de sociedades voltad"
DOC003_C1_0018,DOC003,Biblioteca FEI,Serviços ao aluno / Administrativo,Alta,https://portal.fei.edu.br/biblioteca,C1,500,100,18,500,"riódicos e abrangendo 35 disciplinas, incluindo as mais importantes publicações de sociedades voltadas para as áreas de economia, história, ciências políticas, sociologia, assim como outros importantes títulos em ecologia, matemática e estatística. Coleção de títulos retrospectivos.
JSTOR Arts & Sciences III Collection (Social Sciences). Base de dados contendo os arquivos de contém 223 periódicos provenientes de importantes sociedades científicas, inclui revistas em línguas e literatura, bem com"
DOC003_C1_0019,DOC003,Biblioteca FEI,Serviços ao aluno / Administrativo,Alta,https://portal.fei.edu.br/biblioteca,C1,500,100,19,500,"provenientes de importantes sociedades científicas, inclui revistas em línguas e literatura, bem como títulos essenciais nas áreas da música, estudos de cinema, folclore, artes cênicas, religião e história e estudo da arte e arquitetura.
JSTOR Mathematics & Statistics. A coleção JSTOR Mathematics & Statistics contém 107 títulos revisados por pares em texto completo, nas ciências matemáticas e estatísticas.
AUSJAL (
Acessar bases de dados
)
O repositório AUSJAL captura, armazena, indexa, preserva"
DOC003_C1_0020,DOC003,Biblioteca FEI,Serviços ao aluno / Administrativo,Alta,https://portal.fei.edu.br/biblioteca,C1,500,100,20,500,"tísticas.
AUSJAL (
Acessar bases de dados
)
O repositório AUSJAL captura, armazena, indexa, preserva e distribui material acadêmico e de pesquisa em formato digital, das diversas instituições de ensino superior na rede de Universidades confiadas à Companhia de Jesus na América Latina.
BASES DE DADOS – ACESSO ABERTO
Biblioteca Digital Ibict
O ibict integra os sistemas de informação de teses e dissertações existentes nas instituições de ensino e pesquisa do Brasil, e também estimula o registro e a"
DOC003_C1_0021,DOC003,Biblioteca FEI,Serviços ao aluno / Administrativo,Alta,https://portal.fei.edu.br/biblioteca,C1,500,100,21,500,"rtações existentes nas instituições de ensino e pesquisa do Brasil, e também estimula o registro e a publicação de teses e dissertações em meio eletrônico.
Acessar Base
Scielo – Periódicos
Biblioteca eletrônica que abrange uma coleção selecionada de periódicos científicos.
Acessar Base
Spell
Biblioteca eletrônica que disponibiliza a produção de periódicos científicos para consulta e download. Concentra-se inicialmente, nas áreas de Administração, Contabilidade e Turismo.
Acessar Base
Researchgat"
DOC003_C1_0022,DOC003,Biblioteca FEI,Serviços ao aluno / Administrativo,Alta,https://portal.fei.edu.br/biblioteca,C1,500,100,22,500,"entra-se inicialmente, nas áreas de Administração, Contabilidade e Turismo.
Acessar Base
Researchgate
É uma rede social criada em 2008, com a missão de conectar o mundo da ciência e tornar a pesquisa aberta para todos, pesquisadores como o cientista, o clínico, o estudante, o engenheiro, o trabalhador de saúde pública, o técnico de laboratório, o cientista da computação disponibilizam e compartilham seus trabalhos na plataforma.
Acessar Base
Academia
Academia é uma plataforma de compartilhamento"
DOC003_C1_0023,DOC003,Biblioteca FEI,Serviços ao aluno / Administrativo,Alta,https://portal.fei.edu.br/biblioteca,C1,500,100,23,500,"am seus trabalhos na plataforma.
Acessar Base
Academia
Academia é uma plataforma de compartilhamento de pesquisas acadêmicas. Os acadêmicos carregaram 22 milhões de artigos e 31 milhões de acadêmicos, profissionais e estudantes leem artigos na Academia todos os meses.
Acessar Base
CiteSeer
É uma biblioteca digital de literatura científica em evolução e mecanismo de pesquisa que se concentrou principalmente na literatura em ciência da computação e da informação. Fornece recurso como algoritmos, d"
DOC003_C1_0024,DOC003,Biblioteca FEI,Serviços ao aluno / Administrativo,Alta,https://portal.fei.edu.br/biblioteca,C1,500,100,24,500,"ipalmente na literatura em ciência da computação e da informação. Fornece recurso como algoritmos, dados, metadados, serviços, técnicas e software que podem ser usados para promover outras bibliotecas.
Acessar Base
E-books – Acesso restrito
eBook Academic Collection (EBSCOhost)
(
Acessar bases de dados
)
Este crescente pacote de assinatura contém um vasto conjunto de títulos e-Book multidisciplinares que representam uma ampla cadeia de assuntos acadêmicos e um forte complemento para qualquer col"
DOC003_C1_0025,DOC003,Biblioteca FEI,Serviços ao aluno / Administrativo,Alta,https://portal.fei.edu.br/biblioteca,C1,500,100,25,500,"res que representam uma ampla cadeia de assuntos acadêmicos e um forte complemento para qualquer coleção acadêmica. A quantidade de informações disponíveis neste pacote garante que os usuários tenham acesso a informações relevantes para as suas necessidades de pesquisa.
E-books – Acesso gratuito
Aplauso - Letras e Artes
A coleção Aplauso, foi lançada pela Imprensa Oficial. Neste site você encontra biografias de artistas, cineastas e dramaturgos além de roteiros de cinema, peças de teatro e a his"
DOC003_C1_0026,DOC003,Biblioteca FEI,Serviços ao aluno / Administrativo,Alta,https://portal.fei.edu.br/biblioteca,C1,500,100,26,498,"biografias de artistas, cineastas e dramaturgos além de roteiros de cinema, peças de teatro e a história de diversas emissoras de TV.
Acessar base
Biblioteca Digital da Administração Pública
A Biblioteca Digital da Administração Pública é um espaço para o compartilhamento de conteúdo relevante sobre gestão pública, economia no setor público e políticas públicas.
Acessar base
Blucher Open Acess
Open Access é uma forma de publicar trabalhos científicos/acadêmicos e disponibilizá-los on-line para"
DOC003_C1_0027,DOC003,Biblioteca FEI,Serviços ao aluno / Administrativo,Alta,https://portal.fei.edu.br/biblioteca,C1,500,100,27,500,"en Access é uma forma de publicar trabalhos científicos/acadêmicos e disponibilizá-los on-line para qualquer pessoa interessada sem nenhum custo para o leitor.
Acessar base
Doab Books
O Directory of Open Access Books (DOAB) é um serviço de descoberta de livros de acesso aberto. O DOAB fornece um índice pesquisável para monografias revisadas por pares e coleções editadas publicadas sob uma licença de acesso aberto, com links para os textos completos das publicações no site da editora ou repositór"
DOC003_C1_0028,DOC003,Biblioteca FEI,Serviços ao aluno / Administrativo,Alta,https://portal.fei.edu.br/biblioteca,C1,500,100,28,499,"de acesso aberto, com links para os textos completos das publicações no site da editora ou repositório.
Acessar base
Editora da UNESP
Cultura Acadêmica é o segundo selo da Fundação Editora da UNESP, cujp selo central é o Editora UNESP, que existe desde 1987 e tounou-se marca já consagrada com um catálogo que caracteriza como editora universitária de destaque junto ao leitor brasileiro e ibero americano.
Livros para download gratuitos da editora UNESP.
Acessar base
LabCom - Universidade da Beira"
DOC003_C1_0029,DOC003,Biblioteca FEI,Serviços ao aluno / Administrativo,Alta,https://portal.fei.edu.br/biblioteca,C1,500,100,29,499,"icano.
Livros para download gratuitos da editora UNESP.
Acessar base
LabCom - Universidade da Beira Interior (Portugal)
LabCom Books é uma plataforma de publicação transdisciplinar e multidisciplinar dedicada à publicação online de livros científicos nas áreas da Comunicação, Filosofia e Humanidades. Projetado para a difusão universal da ciência e do conhecimento, o LabCom Books publica e-books em acesso aberto em português, inglês e outros idiomas.
Acessar base
Open Library
A Biblioteca Aberta"
DOC003_C1_0030,DOC003,Biblioteca FEI,Serviços ao aluno / Administrativo,Alta,https://portal.fei.edu.br/biblioteca,C1,500,100,30,498,"acesso aberto em português, inglês e outros idiomas.
Acessar base
Open Library
A Biblioteca Aberta é um projeto do Internet Archive sem fins lucrativos e foi financiado em parte por uma doação da Biblioteca do Estado da Califórnia e da Fundação Kahle / Austin.
Acessar base
SciElo Livros
O SciELO Livros opera como rede cooperativa de editoras universitárias e outras editoras que publicam livros de caráter científico, assim como de instituições intermediárias e usuárias de informação científica."
DOC003_C1_0031,DOC003,Biblioteca FEI,Serviços ao aluno / Administrativo,Alta,https://portal.fei.edu.br/biblioteca,C1,500,100,31,498,"caráter científico, assim como de instituições intermediárias e usuárias de informação científica.
Acessar base
Portal Domínio Público
Este portal constitui-se em um ambiente virtual que permite a coleta, a integração, a preservação e o compartilhamento de conhecimentos, sendo seu principal objetivo o de promover o amplo acesso às obras literárias, artísticas e científicas (na forma de textos, sons, imagens e vídeos), já em domínio público ou que tenham a sua divulgação devidamente autorizada,"
DOC003_C1_0032,DOC003,Biblioteca FEI,Serviços ao aluno / Administrativo,Alta,https://portal.fei.edu.br/biblioteca,C1,500,100,32,500,"ns, imagens e vídeos), já em domínio público ou que tenham a sua divulgação devidamente autorizada, que constituem o patrimônio cultural brasileiro e universal.
Acessar base
Fundação Biblioteca Nacional – BNDigital
A Biblioteca Nacional Digital faz parte da Fundação Biblioteca Nacional.
A BNDigital disponibiliza apenas documentos em domínio público ou com autorização de publicação do titular do direito autoral
Acessar base
Trabalhos Acadêmicos
Ficha Catalográfica
A biblioteca da FEI disponibiliz"
DOC003_C1_0033,DOC003,Biblioteca FEI,Serviços ao aluno / Administrativo,Alta,https://portal.fei.edu.br/biblioteca,C1,500,100,33,500,"reito autoral
Acessar base
Trabalhos Acadêmicos
Ficha Catalográfica
A biblioteca da FEI disponibiliza para seus usuários o sistema para elaboração de fichas catalográficas que foi desenvolvido pelo ICMC/USP e gentilmente cedido para ser adaptado às necessidades de sua comunidade acadêmica.
A partir de outubro de 2015 a ficha catalográfica passa a ser elaborada pelo próprio usuário e deve ser impressa no verso da página/folha de rosto.
É um elemento obrigatório em trabalhos acadêmicos e sua elabo"
DOC003_C1_0034,DOC003,Biblioteca FEI,Serviços ao aluno / Administrativo,Alta,https://portal.fei.edu.br/biblioteca,C1,500,100,34,500,"ssa no verso da página/folha de rosto.
É um elemento obrigatório em trabalhos acadêmicos e sua elaboração é feita com as informações fundamentais para a identificação do documento, entre elas: autor e orientador, título, total de folhas, assunto, palavras-chave, etc.
Dúvidas e sugestões podem ser enviadas através do email:
bib_digital@fei.edu.br
Clique aqui para elaborar sua Ficha Catalográfica
Procedimento para entrega de Trabalhos Acadêmicos
Os trabalhos acadêmicos devem ser entregues de acord"
DOC003_C1_0035,DOC003,Biblioteca FEI,Serviços ao aluno / Administrativo,Alta,https://portal.fei.edu.br/biblioteca,C1,500,100,35,500,"ocedimento para entrega de Trabalhos Acadêmicos
Os trabalhos acadêmicos devem ser entregues de acordo com os procedimentos da secretaria do curso. Cabe ao orientador, juntamente com a secretaria, definir quais trabalhos serão entregues, assim como, efetuar a entrega na biblioteca.
Alguns procedimentos são obrigatórios para que essa entrega seja realizada:
a) o trabalho acadêmico dever ser normalizado de acordo com as orientações do Guia para Elaboração de Trabalhos Acadêmicos da FEI;
b) a submis"
DOC003_C1_0036,DOC003,Biblioteca FEI,Serviços ao aluno / Administrativo,Alta,https://portal.fei.edu.br/biblioteca,C1,500,100,36,500,"ado de acordo com as orientações do Guia para Elaboração de Trabalhos Acadêmicos da FEI;
b) a submissão dos trabalhos de Conclusão de Curso, deverá ser feita pelo professor orientador;
c) para que o trabalho seja disponibilizado no repositório é necessário:
- PDF/A do documento original;
- termo de autorização para a publicação eletrônica preenchido e assinado por todos os autores do trabalho.
d) a biblioteca não recebe trabalhos enviados pelos alunos.
Termos de autorização
Artigo de periódico -"
DOC003_C1_0037,DOC003,Biblioteca FEI,Serviços ao aluno / Administrativo,Alta,https://portal.fei.edu.br/biblioteca,C1,500,100,37,499,"a biblioteca não recebe trabalhos enviados pelos alunos.
Termos de autorização
Artigo de periódico - (EM GRUPO)
Artigo de periódico - (INDIVIDUAL)
Trabalho de Conclusão de Curso - TCC - (EM GRUPO)
Trabalho de Conclusão de Curso - TCC - (INDIVIDUAL)
Autorização e termo de encaminhamento - TESES E DISSERTAÇÕES - (INDIVIDUAL)
Combate ao Plágio
A biblioteca do Centro Universitário FEI, por recomendação da Coordenação de Aperfeiçoamento de Pessoal de Nível Superior (CAPES), divulga ao seu público um"
DOC003_C1_0038,DOC003,Biblioteca FEI,Serviços ao aluno / Administrativo,Alta,https://portal.fei.edu.br/biblioteca,C1,500,100,38,500,"o da Coordenação de Aperfeiçoamento de Pessoal de Nível Superior (CAPES), divulga ao seu público um texto informativo, com intuito de coibir o plágio nas produções acadêmicas desenvolvidas na IES.
Para auxiliá-los segue opções gratuitas de detecção de plágio:
Farejador de Plágio
Site:
http://www.plagiarismcombat.com/
Plagium
Site:
http://www.plagium.com/
Plagiarisma
Site:
http://plagiarisma.net/
Saiba mais sobre o plágio,
clique aqui!
Treinamento sobre plágio faça sua inscrição: clique aqui
Orie"
DOC003_C1_0039,DOC003,Biblioteca FEI,Serviços ao aluno / Administrativo,Alta,https://portal.fei.edu.br/biblioteca,C1,500,100,39,500,"aiba mais sobre o plágio,
clique aqui!
Treinamento sobre plágio faça sua inscrição: clique aqui
Orientação para normalização de trabalhos acadêmicos
Guia para elaboração de trabalhos acadêmicos da FEI
O guia substitui o Manual para apresentação formal de trabalhos acadêmicos. Elaborado de acordo com as normas vigentes da Associação Brasileira de Normas Técnicas (ABNT), traz um novo formato, além de novos exemplos com uma linguagem simples para facilitar a compreensão dos usuários.
Informamos que"
DOC003_C1_0040,DOC003,Biblioteca FEI,Serviços ao aluno / Administrativo,Alta,https://portal.fei.edu.br/biblioteca,C1,500,100,40,500,"e novos exemplos com uma linguagem simples para facilitar a compreensão dos usuários.
Informamos que o guia está disponível somente na versão eletrônica.
O seu enfoque não é só a padronização disponibilizada através das normas estabelecidas, mas principalmente a qualidade dos trabalhos apresentados na instituição.
Citação
Estrutura
Referências
A biblioteca disponibiliza os tutoriais de configuração do Word e uma template do trabalho pronto, mais um recurso para ajudá-lo na estruturação do TCC.
T"
DOC003_C1_0041,DOC003,Biblioteca FEI,Serviços ao aluno / Administrativo,Alta,https://portal.fei.edu.br/biblioteca,C1,500,100,41,500,"o do Word e uma template do trabalho pronto, mais um recurso para ajudá-lo na estruturação do TCC.
Template do trabalho acadêmico
Template dos trabalhos de iniciação científica
Template do plano de negócios elaborado para o curso de administração
Template de Artigo INOVAFEI
Tutorial de paginação
Tutorial de sumário
Tutorial de lista de ilustrações
Tutorial de lista de tabelas
Tutorial para salvar arquivo como PDF/A
Classe LaTeX da para TCCs, Dissertações e Teses da FEI
A classe LaTeX da FEI é um"
DOC003_C1_0042,DOC003,Biblioteca FEI,Serviços ao aluno / Administrativo,Alta,https://portal.fei.edu.br/biblioteca,C1,500,100,42,499,"arquivo como PDF/A
Classe LaTeX da para TCCs, Dissertações e Teses da FEI
A classe LaTeX da FEI é um arquivo de formatação de trabalhos acadêmicos para usuários de LaTeX, de acordo com as normas de formatação do Centro Universitário FEI. Ela está disponível nas principais distribuições de LaTeX (
MikTeX
no Windows,
MacTeX
no MacOS e
TeX Live
no Linux), possui um manual de utilização em PDF e um
template
para ajudar usuários a iniciar seus trabalhos acadêmicos.
Classe LaTex para artigos do INOVA"
DOC003_C1_0043,DOC003,Biblioteca FEI,Serviços ao aluno / Administrativo,Alta,https://portal.fei.edu.br/biblioteca,C1,500,100,43,500,"mplate
para ajudar usuários a iniciar seus trabalhos acadêmicos.
Classe LaTex para artigos do INOVA FEI
A Classe LaTex é um
arquivo
de formatação para artigos do INOVA FEI
Mecanismo Online para Referências (MORE)
MORE é uma ferramenta gratuita e fácil de usar, que produz automaticamente citações no texto e referências no formato ABNT.
Clique aqui para acessar o MORE.
Mendeley
O Mendeley é considerado uma rede social acadêmica que conecta pesquisadores e permite gerenciar referências, buscar, arq"
DOC003_C1_0044,DOC003,Biblioteca FEI,Serviços ao aluno / Administrativo,Alta,https://portal.fei.edu.br/biblioteca,C1,500,100,44,500,"ado uma rede social acadêmica que conecta pesquisadores e permite gerenciar referências, buscar, arquivar e compartilhar documentos.
Clique aqui para acessar o Mendeley.
Bitly
bitly é um dos mais famosos gerenciadores e encurtadores de URL da internet. Confira!
Clique aqui para acessar o bitly.
Serviços
Empréstimo
A biblioteca oferece aos seus usuários o serviço de empréstimos de materiais pertencentes ao acervo, o que consiste nas retiradas dos materiais para uso fora de suas dependências. Qual"
DOC003_C1_0045,DOC003,Biblioteca FEI,Serviços ao aluno / Administrativo,Alta,https://portal.fei.edu.br/biblioteca,C1,500,100,45,500,"entes ao acervo, o que consiste nas retiradas dos materiais para uso fora de suas dependências. Qualquer débito com a biblioteca (atraso na devolução, multas pendentes, etc.) ocasiona na suspensão do direito de empréstimos de materiais.
*Obras de referência (dicionários, enciclopédias, etc.), periódicos (jornais e revistas) e normas técnicas não circulam. No campus São Bernardo é possível emprestar, por um dia, dicionários em épocas de provas.
Clique aqui e veja os procedimentos
Renovação
Os mat"
DOC003_C1_0046,DOC003,Biblioteca FEI,Serviços ao aluno / Administrativo,Alta,https://portal.fei.edu.br/biblioteca,C1,500,100,46,500,"r, por um dia, dicionários em épocas de provas.
Clique aqui e veja os procedimentos
Renovação
Os materiais podem ser renovados através do site da biblioteca pelo próprio usuário por 6 (seis) vezes consecutivas, desde que não possuam reservas, ou estejam, em atraso.
1) Para efetuar a renovação de materiais emprestados, entre em “
Acesso Usuário
”* ou se preferir, baixe o aplicativo na Apple Store ou no Google Play pelo nome “Portal FEI”.
2) Preencha os campos:
• “usuário na biblioteca” com o núme"
DOC003_C1_0047,DOC003,Biblioteca FEI,Serviços ao aluno / Administrativo,Alta,https://portal.fei.edu.br/biblioteca,C1,500,100,47,500,"u no Google Play pelo nome “Portal FEI”.
2) Preencha os campos:
• “usuário na biblioteca” com o número de matrícula (RA) para os alunos e número de identificação funcional para os professores e colaboradores;
• “senha” cadastrada no balcão de atendimento da biblioteca.
3) Clique em renovar.
4) Em caso de mais de um empréstimo;
5) Aponte para ""Empréstimo"" e clique em ""Renovação"";
6) Selecione todos os materiais e clique em ""Gravar"";
7) Surgirá na tela a confirmação de renovação com nova data de d"
DOC003_C1_0048,DOC003,Biblioteca FEI,Serviços ao aluno / Administrativo,Alta,https://portal.fei.edu.br/biblioteca,C1,500,100,48,499,"os materiais e clique em ""Gravar"";
7) Surgirá na tela a confirmação de renovação com nova data de devolução.
Reserva
Reservas só poderão ser feitas caso todos os exemplares do título desejado estejam emprestados.
1) Para efetuar a reserva de materiais acesse a página de
Consulta ao acervo
.
2) Digite o termo para pesquisa
3) Localize o título desejado e clique em reserva
4) Preencha os campos:
• “usuário na biblioteca” com o número de matrícula (RA) para os alunos e número de identificação func"
DOC003_C1_0049,DOC003,Biblioteca FEI,Serviços ao aluno / Administrativo,Alta,https://portal.fei.edu.br/biblioteca,C1,500,100,49,500,"“usuário na biblioteca” com o número de matrícula (RA) para os alunos e número de identificação funcional para os professores e colaboradores;
• “senha” cadastrada no balcão de atendimento da biblioteca.
5) Surgirá na tela a confirmação da reserva concluída; o usuário será avisado da chegada da reserva pelo e-mail atualizado em seu cadastro*.
*O título reservado, ficará disponível por 48 horas contadas a partir do recebimento do e-mail, encerrado o período estipulado, a reserva passa automaticam"
DOC003_C1_0050,DOC003,Biblioteca FEI,Serviços ao aluno / Administrativo,Alta,https://portal.fei.edu.br/biblioteca,C1,500,100,50,500,"tadas a partir do recebimento do e-mail, encerrado o período estipulado, a reserva passa automaticamente para o próximo da fila de espera.
Solicitação de Malote
O empréstimo de materiais bibliográficos entre os campi SBC e SP, traz autonomia e agilidade na solicitação de materiais que não estejam disponíveis em sua unidade de origem.
Clique aqui e confira o procedimento!
COMUT
O serviço de Comutação Bibliográfica (COMUT) oferecido pelo Instituto Brasileiro de Informação em Ciência e Tecnologia ("
DOC003_C1_0051,DOC003,Biblioteca FEI,Serviços ao aluno / Administrativo,Alta,https://portal.fei.edu.br/biblioteca,C1,500,100,51,500,"ão Bibliográfica (COMUT) oferecido pelo Instituto Brasileiro de Informação em Ciência e Tecnologia (IBICT), permite a obtenção de cópias de documento técnico-científicos (artigos de periódicos) disponíveis nos acervos das principais bibliotecas brasileiras. Através do COMUT é possível obter artigos não encontrados na Biblioteca do Centro Universitário FEI.
É um serviço pago e seu custo é de R$ 1,82 (cada 5 páginas), valor estipulado pelo IBICT e que deverá ser pago pelo usuário que solicitar o s"
DOC003_C1_0052,DOC003,Biblioteca FEI,Serviços ao aluno / Administrativo,Alta,https://portal.fei.edu.br/biblioteca,C1,500,100,52,500,"2 (cada 5 páginas), valor estipulado pelo IBICT e que deverá ser pago pelo usuário que solicitar o serviço. Atenção, antes de solicitar o seu pedido de comutação, verifique se o artigo não se encontra disponível gratuitamente na internet ou nas Bases de Dados disponíveis na página da biblioteca.
Fazer o login com usuário e senha cadastrados na biblioteca. Clicar em solicitações e selecionar comutação bibliográfica.
Clique aqui para solicitar seu artigo via COMUT
Capacitação
As capacitações relac"
DOC003_C1_0053,DOC003,Biblioteca FEI,Serviços ao aluno / Administrativo,Alta,https://portal.fei.edu.br/biblioteca,C1,500,100,53,499,"ção bibliográfica.
Clique aqui para solicitar seu artigo via COMUT
Capacitação
As capacitações relacionadas abaixo têm como objetivo habilitar o usuário no uso das ferramentas e serviços oferecidos pela biblioteca:
Normalização de trabalhos acadêmicos:
noções gerais sobre a elaboração de trabalhos acadêmicos: estrutura do trabalho, elaboração de referências e citações.
Pesquisa em bases de dados:
apresentação das bases de dados disponíveis e orientações básicas quanto à pesquisa e processamento"
DOC003_C1_0054,DOC003,Biblioteca FEI,Serviços ao aluno / Administrativo,Alta,https://portal.fei.edu.br/biblioteca,C1,500,100,54,500,"apresentação das bases de dados disponíveis e orientações básicas quanto à pesquisa e processamento dos resultados obtidos.
Plágio: entender o que é, quais os tipos e suas modalidades.
O serviço será ministrado on-line.
Para realizar a inscrição:
Treinamento ABNT: clique aqui
Treinamento de Plágio: clique aqui
Link treinamento EBSCO e Portal CAPES:
Atenção!
A biblioteca disponibilizará certificado de participação.
O serviço não possui nenhum custo e funciona durante todo o período letivo.
Espaço"
DOC003_C1_0055,DOC003,Biblioteca FEI,Serviços ao aluno / Administrativo,Alta,https://portal.fei.edu.br/biblioteca,C1,500,100,55,499,"de participação.
O serviço não possui nenhum custo e funciona durante todo o período letivo.
Espaços da Biblioteca
Campus São Bernardo do Campo
Anterior
Próximo
Campus São Paulo
Anterior
Próximo
Fale com as bibliotecárias
Informações Gerais:
info_biblio@fei.edu.br
campus
São Bernardo do Campo
(11) 4353-2900
Bibliotecárias
Denise
denises@fei.edu.br
Márcia
mmorays@fei.edu.br
campus
São Paulo
(11) 3274-5200
Bibliotecária
Patrícia
pbraghin@fei.edu.br
Responsável pelas bibliotecas:
Cintia Fernandes,"
DOC003_C1_0056,DOC003,Biblioteca FEI,Serviços ao aluno / Administrativo,Alta,https://portal.fei.edu.br/biblioteca,C1,500,100,56,500,"274-5200
Bibliotecária
Patrícia
pbraghin@fei.edu.br
Responsável pelas bibliotecas:
Cintia Fernandes, CRB-8/9403
Documentos
Plano de Contingência
Política de Desenvolvimento de Coleções
Aquisição de Livros – Formulário para solicitação de compra
Novas Aquisições - consulte as novidades no catálogo da biblioteca!
Procedimentos para Recebimento de Doações
Procedimento para emissão do ""Nada Consta""
Torre de CDs
Abstracts [of] 14th International Annual EurOMA...
Anais do Congresso Nacional de Inclusã"
DOC003_C1_0057,DOC003,Biblioteca FEI,Serviços ao aluno / Administrativo,Alta,https://portal.fei.edu.br/biblioteca,C1,500,100,57,500,"rre de CDs
Abstracts [of] 14th International Annual EurOMA...
Anais do Congresso Nacional de Inclusão & Diversidade
Anais [do] VIII SIBRAV - 2005
[Anais do] XIX ENANGRAD
[Anais do] XXIX ENEGEP 2009
Anuário Estatístico ABAL 2007
Anuário da cidade de Santo André
Atlas Multimídia: Rochas
Casos de sucesso : software livre no metrô-SP
Contabilidade inside ERP
DINAME 2011
Enciclopédia Multimídia: Minerais
skf
Italian textile machinery - ACIMIT
Anais Werice Aeroespacial
Explorer-16: microchip PIC24F de"
DOC003_C1_0058,DOC003,Biblioteca FEI,Serviços ao aluno / Administrativo,Alta,https://portal.fei.edu.br/biblioteca,C1,500,100,58,500,"is
skf
Italian textile machinery - ACIMIT
Anais Werice Aeroespacial
Explorer-16: microchip PIC24F design series
Manual de operação e manutenção do sistema de esgotos sanitários
Manual do concreto dosado em central
Mecânica automobilística : 40 anos
Mundo Logística
Políticas y sistema de autoevaluación...
RAA 2006 : [anais do] II simposio sobre reação...
Relatório de qualidade ambiental do estado de São Paulo
65º congresso anual da ABM - internacional [anais] :
ACI's 2009 manual of concrete pract"
DOC003_C1_0059,DOC003,Biblioteca FEI,Serviços ao aluno / Administrativo,Alta,https://portal.fei.edu.br/biblioteca,C1,500,100,59,500,"e São Paulo
65º congresso anual da ABM - internacional [anais] :
ACI's 2009 manual of concrete practice
Práticas Logísticas 2010
Anuário do trabalho na micro e pequena empresa 2009
Regulamento
O regulamento tem como principal objetivo estabelecer normas e procedimentos dos serviços adotados prestados pela Biblioteca.
Informações Gerais
Somente os usuários com cadastro biométrico poderão fazer uso do serviço de empréstimos de materiais;
O usuário deverá informar quaisquer anormalidades notadas em"
DOC003_C1_0060,DOC003,Biblioteca FEI,Serviços ao aluno / Administrativo,Alta,https://portal.fei.edu.br/biblioteca,C1,500,100,60,500,"do serviço de empréstimos de materiais;
O usuário deverá informar quaisquer anormalidades notadas em materiais emprestados ou consultados, sob pena de tornar-se responsável por eles;
Os materiais consultados não devem ser recolocados nas estantes, e sim deixados sobre a mesa ou nas prateleiras das pilastras;
A biblioteca dispõe de mesas para estudo individual;
É de única, total e exclusiva responsabilidade do usuário a manutenção e o cuidado pelos objetos de uso pessoal deixados nas dependências"
DOC003_C1_0061,DOC003,Biblioteca FEI,Serviços ao aluno / Administrativo,Alta,https://portal.fei.edu.br/biblioteca,C1,500,100,61,500,"abilidade do usuário a manutenção e o cuidado pelos objetos de uso pessoal deixados nas dependências da biblioteca. Recomenda-se levar todos os seus pertences ao deixar as instalações da biblioteca;
Manter o silêncio no espaço da biblioteca é indispensável para se obter o ambiente adequado ao estudo;
É vetado o uso do telefone celular e o consumo de alimentos e bebidas nas dependências da biblioteca;
Nos meses de férias escolares o horário de funcionamento da biblioteca será diferenciado;
Não se"
DOC003_C1_0062,DOC003,Biblioteca FEI,Serviços ao aluno / Administrativo,Alta,https://portal.fei.edu.br/biblioteca,C1,500,100,62,500,"ca;
Nos meses de férias escolares o horário de funcionamento da biblioteca será diferenciado;
Não será permitida a entrada de pessoas com pastas, fichários, bolsas, sacolas, pacotes, etc. Esses materiais deverão ser deixados no guarda-volumes, retirando uma chave no balcão de atendimento. A chave deverá ser devolvida no mesmo dia para que o usuário não fique suspenso por um período de 15 (quinze) dias;
O e-mail, é apenas, uma forma de lembrar o usuário da data de devolução do material, que é uma"
DOC003_C1_0063,DOC003,Biblioteca FEI,Serviços ao aluno / Administrativo,Alta,https://portal.fei.edu.br/biblioteca,C1,500,100,63,500,"dias;
O e-mail, é apenas, uma forma de lembrar o usuário da data de devolução do material, que é uma responsabilidade exclusiva dele, portanto, o não envio da mensagem, independente do motivo, não o isenta do pagamento da multa;
A justificativa de atraso na entrega do material, por impossibilidade de renovação online, não é aceita, pois caso isso ocorra, o usuário deverá entrar em contato imediatamente, para que o problema seja solucionado;
Materiais com datas de devolução vencidas deverão ser d"
DOC003_C1_0064,DOC003,Biblioteca FEI,Serviços ao aluno / Administrativo,Alta,https://portal.fei.edu.br/biblioteca,C1,500,100,64,500,"mente, para que o problema seja solucionado;
Materiais com datas de devolução vencidas deverão ser devolvidos no balcão de atendimento para pagamento da multa, uma vez que o sistema não renova materiais com data de devolução em atraso;
Ao entrar na Biblioteca com material emprestado, o usuário deverá registrar a entrada e, ao sair, registrar a saída;
Constitui responsabilidade do usuário conservar limpo e organizado os locais de estudos, o acervo, as estações multimídia e todo o ambiente de apoi"
DOC003_C1_0065,DOC003,Biblioteca FEI,Serviços ao aluno / Administrativo,Alta,https://portal.fei.edu.br/biblioteca,C1,500,100,65,498,"limpo e organizado os locais de estudos, o acervo, as estações multimídia e todo o ambiente de apoio, como mobiliário e equipamentos.
Inscrições
Para utilizar os serviços oferecidos pela biblioteca o usuário precisa efetuar seu cadastro biométrico no balcão de atendimento.
Empréstimos
O empréstimo de materiais é reservado a alunos, professores, pesquisadores e funcionários do Centro Universitário FEI;
O empréstimo é pessoal, não sendo permitida a retirada de materiais em nome de outro usuário;"
DOC003_C1_0066,DOC003,Biblioteca FEI,Serviços ao aluno / Administrativo,Alta,https://portal.fei.edu.br/biblioteca,C1,500,100,66,498,"FEI;
O empréstimo é pessoal, não sendo permitida a retirada de materiais em nome de outro usuário;
Enciclopédias, dicionários, periódicos e obras raras são consideradas “Obras Não Circulantes”;
O usuário somente poderá fazer a reserva de materiais via Catálogo online; o material reservado ficará à disposição do interessado por 48 (quarenta e oito) horas consecutivas da data do recebimento do e-mail, independentemente do horário do funcionamento da biblioteca;
Os materiais em atraso não poderão"
DOC003_C1_0067,DOC003,Biblioteca FEI,Serviços ao aluno / Administrativo,Alta,https://portal.fei.edu.br/biblioteca,C1,500,100,67,500,"il, independentemente do horário do funcionamento da biblioteca;
Os materiais em atraso não poderão ter seus prazos de devolução prorrogados antes da regularização da situação;
Para os materiais devolvidos fora dos prazos estipulados serão cobradas multas por dias úteis e por material;
O usuário deverá indenizar a biblioteca em caso de extravio ou danos aos materiais emprestados, sob forma de substituição dos mesmos;
A devolução dos materiais poderá ser efetuada nos dois campi (SBC/SP) independe"
DOC003_C1_0068,DOC003,Biblioteca FEI,Serviços ao aluno / Administrativo,Alta,https://portal.fei.edu.br/biblioteca,C1,500,100,68,500,"tituição dos mesmos;
A devolução dos materiais poderá ser efetuada nos dois campi (SBC/SP) independente do campus que o usuário estuda;
A renovação só será feita via Catálogo online, até 06 (seis) vezes, desde que o material não esteja atrasado ou reservado;
Ao usuário não será permitida a reserva de materiais que se encontram em seu poder;
Não será permitida a reserva de materiais que não se encontram emprestados (reserva antecipada);
O usuário é responsável pela boa utilização e zelo dos equip"
DOC003_C1_0069,DOC003,Biblioteca FEI,Serviços ao aluno / Administrativo,Alta,https://portal.fei.edu.br/biblioteca,C1,500,100,69,500,"ntram emprestados (reserva antecipada);
O usuário é responsável pela boa utilização e zelo dos equipamentos.
Alunos de graduação, especialização, iniciação científica e funcionários
10 Livros, 03 trabalhos acadêmicos, 01catálogo, 02 materiais audiovisuais e 01 sacola retornável;
O prazo de empréstimos é de 07 (sete) dias corridos, podendo ser prorrogado por mais 07 (sete) dias caso o material não tenha sido reservado.
Alunos de Mestrado e Doutorado, Professores e Pesquisadores
10 Livros, 03 trab"
DOC003_C1_0070,DOC003,Biblioteca FEI,Serviços ao aluno / Administrativo,Alta,https://portal.fei.edu.br/biblioteca,C1,500,100,70,500,"tenha sido reservado.
Alunos de Mestrado e Doutorado, Professores e Pesquisadores
10 Livros, 03 trabalhos acadêmicos, 01 catálogo, 02 materiais audiovisuais e 01 sacola retornável;
O prazo de empréstimos é de 14 (quatorze) dias corridos, podendo ser prorrogado por mais 14 (quatorze) dias caso o material não tenha sido reservado.
Biblioteca das Coisas
Sacolas e pastas retornáveis
Empréstimo 7 dias
Quantidade: 1 sacola ou pasta por vez;
Renovação até 6 vezes;
Não será cobrado multa, mas o aluno fi"
DOC003_C1_0071,DOC003,Biblioteca FEI,Serviços ao aluno / Administrativo,Alta,https://portal.fei.edu.br/biblioteca,C1,500,100,71,500,"Quantidade: 1 sacola ou pasta por vez;
Renovação até 6 vezes;
Não será cobrado multa, mas o aluno ficará suspenso dos outros serviços da biblioteca enquanto não devolver a sacola;
Não será cobrado taxa se a sacola for devolvida danificada (riscada, rasgada, alça solta), ela será descartada;
Em caso de perda ou extravio
será cobrado uma taxa no valor de R$10,00;
Fones de ouvido
Empréstimo: interno por até 12 horas
Quantidade: 1 fone de ouvido por vez;
Renovação: não poderá ser renovado;
Multa: nã"
DOC003_C1_0072,DOC003,Biblioteca FEI,Serviços ao aluno / Administrativo,Alta,https://portal.fei.edu.br/biblioteca,C1,500,100,72,500,"por até 12 horas
Quantidade: 1 fone de ouvido por vez;
Renovação: não poderá ser renovado;
Multa: não será cobrado multa e sim suspensão de (2 dias), caso o fone não seja devolvido no mesmo dia;
Extravio ou perda: o usuário
deverá repor outro fone de ouvido
e ficará suspenso dos outros serviços até a regularização de sua pendência.
Calculadora Casio fx-82MS
Empréstimo: diário
Quantidade: 1 calculadora por vez;
Renovação: não poderá ser
renovada;
Multa: não será cobrado multa e sim suspensão de ("
DOC003_C1_0073,DOC003,Biblioteca FEI,Serviços ao aluno / Administrativo,Alta,https://portal.fei.edu.br/biblioteca,C1,500,100,73,500,"dora por vez;
Renovação: não poderá ser
renovada;
Multa: não será cobrado multa e sim suspensão de (15 dias), caso a calculadora não seja devolvida na data;
Extravio, perda ou dano: o usuário deverá
repor a calculadora da mesma marca e modelo
e ficará suspenso dos outros serviços até a regularização de sua pendência.
Carregador de celular Power Bank CB097
Empréstimo: diário
Quantidade: 1 carregador + 1 cabo USB por vez;
Renovação: não poderá ser renovado;
Multa: não será cobrado multa e sim susp"
DOC003_C1_0074,DOC003,Biblioteca FEI,Serviços ao aluno / Administrativo,Alta,https://portal.fei.edu.br/biblioteca,C1,500,100,74,500,"r + 1 cabo USB por vez;
Renovação: não poderá ser renovado;
Multa: não será cobrado multa e sim suspensão de (15 dias), caso o carregador não seja devolvido na data;
Extravio, perda ou dano: o usuário deverá
repor o carregador
da mesma marca e modelo
e ficará suspenso dos outros serviços até a regularização de sua pendência.
Adaptador de tomada Bob Sponge 10A-20A/250V
Empréstimo: diário
Quantidade: 1 adaptador por vez;
Renovação: não poderá ser renovado;
Multa: não será cobrado multa e sim suspe"
DOC003_C1_0075,DOC003,Biblioteca FEI,Serviços ao aluno / Administrativo,Alta,https://portal.fei.edu.br/biblioteca,C1,500,100,75,500,": 1 adaptador por vez;
Renovação: não poderá ser renovado;
Multa: não será cobrado multa e sim suspensão de (15 dias), caso o adaptador não seja devolvido na data;
Extravio ou perda: o usuário deverá
repor o adaptador da mesma marca e modelo
e ficará suspenso dos outros serviços até a regularização de sua pendência.
Guarda-Volumes
Os guarda-volumes, são de uso coletivo e utilizados exclusivamente pelos usuários da biblioteca;
O empréstimo das chaves será efetuado no balcão de atendimento mediant"
DOC003_C1_0076,DOC003,Biblioteca FEI,Serviços ao aluno / Administrativo,Alta,https://portal.fei.edu.br/biblioteca,C1,500,100,76,500,"pelos usuários da biblioteca;
O empréstimo das chaves será efetuado no balcão de atendimento mediante a solicitação pessoal do usuário e apresentação do cartão institucional ou digitação de R.A e utilização da biometria;
Cada usuário poderá emprestar uma chave correspondente a um armário;
O armário só poderá ser utilizado no período em que o usuário estiver no interior da biblioteca;
O usuário deverá devolver a chave até o término do expediente da biblioteca,
ou ficará automaticamente afastado a"
DOC003_C1_0077,DOC003,Biblioteca FEI,Serviços ao aluno / Administrativo,Alta,https://portal.fei.edu.br/biblioteca,C1,500,100,77,500,"erá devolver a chave até o término do expediente da biblioteca,
ou ficará automaticamente afastado até a devolução da mesma e suspenso pelo período de 15 dias;
A perda ou extravio da chave/chaveiro incorrerá em troca de miolo/cópias de chave, com custas cobertas pelo usuário no valor de R$ 10,00.
Lembre-se
O usuário é responsável pelo material em uso; em caso de extravio ou dano, a biblioteca deverá ser indenizada sob a forma de substituição do material do devido valor; estando o material esgota"
DOC003_C1_0078,DOC003,Biblioteca FEI,Serviços ao aluno / Administrativo,Alta,https://portal.fei.edu.br/biblioteca,C1,500,100,78,500,"rá ser indenizada sob a forma de substituição do material do devido valor; estando o material esgotado, o usuário deverá pagar à biblioteca a quantia correspondente ao dobro do preço atualizado do material.
O usuário não se eximirá do ressarcimento nos termos do item anterior, ainda que o extravio tenha sido consequência de fato delituoso, do qual tenha sido vítima. As exceções à imposição da penalidade serão analisadas à luz da legislação pertinente, caso a caso.
O usuário que não devolver o ma"
DOC003_C1_0079,DOC003,Biblioteca FEI,Serviços ao aluno / Administrativo,Alta,https://portal.fei.edu.br/biblioteca,C1,500,100,79,500,"lidade serão analisadas à luz da legislação pertinente, caso a caso.
O usuário que não devolver o material no prazo fixado deverá pagar multa conforme as bases estabelecidas no regulamento da biblioteca.
Ao usuário em débito com a biblioteca não será permitido o empréstimo de materiais; caso o débito não seja liquidado em 90 (noventa) dias, o usuário ficará impedido de utilizar os serviços da biblioteca até a regularização da situação.
No caso de uso do cartão institucional por outro usuário que"
DOC003_C1_0080,DOC003,Biblioteca FEI,Serviços ao aluno / Administrativo,Alta,https://portal.fei.edu.br/biblioteca,C1,500,100,80,500,"ioteca até a regularização da situação.
No caso de uso do cartão institucional por outro usuário que não o titular ou de tentativa de tal ação, os envolvidos estarão sujeitos à suspensão por até 06 (seis) meses de todos os serviços da biblioteca; na reincidência será aberto processo pela Comissão Permanente de Inquérito do Centro Universitário FEI.
No caso de tentativa de furto de qualquer material será aberto processo na Comissão Permanente de Inquérito e o usuário ficará impedido de utilizar a"
DOC003_C1_0081,DOC003,Biblioteca FEI,Serviços ao aluno / Administrativo,Alta,https://portal.fei.edu.br/biblioteca,C1,500,100,81,500,"l será aberto processo na Comissão Permanente de Inquérito e o usuário ficará impedido de utilizar a biblioteca até a decisão da Reitoria.
O acervo da biblioteca está eletronicamente protegido contra furto. No caso de soar o alarme, o usuário deverá apresentar seus pertences para serem vistoriados pelo funcionário do atendimento.
Alegar desconhecer o regulamento não escusa o usuário das penalidades constantes neste regulamento.
Os casos não previstos neste regulamento serão analisados individual"
DOC003_C1_0082,DOC003,Biblioteca FEI,Serviços ao aluno / Administrativo,Alta,https://portal.fei.edu.br/biblioteca,C1,500,100,82,500,"s constantes neste regulamento.
Os casos não previstos neste regulamento serão analisados individualmente pelo responsável da biblioteca.
O usuário ao fazer sua inscrição compromete-se a cumprir a Lei sobre os Direitos Autorais (Lei nº 9.610, de 19/02/1998), quanto à reprografia de material bibliográfico nas dependências da biblioteca e estar ciente do regulamento.
Perguntas Frequentes
Para fazer o empréstimo preciso ter o cartão unificado?
Não. Para utilizar os serviços oferecidos pela bibliote"
DOC003_C1_0083,DOC003,Biblioteca FEI,Serviços ao aluno / Administrativo,Alta,https://portal.fei.edu.br/biblioteca,C1,500,100,83,500,"o empréstimo preciso ter o cartão unificado?
Não. Para utilizar os serviços oferecidos pela biblioteca o usuário precisa efetuar seu cadastro biométrico no
balcão de atendimento.
Qual usuário devo colocar para renovar ou fazer reserva através do site?
Para a biblioteca o usuário é seu número de matrícula.
Ex-aluno pode emprestar livro na biblioteca?
Não, apenas fazer pesquisas.
Posso fazer reserva de um livro que esteja disponível na biblioteca?
A reserva só poderá ser realizada se o livro estiv"
DOC003_C1_0084,DOC003,Biblioteca FEI,Serviços ao aluno / Administrativo,Alta,https://portal.fei.edu.br/biblioteca,C1,500,100,84,499,"de um livro que esteja disponível na biblioteca?
A reserva só poderá ser realizada se o livro estiver emprestado.
Como fico sabendo que minha reserva está disponível?
Através da área ""Meu Pergamum"" localizada na página de pesquisa da biblioteca ou através do e-mail cadastrado
no portal do aluno.
Como é realizada a cobrança de multa e qual o valor?
Após o vencimento do prazo de devolução será cobrado R$ 1,00 por dia e por material, contando os dias úteis.
O pagamento deverá ser realizado em dinh"
DOC003_C1_0085,DOC003,Biblioteca FEI,Serviços ao aluno / Administrativo,Alta,https://portal.fei.edu.br/biblioteca,C1,500,100,85,500,"ado R$ 1,00 por dia e por material, contando os dias úteis.
O pagamento deverá ser realizado em dinheiro ou cheque no balcão de atendimento da biblioteca na data de
devolução do material.
Qual o procedimento para perda ou extravio de um livro?
Em primeiro lugar informar imediatamente à biblioteca sobre o ocorrido. Em seguida efetuar a reposição do mesmo,
pois caso haja demora deste aviso ocorrerá multa e o usuário deverá pagar pelos dois.
Se eu esquecer de entregar a chave do armário o que acont"
DOC003_C1_0086,DOC003,Biblioteca FEI,Serviços ao aluno / Administrativo,Alta,https://portal.fei.edu.br/biblioteca,C1,500,100,86,500,"multa e o usuário deverá pagar pelos dois.
Se eu esquecer de entregar a chave do armário o que acontecerá?
Você não poderá fazer empréstimos por 15 (quinze) dias. Havendo reincidência o caso será avaliado pela
coordenação da biblioteca.
Quanto tempo posso ficar com os livros?
Se você é aluno de graduação, especialização ou funcionário o prazo de empréstimo é de 07 (sete) dias corridos,
podendo ser prorrogado por mais 07 (sete) dias caso a obra não tenha sido reservada por outro sócio. No caso do"
DOC003_C1_0087,DOC003,Biblioteca FEI,Serviços ao aluno / Administrativo,Alta,https://portal.fei.edu.br/biblioteca,C1,500,100,87,499,"prorrogado por mais 07 (sete) dias caso a obra não tenha sido reservada por outro sócio. No caso dos
alunos de mestrado, doutorado, professores e pesquisadores o prazo é de 14 (quatorze) dias corridos, podendo ser
renovado no caso de não haver reserva da obra.
Quantos livros posso retirar?
Alunos de graduação, especialização e funcionários podem retirar até 7 (sete) livros. Alunos de Mestrado,
Doutorado, Professores e pesquisadores podem retirar até 10 livros.
Biblioteca Digital
Clique aqui
e v"
DOC003_C1_0088,DOC003,Biblioteca FEI,Serviços ao aluno / Administrativo,Alta,https://portal.fei.edu.br/biblioteca,C1,500,100,88,500,"utorado, Professores e pesquisadores podem retirar até 10 livros.
Biblioteca Digital
Clique aqui
e veja como acessar a base de dados fora da FEI.
Base de Dados
• Portal de periódicos CAPES
• EBSCOhost
Publicações Institucionais
• Cadernos da FEI
• Revista Domínio FEI
• Revista da Computação
• E-Books
• Convênio Microsoft Azure Dev Tools
Acessibilidade
Parceria
A biblioteca do Centro Universitário FEI firmou uma parceria em 2019 com a Fundação Dorina Nowill para Cegos, através da Rede Nacional de"
DOC003_C1_0089,DOC003,Biblioteca FEI,Serviços ao aluno / Administrativo,Alta,https://portal.fei.edu.br/biblioteca,C1,500,100,89,500,"FEI firmou uma parceria em 2019 com a Fundação Dorina Nowill para Cegos, através da Rede Nacional de Leitura Inclusiva, que tem como objetivo facilitar o acesso da pessoa com deficiência visual ao mundo da leitura por meio da mobilização e estreitamento da relação entre educadores, mediadores de leitura, governos, agentes de bibliotecas e de organizações sociais, incentivando a disseminação da leitura inclusiva pelo Brasil.
A Fundação Dorina Nowill para Cegos é uma organização sem fins lucrativo"
DOC003_C1_0090,DOC003,Biblioteca FEI,Serviços ao aluno / Administrativo,Alta,https://portal.fei.edu.br/biblioteca,C1,500,100,90,500,"tura inclusiva pelo Brasil.
A Fundação Dorina Nowill para Cegos é uma organização sem fins lucrativos que há mais de 70 anos se dedica à inclusão de crianças, jovens e adultos cegos e com baixa visão por meio de atendimento especializado e da produção e distribuição de livros acessíveis em braile, fonte ampliada e braile concomitantes, falados e digitais acessíveis, distribuídos para pessoas com deficiência visual e para escolas, bibliotecas e organizações de todo o Brasil.
Conheça a página da D"
DOC003_C1_0091,DOC003,Biblioteca FEI,Serviços ao aluno / Administrativo,Alta,https://portal.fei.edu.br/biblioteca,C1,500,100,91,500,"eficiência visual e para escolas, bibliotecas e organizações de todo o Brasil.
Conheça a página da Dorinateca
Biblioteca Digital da Dorina Nowill
Dicas de Acessibilidade
Dicionário de Libras
Bengala Legal
Acessibilidade Digital
Base de Dados
As bases de dados são plataformas multidisciplinares destinadas à pesquisa de periódicos científicos, seus
respectivos artigos e e-books.
Visam atender a todas as áreas de conhecimento distribuindo de forma mais objetiva o conteúdo necessário para
o desenvol"
DOC003_C1_0092,DOC003,Biblioteca FEI,Serviços ao aluno / Administrativo,Alta,https://portal.fei.edu.br/biblioteca,C1,500,100,92,308,"s as áreas de conhecimento distribuindo de forma mais objetiva o conteúdo necessário para
o desenvolvimento acadêmico.
O Centro Universitário FEI disponibiliza o acesso de dentro dos campi ou acesso remoto através do procedimento
abaixo:
Procedimentos para acesso
externo
Portal de periódicos CAPES
EBSCOhost"
DOC003_C2_0001,DOC003,Biblioteca FEI,Serviços ao aluno / Administrativo,Alta,https://portal.fei.edu.br/biblioteca,C2,800,150,1,800,"Biblioteca - FEI
Biblioteca
Pe. Aldemar
Moreira S.J.
Notícias e Eventos da Biblioteca
7º CONCURSO LITERÁRIO FEI
Faça sua inscrição preenchendo o formulário abaixo:
Clique aqui
A Biblioteca
Redes Sociais:
/biblioteca.fei
@FEIbiblioteca
@FEIbiblioteca
Conheça a biblioteca
A Biblioteca do Centro Universitário FEI foi instalada em 29 de março de 1946, começando a funcionar em 11 de
dezembro de 1950.
Atualmente, a Biblioteca Pe. Aldemar Moreira está dividida em duas unidades, uma situada no campus São Bernardo do
Campo e outra no campus São Paulo.
Disponibiliza a seus usuários um grande e valioso acervo de informações e cultura, composto por livros e uma
expressiva quantidade de revistas, periódicos, multimeios e bases de dados com ampla variedade de temas que vão ao
encontro das necessidades a"
DOC003_C2_0002,DOC003,Biblioteca FEI,Serviços ao aluno / Administrativo,Alta,https://portal.fei.edu.br/biblioteca,C2,800,150,2,800,"s e uma
expressiva quantidade de revistas, periódicos, multimeios e bases de dados com ampla variedade de temas que vão ao
encontro das necessidades acadêmicas, além da Biblioteca Digital de Teses e Dissertações.
O acervo da Biblioteca do Centro Universitário FEI está disponível para consulta dos alunos, funcionários e
ex-alunos da Instituição.
Bases
Clique nas imagens abaixo para acessar.
Horário de Funcionamento
De Segunda a Sexta-Feira:
Campus SBC das 08h00 às 21h45
Campus SP das 08h00 às 21h15
Aos Sábados:
Campus SBC das 09h30 às 13h15
Campus SP - Fechada
Horário Durante as Férias
De Segunda a Sexta-Feira:
Campus SBC das 08h00 às 18h45
Campus SP 08h00 às 17h45
Deixe sua sugestão
Nome
*
E-mail
*
Telefone
Celular
*
Mensagem
*
BASES DE DADOS – ACESSO RESTRITO
EBSCO (
Acessar bases de dado"
DOC003_C2_0003,DOC003,Biblioteca FEI,Serviços ao aluno / Administrativo,Alta,https://portal.fei.edu.br/biblioteca,C2,800,150,3,799,"mpus SP 08h00 às 17h45
Deixe sua sugestão
Nome
*
E-mail
*
Telefone
Celular
*
Mensagem
*
BASES DE DADOS – ACESSO RESTRITO
EBSCO (
Acessar bases de dados
)
Academic Search Complete
Base de dados de texto completo multidisciplinar, mais valiosa do mundo e mais abrangente academicamente, com mais de 8.500 periódicos de texto completo, incluindo mais de 7.300 periódicos revisados por especialistas. Além de texto completo, essa base de dados oferece resumos para mais de 12.500 periódicos e um total de mais de 13.200 publicações, incluindo monografias, relatórios, documentos de conferências, etc. A base de dados apresenta conteúdo em PDF que remonta a 1887, com a maioria de títulos de texto completo em formato PDF nativo (pesquisável). São fornecidas referências citadas pesquisáveis para mais de"
DOC003_C2_0004,DOC003,Biblioteca FEI,Serviços ao aluno / Administrativo,Alta,https://portal.fei.edu.br/biblioteca,C2,800,150,4,799,"a 1887, com a maioria de títulos de texto completo em formato PDF nativo (pesquisável). São fornecidas referências citadas pesquisáveis para mais de 1.400 periódicos.
Business Source Complete
É a mais completa base de dados acadêmica na área de negócios do mundo, que oferece a melhor coleção de conteúdo bibliográfico e em texto completo. Como parte da cobertura abrangente oferecida por esta base de dados, também estão incluídos os índices e resumos dos periódicos científicos acadêmicos mais importantes desde 1886, além das referências pesquisáveis citadas fornecidas de mais de 1.300 periódicos científicos.
Fuente Académica Premier
É uma coleção de rápida expansão de mais de 1.000 revistas científicas da América Latina, Portugal e Espanha. Todos os temas principais são abordados com ênfase"
DOC003_C2_0005,DOC003,Biblioteca FEI,Serviços ao aluno / Administrativo,Alta,https://portal.fei.edu.br/biblioteca,C2,800,150,5,799,"ção de rápida expansão de mais de 1.000 revistas científicas da América Latina, Portugal e Espanha. Todos os temas principais são abordados com ênfase particular na agricultura, ciências biológicas, economia, história, direito, literatura, filosofia, psicologia, administração pública, religião e sociologia. É uma ferramenta indispensável de alcance excepcional projetada para pesquisa acadêmica, em formato PDF. A base de dados é atualizada semanalmente.
Psychology and Behavioral Sciences Collection
Banco de dados abrangente que cobre informações relativas a tópicos em características comportamentais e emocionais, psiquiatria e psicologia, processos mentais, antropologia, métodos experimentais e observacionais. Esse é o maior banco de dados de texto completo do mundo, oferecendo abrangência"
DOC003_C2_0006,DOC003,Biblioteca FEI,Serviços ao aluno / Administrativo,Alta,https://portal.fei.edu.br/biblioteca,C2,800,150,6,800,"essos mentais, antropologia, métodos experimentais e observacionais. Esse é o maior banco de dados de texto completo do mundo, oferecendo abrangência de texto completo para quase 400 periódicos.
Computer Source
Oferece a pesquisadores as últimas informações e tendências em alta tecnologia. Essa base de dados oferece o texto completo de aproximadamente 300 publicações, além de índices e resumos de cerca de 450 publicações.
GreenFILE
Base de dados que oferece ótimas informações de pesquisa cobrindo todos os aspectos do impacto humano no meio ambiente. Sua coleção de títulos de interesse acadêmico, governamental e geral incluem conteúdos sobre aquecimento global, construções ecológicas, poluição, agricultura sustentável, energia renovável, reciclagem e mais. A base de dados oferece índice e r"
DOC003_C2_0007,DOC003,Biblioteca FEI,Serviços ao aluno / Administrativo,Alta,https://portal.fei.edu.br/biblioteca,C2,800,150,7,800,"quecimento global, construções ecológicas, poluição, agricultura sustentável, energia renovável, reciclagem e mais. A base de dados oferece índice e resumos de mais de 1.000.000 registros, bem como Livre Acesso a textos completos de mais de 15,000 registros.
Target – GedWeb
Sistema de Gestão de Normas e Documentos Regulatórios, foi desenvolvido para gerenciar grandes acervos de normas e informações técnicas.
Clique aqui para acessar
PORTAL DE PERIÓDICOS DA CAPES
O Portal Capes, além do conteúdo de acesso restrito, reúne uma seleção de bases de dados, páginas, portais e bibliotecas virtuais de acesso livre.
ASME
Desde 1880, o ASME Journal Program tem usado uma avaliação rigorosa e revisada por pares para publicar pesquisas da mais alta qualidade e torná-las disponíveis para profissionais de"
DOC003_C2_0008,DOC003,Biblioteca FEI,Serviços ao aluno / Administrativo,Alta,https://portal.fei.edu.br/biblioteca,C2,800,150,8,800,"ram tem usado uma avaliação rigorosa e revisada por pares para publicar pesquisas da mais alta qualidade e torná-las disponíveis para profissionais de engenharia que buscam mudar o mundo. Os diários da ASME são vitais para manter os engenheiros atualizados com a teoria, prática e aplicação atuais.
ASTM International (American Society for Testing and Materials)
É um órgão que tem como responsabilidade o desenvolvimento e a publicação de normas técnicas aplicadas para diversos produtos, materiais, serviços e sistemas. É equivalente à ABNT, Associação Brasileira de Normas Técnicas.
Criada no ano de 1898 por um grupo de cientistas e de engenheiros, a ASTM tem um papel entre os padrões de desenvolvedores nos Estados Unidos. É considerada a maior incorporadora mundial de normas.
SCOPUS (Elsevier"
DOC003_C2_0009,DOC003,Biblioteca FEI,Serviços ao aluno / Administrativo,Alta,https://portal.fei.edu.br/biblioteca,C2,800,150,9,799,"s, a ASTM tem um papel entre os padrões de desenvolvedores nos Estados Unidos. É considerada a maior incorporadora mundial de normas.
SCOPUS (Elsevier)
Scopus é o maior banco de dados de resumos e citações da literatura com revisão por pares: revistas científicas, livros, processos de congressos e publicações do setor. Oferecendo um panorama abrangente da produção de pesquisas do mundo nas áreas de ciência, tecnologia, medicina, ciências sociais, artes e humanidades.
SpringerLink
A Springer é um portfólio científico, técnico e médico líder global, fornecendo aos pesquisadores da academia, instituições científicas e departamentos de P&D corporativos conteúdo de qualidade por meio de informações, produtos e serviços inovadores.
Web of Science (Thomson Reuters Scientific)
O banco de dados de"
DOC003_C2_0010,DOC003,Biblioteca FEI,Serviços ao aluno / Administrativo,Alta,https://portal.fei.edu.br/biblioteca,C2,800,150,10,800,"ativos conteúdo de qualidade por meio de informações, produtos e serviços inovadores.
Web of Science (Thomson Reuters Scientific)
O banco de dados de resumos da Web of Science (WOS) é um dos recursos mais extensos do mundo para citação, indexação e análise de citações de uma ampla variedade de trabalhos científicos em todos os campos científicos possíveis.
Science Direct (Elsevier)
A ScienceDirect combina publicações confiáveis de textos completos nas áreas científica, técnica e de saúde com funções inteligentes e intuitivas para que os usuários possam se manter informados em suas áreas e trabalhar com maior eficiência e efetividade.
Wiley Online Library
Cobre as áreas de Ciências Biológicas, Ciências da Saúde, Ciências Exatas e da Terra, Ciências Agrárias, Ciências Sociais Aplicadas, Ciên"
DOC003_C2_0011,DOC003,Biblioteca FEI,Serviços ao aluno / Administrativo,Alta,https://portal.fei.edu.br/biblioteca,C2,800,150,11,800,"line Library
Cobre as áreas de Ciências Biológicas, Ciências da Saúde, Ciências Exatas e da Terra, Ciências Agrárias, Ciências Sociais Aplicadas, Ciências Humanas e Linguística, Letras e Artes.
JSTOR
JSTOR Arts & Sciences I Collection (Humanities). Inclui o acervo completo de títulos contendo 176 periódicos e abrangendo 35 disciplinas, incluindo as mais importantes publicações de sociedades voltadas para as áreas de economia, história, ciências políticas, sociologia, assim como outros importantes títulos em ecologia, matemática e estatística. Coleção de títulos retrospectivos.
JSTOR Arts & Sciences III Collection (Social Sciences). Base de dados contendo os arquivos de contém 223 periódicos provenientes de importantes sociedades científicas, inclui revistas em línguas e literatura, bem com"
DOC003_C2_0012,DOC003,Biblioteca FEI,Serviços ao aluno / Administrativo,Alta,https://portal.fei.edu.br/biblioteca,C2,800,150,12,799,"dos contendo os arquivos de contém 223 periódicos provenientes de importantes sociedades científicas, inclui revistas em línguas e literatura, bem como títulos essenciais nas áreas da música, estudos de cinema, folclore, artes cênicas, religião e história e estudo da arte e arquitetura.
JSTOR Mathematics & Statistics. A coleção JSTOR Mathematics & Statistics contém 107 títulos revisados por pares em texto completo, nas ciências matemáticas e estatísticas.
AUSJAL (
Acessar bases de dados
)
O repositório AUSJAL captura, armazena, indexa, preserva e distribui material acadêmico e de pesquisa em formato digital, das diversas instituições de ensino superior na rede de Universidades confiadas à Companhia de Jesus na América Latina.
BASES DE DADOS – ACESSO ABERTO
Biblioteca Digital Ibict
O ibict"
DOC003_C2_0013,DOC003,Biblioteca FEI,Serviços ao aluno / Administrativo,Alta,https://portal.fei.edu.br/biblioteca,C2,800,150,13,799,"o superior na rede de Universidades confiadas à Companhia de Jesus na América Latina.
BASES DE DADOS – ACESSO ABERTO
Biblioteca Digital Ibict
O ibict integra os sistemas de informação de teses e dissertações existentes nas instituições de ensino e pesquisa do Brasil, e também estimula o registro e a publicação de teses e dissertações em meio eletrônico.
Acessar Base
Scielo – Periódicos
Biblioteca eletrônica que abrange uma coleção selecionada de periódicos científicos.
Acessar Base
Spell
Biblioteca eletrônica que disponibiliza a produção de periódicos científicos para consulta e download. Concentra-se inicialmente, nas áreas de Administração, Contabilidade e Turismo.
Acessar Base
Researchgate
É uma rede social criada em 2008, com a missão de conectar o mundo da ciência e tornar a pesquisa"
DOC003_C2_0014,DOC003,Biblioteca FEI,Serviços ao aluno / Administrativo,Alta,https://portal.fei.edu.br/biblioteca,C2,800,150,14,799,"Contabilidade e Turismo.
Acessar Base
Researchgate
É uma rede social criada em 2008, com a missão de conectar o mundo da ciência e tornar a pesquisa aberta para todos, pesquisadores como o cientista, o clínico, o estudante, o engenheiro, o trabalhador de saúde pública, o técnico de laboratório, o cientista da computação disponibilizam e compartilham seus trabalhos na plataforma.
Acessar Base
Academia
Academia é uma plataforma de compartilhamento de pesquisas acadêmicas. Os acadêmicos carregaram 22 milhões de artigos e 31 milhões de acadêmicos, profissionais e estudantes leem artigos na Academia todos os meses.
Acessar Base
CiteSeer
É uma biblioteca digital de literatura científica em evolução e mecanismo de pesquisa que se concentrou principalmente na literatura em ciência da computação e"
DOC003_C2_0015,DOC003,Biblioteca FEI,Serviços ao aluno / Administrativo,Alta,https://portal.fei.edu.br/biblioteca,C2,800,150,15,800,"lioteca digital de literatura científica em evolução e mecanismo de pesquisa que se concentrou principalmente na literatura em ciência da computação e da informação. Fornece recurso como algoritmos, dados, metadados, serviços, técnicas e software que podem ser usados para promover outras bibliotecas.
Acessar Base
E-books – Acesso restrito
eBook Academic Collection (EBSCOhost)
(
Acessar bases de dados
)
Este crescente pacote de assinatura contém um vasto conjunto de títulos e-Book multidisciplinares que representam uma ampla cadeia de assuntos acadêmicos e um forte complemento para qualquer coleção acadêmica. A quantidade de informações disponíveis neste pacote garante que os usuários tenham acesso a informações relevantes para as suas necessidades de pesquisa.
E-books – Acesso gratuito
Apl"
DOC003_C2_0016,DOC003,Biblioteca FEI,Serviços ao aluno / Administrativo,Alta,https://portal.fei.edu.br/biblioteca,C2,800,150,16,799,"íveis neste pacote garante que os usuários tenham acesso a informações relevantes para as suas necessidades de pesquisa.
E-books – Acesso gratuito
Aplauso - Letras e Artes
A coleção Aplauso, foi lançada pela Imprensa Oficial. Neste site você encontra biografias de artistas, cineastas e dramaturgos além de roteiros de cinema, peças de teatro e a história de diversas emissoras de TV.
Acessar base
Biblioteca Digital da Administração Pública
A Biblioteca Digital da Administração Pública é um espaço para o compartilhamento de conteúdo relevante sobre gestão pública, economia no setor público e políticas públicas.
Acessar base
Blucher Open Acess
Open Access é uma forma de publicar trabalhos científicos/acadêmicos e disponibilizá-los on-line para qualquer pessoa interessada sem nenhum custo para"
DOC003_C2_0017,DOC003,Biblioteca FEI,Serviços ao aluno / Administrativo,Alta,https://portal.fei.edu.br/biblioteca,C2,800,150,17,800,"en Access é uma forma de publicar trabalhos científicos/acadêmicos e disponibilizá-los on-line para qualquer pessoa interessada sem nenhum custo para o leitor.
Acessar base
Doab Books
O Directory of Open Access Books (DOAB) é um serviço de descoberta de livros de acesso aberto. O DOAB fornece um índice pesquisável para monografias revisadas por pares e coleções editadas publicadas sob uma licença de acesso aberto, com links para os textos completos das publicações no site da editora ou repositório.
Acessar base
Editora da UNESP
Cultura Acadêmica é o segundo selo da Fundação Editora da UNESP, cujp selo central é o Editora UNESP, que existe desde 1987 e tounou-se marca já consagrada com um catálogo que caracteriza como editora universitária de destaque junto ao leitor brasileiro e ibero amer"
DOC003_C2_0018,DOC003,Biblioteca FEI,Serviços ao aluno / Administrativo,Alta,https://portal.fei.edu.br/biblioteca,C2,800,150,18,800,"de 1987 e tounou-se marca já consagrada com um catálogo que caracteriza como editora universitária de destaque junto ao leitor brasileiro e ibero americano.
Livros para download gratuitos da editora UNESP.
Acessar base
LabCom - Universidade da Beira Interior (Portugal)
LabCom Books é uma plataforma de publicação transdisciplinar e multidisciplinar dedicada à publicação online de livros científicos nas áreas da Comunicação, Filosofia e Humanidades. Projetado para a difusão universal da ciência e do conhecimento, o LabCom Books publica e-books em acesso aberto em português, inglês e outros idiomas.
Acessar base
Open Library
A Biblioteca Aberta é um projeto do Internet Archive sem fins lucrativos e foi financiado em parte por uma doação da Biblioteca do Estado da Califórnia e da Fundação Kahl"
DOC003_C2_0019,DOC003,Biblioteca FEI,Serviços ao aluno / Administrativo,Alta,https://portal.fei.edu.br/biblioteca,C2,800,150,19,799,"é um projeto do Internet Archive sem fins lucrativos e foi financiado em parte por uma doação da Biblioteca do Estado da Califórnia e da Fundação Kahle / Austin.
Acessar base
SciElo Livros
O SciELO Livros opera como rede cooperativa de editoras universitárias e outras editoras que publicam livros de caráter científico, assim como de instituições intermediárias e usuárias de informação científica.
Acessar base
Portal Domínio Público
Este portal constitui-se em um ambiente virtual que permite a coleta, a integração, a preservação e o compartilhamento de conhecimentos, sendo seu principal objetivo o de promover o amplo acesso às obras literárias, artísticas e científicas (na forma de textos, sons, imagens e vídeos), já em domínio público ou que tenham a sua divulgação devidamente autorizada,"
DOC003_C2_0020,DOC003,Biblioteca FEI,Serviços ao aluno / Administrativo,Alta,https://portal.fei.edu.br/biblioteca,C2,800,150,20,800,", artísticas e científicas (na forma de textos, sons, imagens e vídeos), já em domínio público ou que tenham a sua divulgação devidamente autorizada, que constituem o patrimônio cultural brasileiro e universal.
Acessar base
Fundação Biblioteca Nacional – BNDigital
A Biblioteca Nacional Digital faz parte da Fundação Biblioteca Nacional.
A BNDigital disponibiliza apenas documentos em domínio público ou com autorização de publicação do titular do direito autoral
Acessar base
Trabalhos Acadêmicos
Ficha Catalográfica
A biblioteca da FEI disponibiliza para seus usuários o sistema para elaboração de fichas catalográficas que foi desenvolvido pelo ICMC/USP e gentilmente cedido para ser adaptado às necessidades de sua comunidade acadêmica.
A partir de outubro de 2015 a ficha catalográfica passa a s"
DOC003_C2_0021,DOC003,Biblioteca FEI,Serviços ao aluno / Administrativo,Alta,https://portal.fei.edu.br/biblioteca,C2,800,150,21,800,"MC/USP e gentilmente cedido para ser adaptado às necessidades de sua comunidade acadêmica.
A partir de outubro de 2015 a ficha catalográfica passa a ser elaborada pelo próprio usuário e deve ser impressa no verso da página/folha de rosto.
É um elemento obrigatório em trabalhos acadêmicos e sua elaboração é feita com as informações fundamentais para a identificação do documento, entre elas: autor e orientador, título, total de folhas, assunto, palavras-chave, etc.
Dúvidas e sugestões podem ser enviadas através do email:
bib_digital@fei.edu.br
Clique aqui para elaborar sua Ficha Catalográfica
Procedimento para entrega de Trabalhos Acadêmicos
Os trabalhos acadêmicos devem ser entregues de acordo com os procedimentos da secretaria do curso. Cabe ao orientador, juntamente com a secretaria, defi"
DOC003_C2_0022,DOC003,Biblioteca FEI,Serviços ao aluno / Administrativo,Alta,https://portal.fei.edu.br/biblioteca,C2,800,150,22,799,"trabalhos acadêmicos devem ser entregues de acordo com os procedimentos da secretaria do curso. Cabe ao orientador, juntamente com a secretaria, definir quais trabalhos serão entregues, assim como, efetuar a entrega na biblioteca.
Alguns procedimentos são obrigatórios para que essa entrega seja realizada:
a) o trabalho acadêmico dever ser normalizado de acordo com as orientações do Guia para Elaboração de Trabalhos Acadêmicos da FEI;
b) a submissão dos trabalhos de Conclusão de Curso, deverá ser feita pelo professor orientador;
c) para que o trabalho seja disponibilizado no repositório é necessário:
- PDF/A do documento original;
- termo de autorização para a publicação eletrônica preenchido e assinado por todos os autores do trabalho.
d) a biblioteca não recebe trabalhos enviados pelos a"
DOC003_C2_0023,DOC003,Biblioteca FEI,Serviços ao aluno / Administrativo,Alta,https://portal.fei.edu.br/biblioteca,C2,800,150,23,800,"autorização para a publicação eletrônica preenchido e assinado por todos os autores do trabalho.
d) a biblioteca não recebe trabalhos enviados pelos alunos.
Termos de autorização
Artigo de periódico - (EM GRUPO)
Artigo de periódico - (INDIVIDUAL)
Trabalho de Conclusão de Curso - TCC - (EM GRUPO)
Trabalho de Conclusão de Curso - TCC - (INDIVIDUAL)
Autorização e termo de encaminhamento - TESES E DISSERTAÇÕES - (INDIVIDUAL)
Combate ao Plágio
A biblioteca do Centro Universitário FEI, por recomendação da Coordenação de Aperfeiçoamento de Pessoal de Nível Superior (CAPES), divulga ao seu público um texto informativo, com intuito de coibir o plágio nas produções acadêmicas desenvolvidas na IES.
Para auxiliá-los segue opções gratuitas de detecção de plágio:
Farejador de Plágio
Site:
http://www.pla"
DOC003_C2_0024,DOC003,Biblioteca FEI,Serviços ao aluno / Administrativo,Alta,https://portal.fei.edu.br/biblioteca,C2,800,150,24,800,"nas produções acadêmicas desenvolvidas na IES.
Para auxiliá-los segue opções gratuitas de detecção de plágio:
Farejador de Plágio
Site:
http://www.plagiarismcombat.com/
Plagium
Site:
http://www.plagium.com/
Plagiarisma
Site:
http://plagiarisma.net/
Saiba mais sobre o plágio,
clique aqui!
Treinamento sobre plágio faça sua inscrição: clique aqui
Orientação para normalização de trabalhos acadêmicos
Guia para elaboração de trabalhos acadêmicos da FEI
O guia substitui o Manual para apresentação formal de trabalhos acadêmicos. Elaborado de acordo com as normas vigentes da Associação Brasileira de Normas Técnicas (ABNT), traz um novo formato, além de novos exemplos com uma linguagem simples para facilitar a compreensão dos usuários.
Informamos que o guia está disponível somente na versão eletrôni"
DOC003_C2_0025,DOC003,Biblioteca FEI,Serviços ao aluno / Administrativo,Alta,https://portal.fei.edu.br/biblioteca,C2,800,150,25,799,"e novos exemplos com uma linguagem simples para facilitar a compreensão dos usuários.
Informamos que o guia está disponível somente na versão eletrônica.
O seu enfoque não é só a padronização disponibilizada através das normas estabelecidas, mas principalmente a qualidade dos trabalhos apresentados na instituição.
Citação
Estrutura
Referências
A biblioteca disponibiliza os tutoriais de configuração do Word e uma template do trabalho pronto, mais um recurso para ajudá-lo na estruturação do TCC.
Template do trabalho acadêmico
Template dos trabalhos de iniciação científica
Template do plano de negócios elaborado para o curso de administração
Template de Artigo INOVAFEI
Tutorial de paginação
Tutorial de sumário
Tutorial de lista de ilustrações
Tutorial de lista de tabelas
Tutorial para salvar"
DOC003_C2_0026,DOC003,Biblioteca FEI,Serviços ao aluno / Administrativo,Alta,https://portal.fei.edu.br/biblioteca,C2,800,150,26,800,"plate de Artigo INOVAFEI
Tutorial de paginação
Tutorial de sumário
Tutorial de lista de ilustrações
Tutorial de lista de tabelas
Tutorial para salvar arquivo como PDF/A
Classe LaTeX da para TCCs, Dissertações e Teses da FEI
A classe LaTeX da FEI é um arquivo de formatação de trabalhos acadêmicos para usuários de LaTeX, de acordo com as normas de formatação do Centro Universitário FEI. Ela está disponível nas principais distribuições de LaTeX (
MikTeX
no Windows,
MacTeX
no MacOS e
TeX Live
no Linux), possui um manual de utilização em PDF e um
template
para ajudar usuários a iniciar seus trabalhos acadêmicos.
Classe LaTex para artigos do INOVA FEI
A Classe LaTex é um
arquivo
de formatação para artigos do INOVA FEI
Mecanismo Online para Referências (MORE)
MORE é uma ferramenta gratuita e fáci"
DOC003_C2_0027,DOC003,Biblioteca FEI,Serviços ao aluno / Administrativo,Alta,https://portal.fei.edu.br/biblioteca,C2,800,150,27,800,"FEI
A Classe LaTex é um
arquivo
de formatação para artigos do INOVA FEI
Mecanismo Online para Referências (MORE)
MORE é uma ferramenta gratuita e fácil de usar, que produz automaticamente citações no texto e referências no formato ABNT.
Clique aqui para acessar o MORE.
Mendeley
O Mendeley é considerado uma rede social acadêmica que conecta pesquisadores e permite gerenciar referências, buscar, arquivar e compartilhar documentos.
Clique aqui para acessar o Mendeley.
Bitly
bitly é um dos mais famosos gerenciadores e encurtadores de URL da internet. Confira!
Clique aqui para acessar o bitly.
Serviços
Empréstimo
A biblioteca oferece aos seus usuários o serviço de empréstimos de materiais pertencentes ao acervo, o que consiste nas retiradas dos materiais para uso fora de suas dependências. Qual"
DOC003_C2_0028,DOC003,Biblioteca FEI,Serviços ao aluno / Administrativo,Alta,https://portal.fei.edu.br/biblioteca,C2,800,150,28,800,"rios o serviço de empréstimos de materiais pertencentes ao acervo, o que consiste nas retiradas dos materiais para uso fora de suas dependências. Qualquer débito com a biblioteca (atraso na devolução, multas pendentes, etc.) ocasiona na suspensão do direito de empréstimos de materiais.
*Obras de referência (dicionários, enciclopédias, etc.), periódicos (jornais e revistas) e normas técnicas não circulam. No campus São Bernardo é possível emprestar, por um dia, dicionários em épocas de provas.
Clique aqui e veja os procedimentos
Renovação
Os materiais podem ser renovados através do site da biblioteca pelo próprio usuário por 6 (seis) vezes consecutivas, desde que não possuam reservas, ou estejam, em atraso.
1) Para efetuar a renovação de materiais emprestados, entre em “
Acesso Usuário
”* o"
DOC003_C2_0029,DOC003,Biblioteca FEI,Serviços ao aluno / Administrativo,Alta,https://portal.fei.edu.br/biblioteca,C2,800,150,29,800,"secutivas, desde que não possuam reservas, ou estejam, em atraso.
1) Para efetuar a renovação de materiais emprestados, entre em “
Acesso Usuário
”* ou se preferir, baixe o aplicativo na Apple Store ou no Google Play pelo nome “Portal FEI”.
2) Preencha os campos:
• “usuário na biblioteca” com o número de matrícula (RA) para os alunos e número de identificação funcional para os professores e colaboradores;
• “senha” cadastrada no balcão de atendimento da biblioteca.
3) Clique em renovar.
4) Em caso de mais de um empréstimo;
5) Aponte para ""Empréstimo"" e clique em ""Renovação"";
6) Selecione todos os materiais e clique em ""Gravar"";
7) Surgirá na tela a confirmação de renovação com nova data de devolução.
Reserva
Reservas só poderão ser feitas caso todos os exemplares do título desejado estejam"
DOC003_C2_0030,DOC003,Biblioteca FEI,Serviços ao aluno / Administrativo,Alta,https://portal.fei.edu.br/biblioteca,C2,800,150,30,800,"tela a confirmação de renovação com nova data de devolução.
Reserva
Reservas só poderão ser feitas caso todos os exemplares do título desejado estejam emprestados.
1) Para efetuar a reserva de materiais acesse a página de
Consulta ao acervo
.
2) Digite o termo para pesquisa
3) Localize o título desejado e clique em reserva
4) Preencha os campos:
• “usuário na biblioteca” com o número de matrícula (RA) para os alunos e número de identificação funcional para os professores e colaboradores;
• “senha” cadastrada no balcão de atendimento da biblioteca.
5) Surgirá na tela a confirmação da reserva concluída; o usuário será avisado da chegada da reserva pelo e-mail atualizado em seu cadastro*.
*O título reservado, ficará disponível por 48 horas contadas a partir do recebimento do e-mail, encerrado"
DOC003_C2_0031,DOC003,Biblioteca FEI,Serviços ao aluno / Administrativo,Alta,https://portal.fei.edu.br/biblioteca,C2,800,150,31,799,"rva pelo e-mail atualizado em seu cadastro*.
*O título reservado, ficará disponível por 48 horas contadas a partir do recebimento do e-mail, encerrado o período estipulado, a reserva passa automaticamente para o próximo da fila de espera.
Solicitação de Malote
O empréstimo de materiais bibliográficos entre os campi SBC e SP, traz autonomia e agilidade na solicitação de materiais que não estejam disponíveis em sua unidade de origem.
Clique aqui e confira o procedimento!
COMUT
O serviço de Comutação Bibliográfica (COMUT) oferecido pelo Instituto Brasileiro de Informação em Ciência e Tecnologia (IBICT), permite a obtenção de cópias de documento técnico-científicos (artigos de periódicos) disponíveis nos acervos das principais bibliotecas brasileiras. Através do COMUT é possível obter artigos"
DOC003_C2_0032,DOC003,Biblioteca FEI,Serviços ao aluno / Administrativo,Alta,https://portal.fei.edu.br/biblioteca,C2,800,150,32,800,"técnico-científicos (artigos de periódicos) disponíveis nos acervos das principais bibliotecas brasileiras. Através do COMUT é possível obter artigos não encontrados na Biblioteca do Centro Universitário FEI.
É um serviço pago e seu custo é de R$ 1,82 (cada 5 páginas), valor estipulado pelo IBICT e que deverá ser pago pelo usuário que solicitar o serviço. Atenção, antes de solicitar o seu pedido de comutação, verifique se o artigo não se encontra disponível gratuitamente na internet ou nas Bases de Dados disponíveis na página da biblioteca.
Fazer o login com usuário e senha cadastrados na biblioteca. Clicar em solicitações e selecionar comutação bibliográfica.
Clique aqui para solicitar seu artigo via COMUT
Capacitação
As capacitações relacionadas abaixo têm como objetivo habilitar o usuár"
DOC003_C2_0033,DOC003,Biblioteca FEI,Serviços ao aluno / Administrativo,Alta,https://portal.fei.edu.br/biblioteca,C2,800,150,33,800,"ção bibliográfica.
Clique aqui para solicitar seu artigo via COMUT
Capacitação
As capacitações relacionadas abaixo têm como objetivo habilitar o usuário no uso das ferramentas e serviços oferecidos pela biblioteca:
Normalização de trabalhos acadêmicos:
noções gerais sobre a elaboração de trabalhos acadêmicos: estrutura do trabalho, elaboração de referências e citações.
Pesquisa em bases de dados:
apresentação das bases de dados disponíveis e orientações básicas quanto à pesquisa e processamento dos resultados obtidos.
Plágio: entender o que é, quais os tipos e suas modalidades.
O serviço será ministrado on-line.
Para realizar a inscrição:
Treinamento ABNT: clique aqui
Treinamento de Plágio: clique aqui
Link treinamento EBSCO e Portal CAPES:
Atenção!
A biblioteca disponibilizará certificado"
DOC003_C2_0034,DOC003,Biblioteca FEI,Serviços ao aluno / Administrativo,Alta,https://portal.fei.edu.br/biblioteca,C2,800,150,34,800,"inamento ABNT: clique aqui
Treinamento de Plágio: clique aqui
Link treinamento EBSCO e Portal CAPES:
Atenção!
A biblioteca disponibilizará certificado de participação.
O serviço não possui nenhum custo e funciona durante todo o período letivo.
Espaços da Biblioteca
Campus São Bernardo do Campo
Anterior
Próximo
Campus São Paulo
Anterior
Próximo
Fale com as bibliotecárias
Informações Gerais:
info_biblio@fei.edu.br
campus
São Bernardo do Campo
(11) 4353-2900
Bibliotecárias
Denise
denises@fei.edu.br
Márcia
mmorays@fei.edu.br
campus
São Paulo
(11) 3274-5200
Bibliotecária
Patrícia
pbraghin@fei.edu.br
Responsável pelas bibliotecas:
Cintia Fernandes, CRB-8/9403
Documentos
Plano de Contingência
Política de Desenvolvimento de Coleções
Aquisição de Livros – Formulário para solicitação de compra
Novas"
DOC003_C2_0035,DOC003,Biblioteca FEI,Serviços ao aluno / Administrativo,Alta,https://portal.fei.edu.br/biblioteca,C2,800,150,35,799,"CRB-8/9403
Documentos
Plano de Contingência
Política de Desenvolvimento de Coleções
Aquisição de Livros – Formulário para solicitação de compra
Novas Aquisições - consulte as novidades no catálogo da biblioteca!
Procedimentos para Recebimento de Doações
Procedimento para emissão do ""Nada Consta""
Torre de CDs
Abstracts [of] 14th International Annual EurOMA...
Anais do Congresso Nacional de Inclusão & Diversidade
Anais [do] VIII SIBRAV - 2005
[Anais do] XIX ENANGRAD
[Anais do] XXIX ENEGEP 2009
Anuário Estatístico ABAL 2007
Anuário da cidade de Santo André
Atlas Multimídia: Rochas
Casos de sucesso : software livre no metrô-SP
Contabilidade inside ERP
DINAME 2011
Enciclopédia Multimídia: Minerais
skf
Italian textile machinery - ACIMIT
Anais Werice Aeroespacial
Explorer-16: microchip PIC24F de"
DOC003_C2_0036,DOC003,Biblioteca FEI,Serviços ao aluno / Administrativo,Alta,https://portal.fei.edu.br/biblioteca,C2,800,150,36,800,"de ERP
DINAME 2011
Enciclopédia Multimídia: Minerais
skf
Italian textile machinery - ACIMIT
Anais Werice Aeroespacial
Explorer-16: microchip PIC24F design series
Manual de operação e manutenção do sistema de esgotos sanitários
Manual do concreto dosado em central
Mecânica automobilística : 40 anos
Mundo Logística
Políticas y sistema de autoevaluación...
RAA 2006 : [anais do] II simposio sobre reação...
Relatório de qualidade ambiental do estado de São Paulo
65º congresso anual da ABM - internacional [anais] :
ACI's 2009 manual of concrete practice
Práticas Logísticas 2010
Anuário do trabalho na micro e pequena empresa 2009
Regulamento
O regulamento tem como principal objetivo estabelecer normas e procedimentos dos serviços adotados prestados pela Biblioteca.
Informações Gerais
Somente os u"
DOC003_C2_0037,DOC003,Biblioteca FEI,Serviços ao aluno / Administrativo,Alta,https://portal.fei.edu.br/biblioteca,C2,800,150,37,800,"amento tem como principal objetivo estabelecer normas e procedimentos dos serviços adotados prestados pela Biblioteca.
Informações Gerais
Somente os usuários com cadastro biométrico poderão fazer uso do serviço de empréstimos de materiais;
O usuário deverá informar quaisquer anormalidades notadas em materiais emprestados ou consultados, sob pena de tornar-se responsável por eles;
Os materiais consultados não devem ser recolocados nas estantes, e sim deixados sobre a mesa ou nas prateleiras das pilastras;
A biblioteca dispõe de mesas para estudo individual;
É de única, total e exclusiva responsabilidade do usuário a manutenção e o cuidado pelos objetos de uso pessoal deixados nas dependências da biblioteca. Recomenda-se levar todos os seus pertences ao deixar as instalações da biblioteca;
M"
DOC003_C2_0038,DOC003,Biblioteca FEI,Serviços ao aluno / Administrativo,Alta,https://portal.fei.edu.br/biblioteca,C2,800,150,38,800,"s objetos de uso pessoal deixados nas dependências da biblioteca. Recomenda-se levar todos os seus pertences ao deixar as instalações da biblioteca;
Manter o silêncio no espaço da biblioteca é indispensável para se obter o ambiente adequado ao estudo;
É vetado o uso do telefone celular e o consumo de alimentos e bebidas nas dependências da biblioteca;
Nos meses de férias escolares o horário de funcionamento da biblioteca será diferenciado;
Não será permitida a entrada de pessoas com pastas, fichários, bolsas, sacolas, pacotes, etc. Esses materiais deverão ser deixados no guarda-volumes, retirando uma chave no balcão de atendimento. A chave deverá ser devolvida no mesmo dia para que o usuário não fique suspenso por um período de 15 (quinze) dias;
O e-mail, é apenas, uma forma de lembrar o u"
DOC003_C2_0039,DOC003,Biblioteca FEI,Serviços ao aluno / Administrativo,Alta,https://portal.fei.edu.br/biblioteca,C2,800,150,39,800,"verá ser devolvida no mesmo dia para que o usuário não fique suspenso por um período de 15 (quinze) dias;
O e-mail, é apenas, uma forma de lembrar o usuário da data de devolução do material, que é uma responsabilidade exclusiva dele, portanto, o não envio da mensagem, independente do motivo, não o isenta do pagamento da multa;
A justificativa de atraso na entrega do material, por impossibilidade de renovação online, não é aceita, pois caso isso ocorra, o usuário deverá entrar em contato imediatamente, para que o problema seja solucionado;
Materiais com datas de devolução vencidas deverão ser devolvidos no balcão de atendimento para pagamento da multa, uma vez que o sistema não renova materiais com data de devolução em atraso;
Ao entrar na Biblioteca com material emprestado, o usuário dever"
DOC003_C2_0040,DOC003,Biblioteca FEI,Serviços ao aluno / Administrativo,Alta,https://portal.fei.edu.br/biblioteca,C2,800,150,40,800,"da multa, uma vez que o sistema não renova materiais com data de devolução em atraso;
Ao entrar na Biblioteca com material emprestado, o usuário deverá registrar a entrada e, ao sair, registrar a saída;
Constitui responsabilidade do usuário conservar limpo e organizado os locais de estudos, o acervo, as estações multimídia e todo o ambiente de apoio, como mobiliário e equipamentos.
Inscrições
Para utilizar os serviços oferecidos pela biblioteca o usuário precisa efetuar seu cadastro biométrico no balcão de atendimento.
Empréstimos
O empréstimo de materiais é reservado a alunos, professores, pesquisadores e funcionários do Centro Universitário FEI;
O empréstimo é pessoal, não sendo permitida a retirada de materiais em nome de outro usuário;
Enciclopédias, dicionários, periódicos e obras rar"
DOC003_C2_0041,DOC003,Biblioteca FEI,Serviços ao aluno / Administrativo,Alta,https://portal.fei.edu.br/biblioteca,C2,800,150,41,799,"FEI;
O empréstimo é pessoal, não sendo permitida a retirada de materiais em nome de outro usuário;
Enciclopédias, dicionários, periódicos e obras raras são consideradas “Obras Não Circulantes”;
O usuário somente poderá fazer a reserva de materiais via Catálogo online; o material reservado ficará à disposição do interessado por 48 (quarenta e oito) horas consecutivas da data do recebimento do e-mail, independentemente do horário do funcionamento da biblioteca;
Os materiais em atraso não poderão ter seus prazos de devolução prorrogados antes da regularização da situação;
Para os materiais devolvidos fora dos prazos estipulados serão cobradas multas por dias úteis e por material;
O usuário deverá indenizar a biblioteca em caso de extravio ou danos aos materiais emprestados, sob forma de subs"
DOC003_C2_0042,DOC003,Biblioteca FEI,Serviços ao aluno / Administrativo,Alta,https://portal.fei.edu.br/biblioteca,C2,800,150,42,800,"ultas por dias úteis e por material;
O usuário deverá indenizar a biblioteca em caso de extravio ou danos aos materiais emprestados, sob forma de substituição dos mesmos;
A devolução dos materiais poderá ser efetuada nos dois campi (SBC/SP) independente do campus que o usuário estuda;
A renovação só será feita via Catálogo online, até 06 (seis) vezes, desde que o material não esteja atrasado ou reservado;
Ao usuário não será permitida a reserva de materiais que se encontram em seu poder;
Não será permitida a reserva de materiais que não se encontram emprestados (reserva antecipada);
O usuário é responsável pela boa utilização e zelo dos equipamentos.
Alunos de graduação, especialização, iniciação científica e funcionários
10 Livros, 03 trabalhos acadêmicos, 01catálogo, 02 materiais audiovi"
DOC003_C2_0043,DOC003,Biblioteca FEI,Serviços ao aluno / Administrativo,Alta,https://portal.fei.edu.br/biblioteca,C2,800,150,43,800,"amentos.
Alunos de graduação, especialização, iniciação científica e funcionários
10 Livros, 03 trabalhos acadêmicos, 01catálogo, 02 materiais audiovisuais e 01 sacola retornável;
O prazo de empréstimos é de 07 (sete) dias corridos, podendo ser prorrogado por mais 07 (sete) dias caso o material não tenha sido reservado.
Alunos de Mestrado e Doutorado, Professores e Pesquisadores
10 Livros, 03 trabalhos acadêmicos, 01 catálogo, 02 materiais audiovisuais e 01 sacola retornável;
O prazo de empréstimos é de 14 (quatorze) dias corridos, podendo ser prorrogado por mais 14 (quatorze) dias caso o material não tenha sido reservado.
Biblioteca das Coisas
Sacolas e pastas retornáveis
Empréstimo 7 dias
Quantidade: 1 sacola ou pasta por vez;
Renovação até 6 vezes;
Não será cobrado multa, mas o aluno fi"
DOC003_C2_0044,DOC003,Biblioteca FEI,Serviços ao aluno / Administrativo,Alta,https://portal.fei.edu.br/biblioteca,C2,800,150,44,800,"as
Sacolas e pastas retornáveis
Empréstimo 7 dias
Quantidade: 1 sacola ou pasta por vez;
Renovação até 6 vezes;
Não será cobrado multa, mas o aluno ficará suspenso dos outros serviços da biblioteca enquanto não devolver a sacola;
Não será cobrado taxa se a sacola for devolvida danificada (riscada, rasgada, alça solta), ela será descartada;
Em caso de perda ou extravio
será cobrado uma taxa no valor de R$10,00;
Fones de ouvido
Empréstimo: interno por até 12 horas
Quantidade: 1 fone de ouvido por vez;
Renovação: não poderá ser renovado;
Multa: não será cobrado multa e sim suspensão de (2 dias), caso o fone não seja devolvido no mesmo dia;
Extravio ou perda: o usuário
deverá repor outro fone de ouvido
e ficará suspenso dos outros serviços até a regularização de sua pendência.
Calculadora Casi"
DOC003_C2_0045,DOC003,Biblioteca FEI,Serviços ao aluno / Administrativo,Alta,https://portal.fei.edu.br/biblioteca,C2,800,150,45,800,"vio ou perda: o usuário
deverá repor outro fone de ouvido
e ficará suspenso dos outros serviços até a regularização de sua pendência.
Calculadora Casio fx-82MS
Empréstimo: diário
Quantidade: 1 calculadora por vez;
Renovação: não poderá ser
renovada;
Multa: não será cobrado multa e sim suspensão de (15 dias), caso a calculadora não seja devolvida na data;
Extravio, perda ou dano: o usuário deverá
repor a calculadora da mesma marca e modelo
e ficará suspenso dos outros serviços até a regularização de sua pendência.
Carregador de celular Power Bank CB097
Empréstimo: diário
Quantidade: 1 carregador + 1 cabo USB por vez;
Renovação: não poderá ser renovado;
Multa: não será cobrado multa e sim suspensão de (15 dias), caso o carregador não seja devolvido na data;
Extravio, perda ou dano: o usuário"
DOC003_C2_0046,DOC003,Biblioteca FEI,Serviços ao aluno / Administrativo,Alta,https://portal.fei.edu.br/biblioteca,C2,800,150,46,800,"renovado;
Multa: não será cobrado multa e sim suspensão de (15 dias), caso o carregador não seja devolvido na data;
Extravio, perda ou dano: o usuário deverá
repor o carregador
da mesma marca e modelo
e ficará suspenso dos outros serviços até a regularização de sua pendência.
Adaptador de tomada Bob Sponge 10A-20A/250V
Empréstimo: diário
Quantidade: 1 adaptador por vez;
Renovação: não poderá ser renovado;
Multa: não será cobrado multa e sim suspensão de (15 dias), caso o adaptador não seja devolvido na data;
Extravio ou perda: o usuário deverá
repor o adaptador da mesma marca e modelo
e ficará suspenso dos outros serviços até a regularização de sua pendência.
Guarda-Volumes
Os guarda-volumes, são de uso coletivo e utilizados exclusivamente pelos usuários da biblioteca;
O empréstimo das cha"
DOC003_C2_0047,DOC003,Biblioteca FEI,Serviços ao aluno / Administrativo,Alta,https://portal.fei.edu.br/biblioteca,C2,800,150,47,800,"de sua pendência.
Guarda-Volumes
Os guarda-volumes, são de uso coletivo e utilizados exclusivamente pelos usuários da biblioteca;
O empréstimo das chaves será efetuado no balcão de atendimento mediante a solicitação pessoal do usuário e apresentação do cartão institucional ou digitação de R.A e utilização da biometria;
Cada usuário poderá emprestar uma chave correspondente a um armário;
O armário só poderá ser utilizado no período em que o usuário estiver no interior da biblioteca;
O usuário deverá devolver a chave até o término do expediente da biblioteca,
ou ficará automaticamente afastado até a devolução da mesma e suspenso pelo período de 15 dias;
A perda ou extravio da chave/chaveiro incorrerá em troca de miolo/cópias de chave, com custas cobertas pelo usuário no valor de R$ 10,00.
Le"
DOC003_C2_0048,DOC003,Biblioteca FEI,Serviços ao aluno / Administrativo,Alta,https://portal.fei.edu.br/biblioteca,C2,800,150,48,799,"15 dias;
A perda ou extravio da chave/chaveiro incorrerá em troca de miolo/cópias de chave, com custas cobertas pelo usuário no valor de R$ 10,00.
Lembre-se
O usuário é responsável pelo material em uso; em caso de extravio ou dano, a biblioteca deverá ser indenizada sob a forma de substituição do material do devido valor; estando o material esgotado, o usuário deverá pagar à biblioteca a quantia correspondente ao dobro do preço atualizado do material.
O usuário não se eximirá do ressarcimento nos termos do item anterior, ainda que o extravio tenha sido consequência de fato delituoso, do qual tenha sido vítima. As exceções à imposição da penalidade serão analisadas à luz da legislação pertinente, caso a caso.
O usuário que não devolver o material no prazo fixado deverá pagar multa conforme"
DOC003_C2_0049,DOC003,Biblioteca FEI,Serviços ao aluno / Administrativo,Alta,https://portal.fei.edu.br/biblioteca,C2,800,150,49,800,"lidade serão analisadas à luz da legislação pertinente, caso a caso.
O usuário que não devolver o material no prazo fixado deverá pagar multa conforme as bases estabelecidas no regulamento da biblioteca.
Ao usuário em débito com a biblioteca não será permitido o empréstimo de materiais; caso o débito não seja liquidado em 90 (noventa) dias, o usuário ficará impedido de utilizar os serviços da biblioteca até a regularização da situação.
No caso de uso do cartão institucional por outro usuário que não o titular ou de tentativa de tal ação, os envolvidos estarão sujeitos à suspensão por até 06 (seis) meses de todos os serviços da biblioteca; na reincidência será aberto processo pela Comissão Permanente de Inquérito do Centro Universitário FEI.
No caso de tentativa de furto de qualquer materia"
DOC003_C2_0050,DOC003,Biblioteca FEI,Serviços ao aluno / Administrativo,Alta,https://portal.fei.edu.br/biblioteca,C2,800,150,50,800,"reincidência será aberto processo pela Comissão Permanente de Inquérito do Centro Universitário FEI.
No caso de tentativa de furto de qualquer material será aberto processo na Comissão Permanente de Inquérito e o usuário ficará impedido de utilizar a biblioteca até a decisão da Reitoria.
O acervo da biblioteca está eletronicamente protegido contra furto. No caso de soar o alarme, o usuário deverá apresentar seus pertences para serem vistoriados pelo funcionário do atendimento.
Alegar desconhecer o regulamento não escusa o usuário das penalidades constantes neste regulamento.
Os casos não previstos neste regulamento serão analisados individualmente pelo responsável da biblioteca.
O usuário ao fazer sua inscrição compromete-se a cumprir a Lei sobre os Direitos Autorais (Lei nº 9.610, de 19/0"
DOC003_C2_0051,DOC003,Biblioteca FEI,Serviços ao aluno / Administrativo,Alta,https://portal.fei.edu.br/biblioteca,C2,800,150,51,800,"mente pelo responsável da biblioteca.
O usuário ao fazer sua inscrição compromete-se a cumprir a Lei sobre os Direitos Autorais (Lei nº 9.610, de 19/02/1998), quanto à reprografia de material bibliográfico nas dependências da biblioteca e estar ciente do regulamento.
Perguntas Frequentes
Para fazer o empréstimo preciso ter o cartão unificado?
Não. Para utilizar os serviços oferecidos pela biblioteca o usuário precisa efetuar seu cadastro biométrico no
balcão de atendimento.
Qual usuário devo colocar para renovar ou fazer reserva através do site?
Para a biblioteca o usuário é seu número de matrícula.
Ex-aluno pode emprestar livro na biblioteca?
Não, apenas fazer pesquisas.
Posso fazer reserva de um livro que esteja disponível na biblioteca?
A reserva só poderá ser realizada se o livro estiv"
DOC003_C2_0052,DOC003,Biblioteca FEI,Serviços ao aluno / Administrativo,Alta,https://portal.fei.edu.br/biblioteca,C2,800,150,52,799,"?
Não, apenas fazer pesquisas.
Posso fazer reserva de um livro que esteja disponível na biblioteca?
A reserva só poderá ser realizada se o livro estiver emprestado.
Como fico sabendo que minha reserva está disponível?
Através da área ""Meu Pergamum"" localizada na página de pesquisa da biblioteca ou através do e-mail cadastrado
no portal do aluno.
Como é realizada a cobrança de multa e qual o valor?
Após o vencimento do prazo de devolução será cobrado R$ 1,00 por dia e por material, contando os dias úteis.
O pagamento deverá ser realizado em dinheiro ou cheque no balcão de atendimento da biblioteca na data de
devolução do material.
Qual o procedimento para perda ou extravio de um livro?
Em primeiro lugar informar imediatamente à biblioteca sobre o ocorrido. Em seguida efetuar a reposição do"
DOC003_C2_0053,DOC003,Biblioteca FEI,Serviços ao aluno / Administrativo,Alta,https://portal.fei.edu.br/biblioteca,C2,800,150,53,800,"dimento para perda ou extravio de um livro?
Em primeiro lugar informar imediatamente à biblioteca sobre o ocorrido. Em seguida efetuar a reposição do mesmo,
pois caso haja demora deste aviso ocorrerá multa e o usuário deverá pagar pelos dois.
Se eu esquecer de entregar a chave do armário o que acontecerá?
Você não poderá fazer empréstimos por 15 (quinze) dias. Havendo reincidência o caso será avaliado pela
coordenação da biblioteca.
Quanto tempo posso ficar com os livros?
Se você é aluno de graduação, especialização ou funcionário o prazo de empréstimo é de 07 (sete) dias corridos,
podendo ser prorrogado por mais 07 (sete) dias caso a obra não tenha sido reservada por outro sócio. No caso dos
alunos de mestrado, doutorado, professores e pesquisadores o prazo é de 14 (quatorze) dias corrido"
DOC003_C2_0054,DOC003,Biblioteca FEI,Serviços ao aluno / Administrativo,Alta,https://portal.fei.edu.br/biblioteca,C2,800,150,54,800,"o tenha sido reservada por outro sócio. No caso dos
alunos de mestrado, doutorado, professores e pesquisadores o prazo é de 14 (quatorze) dias corridos, podendo ser
renovado no caso de não haver reserva da obra.
Quantos livros posso retirar?
Alunos de graduação, especialização e funcionários podem retirar até 7 (sete) livros. Alunos de Mestrado,
Doutorado, Professores e pesquisadores podem retirar até 10 livros.
Biblioteca Digital
Clique aqui
e veja como acessar a base de dados fora da FEI.
Base de Dados
• Portal de periódicos CAPES
• EBSCOhost
Publicações Institucionais
• Cadernos da FEI
• Revista Domínio FEI
• Revista da Computação
• E-Books
• Convênio Microsoft Azure Dev Tools
Acessibilidade
Parceria
A biblioteca do Centro Universitário FEI firmou uma parceria em 2019 com a Fundação Dor"
DOC003_C2_0055,DOC003,Biblioteca FEI,Serviços ao aluno / Administrativo,Alta,https://portal.fei.edu.br/biblioteca,C2,800,150,55,800,"s
• Convênio Microsoft Azure Dev Tools
Acessibilidade
Parceria
A biblioteca do Centro Universitário FEI firmou uma parceria em 2019 com a Fundação Dorina Nowill para Cegos, através da Rede Nacional de Leitura Inclusiva, que tem como objetivo facilitar o acesso da pessoa com deficiência visual ao mundo da leitura por meio da mobilização e estreitamento da relação entre educadores, mediadores de leitura, governos, agentes de bibliotecas e de organizações sociais, incentivando a disseminação da leitura inclusiva pelo Brasil.
A Fundação Dorina Nowill para Cegos é uma organização sem fins lucrativos que há mais de 70 anos se dedica à inclusão de crianças, jovens e adultos cegos e com baixa visão por meio de atendimento especializado e da produção e distribuição de livros acessíveis em braile, f"
DOC003_C2_0056,DOC003,Biblioteca FEI,Serviços ao aluno / Administrativo,Alta,https://portal.fei.edu.br/biblioteca,C2,800,150,56,800,"rianças, jovens e adultos cegos e com baixa visão por meio de atendimento especializado e da produção e distribuição de livros acessíveis em braile, fonte ampliada e braile concomitantes, falados e digitais acessíveis, distribuídos para pessoas com deficiência visual e para escolas, bibliotecas e organizações de todo o Brasil.
Conheça a página da Dorinateca
Biblioteca Digital da Dorina Nowill
Dicas de Acessibilidade
Dicionário de Libras
Bengala Legal
Acessibilidade Digital
Base de Dados
As bases de dados são plataformas multidisciplinares destinadas à pesquisa de periódicos científicos, seus
respectivos artigos e e-books.
Visam atender a todas as áreas de conhecimento distribuindo de forma mais objetiva o conteúdo necessário para
o desenvolvimento acadêmico.
O Centro Universitário FEI disp"
DOC003_C2_0057,DOC003,Biblioteca FEI,Serviços ao aluno / Administrativo,Alta,https://portal.fei.edu.br/biblioteca,C2,800,150,57,308,"s as áreas de conhecimento distribuindo de forma mais objetiva o conteúdo necessário para
o desenvolvimento acadêmico.
O Centro Universitário FEI disponibiliza o acesso de dentro dos campi ou acesso remoto através do procedimento
abaixo:
Procedimentos para acesso
externo
Portal de periódicos CAPES
EBSCOhost"
DOC003_C3_0001,DOC003,Biblioteca FEI,Serviços ao aluno / Administrativo,Alta,https://portal.fei.edu.br/biblioteca,C3,1200,200,1,1200,"Biblioteca - FEI
Biblioteca
Pe. Aldemar
Moreira S.J.
Notícias e Eventos da Biblioteca
7º CONCURSO LITERÁRIO FEI
Faça sua inscrição preenchendo o formulário abaixo:
Clique aqui
A Biblioteca
Redes Sociais:
/biblioteca.fei
@FEIbiblioteca
@FEIbiblioteca
Conheça a biblioteca
A Biblioteca do Centro Universitário FEI foi instalada em 29 de março de 1946, começando a funcionar em 11 de
dezembro de 1950.
Atualmente, a Biblioteca Pe. Aldemar Moreira está dividida em duas unidades, uma situada no campus São Bernardo do
Campo e outra no campus São Paulo.
Disponibiliza a seus usuários um grande e valioso acervo de informações e cultura, composto por livros e uma
expressiva quantidade de revistas, periódicos, multimeios e bases de dados com ampla variedade de temas que vão ao
encontro das necessidades acadêmicas, além da Biblioteca Digital de Teses e Dissertações.
O acervo da Biblioteca do Centro Universitário FEI está disponível para consulta dos alunos, funcionários e
ex-alunos da Instituição.
Bases
Clique nas imagens abaixo para acessar.
Horário de Funcionamento
De Segunda a Sexta-Feira:
Campus SBC das 08h00 às 21h45
Campus SP das 08h00 às 21h15
Aos Sábados:
Campus SBC das 09h30 às 13h15
Camp"
DOC003_C3_0002,DOC003,Biblioteca FEI,Serviços ao aluno / Administrativo,Alta,https://portal.fei.edu.br/biblioteca,C3,1200,200,2,1200,"es
Clique nas imagens abaixo para acessar.
Horário de Funcionamento
De Segunda a Sexta-Feira:
Campus SBC das 08h00 às 21h45
Campus SP das 08h00 às 21h15
Aos Sábados:
Campus SBC das 09h30 às 13h15
Campus SP - Fechada
Horário Durante as Férias
De Segunda a Sexta-Feira:
Campus SBC das 08h00 às 18h45
Campus SP 08h00 às 17h45
Deixe sua sugestão
Nome
*
E-mail
*
Telefone
Celular
*
Mensagem
*
BASES DE DADOS – ACESSO RESTRITO
EBSCO (
Acessar bases de dados
)
Academic Search Complete
Base de dados de texto completo multidisciplinar, mais valiosa do mundo e mais abrangente academicamente, com mais de 8.500 periódicos de texto completo, incluindo mais de 7.300 periódicos revisados por especialistas. Além de texto completo, essa base de dados oferece resumos para mais de 12.500 periódicos e um total de mais de 13.200 publicações, incluindo monografias, relatórios, documentos de conferências, etc. A base de dados apresenta conteúdo em PDF que remonta a 1887, com a maioria de títulos de texto completo em formato PDF nativo (pesquisável). São fornecidas referências citadas pesquisáveis para mais de 1.400 periódicos.
Business Source Complete
É a mais completa base de dados acadêmica na área de negó"
DOC003_C3_0003,DOC003,Biblioteca FEI,Serviços ao aluno / Administrativo,Alta,https://portal.fei.edu.br/biblioteca,C3,1200,200,3,1200,"o em formato PDF nativo (pesquisável). São fornecidas referências citadas pesquisáveis para mais de 1.400 periódicos.
Business Source Complete
É a mais completa base de dados acadêmica na área de negócios do mundo, que oferece a melhor coleção de conteúdo bibliográfico e em texto completo. Como parte da cobertura abrangente oferecida por esta base de dados, também estão incluídos os índices e resumos dos periódicos científicos acadêmicos mais importantes desde 1886, além das referências pesquisáveis citadas fornecidas de mais de 1.300 periódicos científicos.
Fuente Académica Premier
É uma coleção de rápida expansão de mais de 1.000 revistas científicas da América Latina, Portugal e Espanha. Todos os temas principais são abordados com ênfase particular na agricultura, ciências biológicas, economia, história, direito, literatura, filosofia, psicologia, administração pública, religião e sociologia. É uma ferramenta indispensável de alcance excepcional projetada para pesquisa acadêmica, em formato PDF. A base de dados é atualizada semanalmente.
Psychology and Behavioral Sciences Collection
Banco de dados abrangente que cobre informações relativas a tópicos em características comportame"
DOC003_C3_0004,DOC003,Biblioteca FEI,Serviços ao aluno / Administrativo,Alta,https://portal.fei.edu.br/biblioteca,C3,1200,200,4,1199,"formato PDF. A base de dados é atualizada semanalmente.
Psychology and Behavioral Sciences Collection
Banco de dados abrangente que cobre informações relativas a tópicos em características comportamentais e emocionais, psiquiatria e psicologia, processos mentais, antropologia, métodos experimentais e observacionais. Esse é o maior banco de dados de texto completo do mundo, oferecendo abrangência de texto completo para quase 400 periódicos.
Computer Source
Oferece a pesquisadores as últimas informações e tendências em alta tecnologia. Essa base de dados oferece o texto completo de aproximadamente 300 publicações, além de índices e resumos de cerca de 450 publicações.
GreenFILE
Base de dados que oferece ótimas informações de pesquisa cobrindo todos os aspectos do impacto humano no meio ambiente. Sua coleção de títulos de interesse acadêmico, governamental e geral incluem conteúdos sobre aquecimento global, construções ecológicas, poluição, agricultura sustentável, energia renovável, reciclagem e mais. A base de dados oferece índice e resumos de mais de 1.000.000 registros, bem como Livre Acesso a textos completos de mais de 15,000 registros.
Target – GedWeb
Sistema de Gestão de Norm"
DOC003_C3_0005,DOC003,Biblioteca FEI,Serviços ao aluno / Administrativo,Alta,https://portal.fei.edu.br/biblioteca,C3,1200,200,5,1200,"iclagem e mais. A base de dados oferece índice e resumos de mais de 1.000.000 registros, bem como Livre Acesso a textos completos de mais de 15,000 registros.
Target – GedWeb
Sistema de Gestão de Normas e Documentos Regulatórios, foi desenvolvido para gerenciar grandes acervos de normas e informações técnicas.
Clique aqui para acessar
PORTAL DE PERIÓDICOS DA CAPES
O Portal Capes, além do conteúdo de acesso restrito, reúne uma seleção de bases de dados, páginas, portais e bibliotecas virtuais de acesso livre.
ASME
Desde 1880, o ASME Journal Program tem usado uma avaliação rigorosa e revisada por pares para publicar pesquisas da mais alta qualidade e torná-las disponíveis para profissionais de engenharia que buscam mudar o mundo. Os diários da ASME são vitais para manter os engenheiros atualizados com a teoria, prática e aplicação atuais.
ASTM International (American Society for Testing and Materials)
É um órgão que tem como responsabilidade o desenvolvimento e a publicação de normas técnicas aplicadas para diversos produtos, materiais, serviços e sistemas. É equivalente à ABNT, Associação Brasileira de Normas Técnicas.
Criada no ano de 1898 por um grupo de cientistas e de engenheiro"
DOC003_C3_0006,DOC003,Biblioteca FEI,Serviços ao aluno / Administrativo,Alta,https://portal.fei.edu.br/biblioteca,C3,1200,200,6,1200,"nicas aplicadas para diversos produtos, materiais, serviços e sistemas. É equivalente à ABNT, Associação Brasileira de Normas Técnicas.
Criada no ano de 1898 por um grupo de cientistas e de engenheiros, a ASTM tem um papel entre os padrões de desenvolvedores nos Estados Unidos. É considerada a maior incorporadora mundial de normas.
SCOPUS (Elsevier)
Scopus é o maior banco de dados de resumos e citações da literatura com revisão por pares: revistas científicas, livros, processos de congressos e publicações do setor. Oferecendo um panorama abrangente da produção de pesquisas do mundo nas áreas de ciência, tecnologia, medicina, ciências sociais, artes e humanidades.
SpringerLink
A Springer é um portfólio científico, técnico e médico líder global, fornecendo aos pesquisadores da academia, instituições científicas e departamentos de P&D corporativos conteúdo de qualidade por meio de informações, produtos e serviços inovadores.
Web of Science (Thomson Reuters Scientific)
O banco de dados de resumos da Web of Science (WOS) é um dos recursos mais extensos do mundo para citação, indexação e análise de citações de uma ampla variedade de trabalhos científicos em todos os campos científicos po"
DOC003_C3_0007,DOC003,Biblioteca FEI,Serviços ao aluno / Administrativo,Alta,https://portal.fei.edu.br/biblioteca,C3,1200,200,7,1199,"resumos da Web of Science (WOS) é um dos recursos mais extensos do mundo para citação, indexação e análise de citações de uma ampla variedade de trabalhos científicos em todos os campos científicos possíveis.
Science Direct (Elsevier)
A ScienceDirect combina publicações confiáveis de textos completos nas áreas científica, técnica e de saúde com funções inteligentes e intuitivas para que os usuários possam se manter informados em suas áreas e trabalhar com maior eficiência e efetividade.
Wiley Online Library
Cobre as áreas de Ciências Biológicas, Ciências da Saúde, Ciências Exatas e da Terra, Ciências Agrárias, Ciências Sociais Aplicadas, Ciências Humanas e Linguística, Letras e Artes.
JSTOR
JSTOR Arts & Sciences I Collection (Humanities). Inclui o acervo completo de títulos contendo 176 periódicos e abrangendo 35 disciplinas, incluindo as mais importantes publicações de sociedades voltadas para as áreas de economia, história, ciências políticas, sociologia, assim como outros importantes títulos em ecologia, matemática e estatística. Coleção de títulos retrospectivos.
JSTOR Arts & Sciences III Collection (Social Sciences). Base de dados contendo os arquivos de contém 223 periódicos"
DOC003_C3_0008,DOC003,Biblioteca FEI,Serviços ao aluno / Administrativo,Alta,https://portal.fei.edu.br/biblioteca,C3,1200,200,8,1199,"s títulos em ecologia, matemática e estatística. Coleção de títulos retrospectivos.
JSTOR Arts & Sciences III Collection (Social Sciences). Base de dados contendo os arquivos de contém 223 periódicos provenientes de importantes sociedades científicas, inclui revistas em línguas e literatura, bem como títulos essenciais nas áreas da música, estudos de cinema, folclore, artes cênicas, religião e história e estudo da arte e arquitetura.
JSTOR Mathematics & Statistics. A coleção JSTOR Mathematics & Statistics contém 107 títulos revisados por pares em texto completo, nas ciências matemáticas e estatísticas.
AUSJAL (
Acessar bases de dados
)
O repositório AUSJAL captura, armazena, indexa, preserva e distribui material acadêmico e de pesquisa em formato digital, das diversas instituições de ensino superior na rede de Universidades confiadas à Companhia de Jesus na América Latina.
BASES DE DADOS – ACESSO ABERTO
Biblioteca Digital Ibict
O ibict integra os sistemas de informação de teses e dissertações existentes nas instituições de ensino e pesquisa do Brasil, e também estimula o registro e a publicação de teses e dissertações em meio eletrônico.
Acessar Base
Scielo – Periódicos
Biblioteca"
DOC003_C3_0009,DOC003,Biblioteca FEI,Serviços ao aluno / Administrativo,Alta,https://portal.fei.edu.br/biblioteca,C3,1200,200,9,1200,"rtações existentes nas instituições de ensino e pesquisa do Brasil, e também estimula o registro e a publicação de teses e dissertações em meio eletrônico.
Acessar Base
Scielo – Periódicos
Biblioteca eletrônica que abrange uma coleção selecionada de periódicos científicos.
Acessar Base
Spell
Biblioteca eletrônica que disponibiliza a produção de periódicos científicos para consulta e download. Concentra-se inicialmente, nas áreas de Administração, Contabilidade e Turismo.
Acessar Base
Researchgate
É uma rede social criada em 2008, com a missão de conectar o mundo da ciência e tornar a pesquisa aberta para todos, pesquisadores como o cientista, o clínico, o estudante, o engenheiro, o trabalhador de saúde pública, o técnico de laboratório, o cientista da computação disponibilizam e compartilham seus trabalhos na plataforma.
Acessar Base
Academia
Academia é uma plataforma de compartilhamento de pesquisas acadêmicas. Os acadêmicos carregaram 22 milhões de artigos e 31 milhões de acadêmicos, profissionais e estudantes leem artigos na Academia todos os meses.
Acessar Base
CiteSeer
É uma biblioteca digital de literatura científica em evolução e mecanismo de pesquisa que se concentrou princ"
DOC003_C3_0010,DOC003,Biblioteca FEI,Serviços ao aluno / Administrativo,Alta,https://portal.fei.edu.br/biblioteca,C3,1200,200,10,1199,"profissionais e estudantes leem artigos na Academia todos os meses.
Acessar Base
CiteSeer
É uma biblioteca digital de literatura científica em evolução e mecanismo de pesquisa que se concentrou principalmente na literatura em ciência da computação e da informação. Fornece recurso como algoritmos, dados, metadados, serviços, técnicas e software que podem ser usados para promover outras bibliotecas.
Acessar Base
E-books – Acesso restrito
eBook Academic Collection (EBSCOhost)
(
Acessar bases de dados
)
Este crescente pacote de assinatura contém um vasto conjunto de títulos e-Book multidisciplinares que representam uma ampla cadeia de assuntos acadêmicos e um forte complemento para qualquer coleção acadêmica. A quantidade de informações disponíveis neste pacote garante que os usuários tenham acesso a informações relevantes para as suas necessidades de pesquisa.
E-books – Acesso gratuito
Aplauso - Letras e Artes
A coleção Aplauso, foi lançada pela Imprensa Oficial. Neste site você encontra biografias de artistas, cineastas e dramaturgos além de roteiros de cinema, peças de teatro e a história de diversas emissoras de TV.
Acessar base
Biblioteca Digital da Administração Pública
A Biblio"
DOC003_C3_0011,DOC003,Biblioteca FEI,Serviços ao aluno / Administrativo,Alta,https://portal.fei.edu.br/biblioteca,C3,1200,200,11,1199,"biografias de artistas, cineastas e dramaturgos além de roteiros de cinema, peças de teatro e a história de diversas emissoras de TV.
Acessar base
Biblioteca Digital da Administração Pública
A Biblioteca Digital da Administração Pública é um espaço para o compartilhamento de conteúdo relevante sobre gestão pública, economia no setor público e políticas públicas.
Acessar base
Blucher Open Acess
Open Access é uma forma de publicar trabalhos científicos/acadêmicos e disponibilizá-los on-line para qualquer pessoa interessada sem nenhum custo para o leitor.
Acessar base
Doab Books
O Directory of Open Access Books (DOAB) é um serviço de descoberta de livros de acesso aberto. O DOAB fornece um índice pesquisável para monografias revisadas por pares e coleções editadas publicadas sob uma licença de acesso aberto, com links para os textos completos das publicações no site da editora ou repositório.
Acessar base
Editora da UNESP
Cultura Acadêmica é o segundo selo da Fundação Editora da UNESP, cujp selo central é o Editora UNESP, que existe desde 1987 e tounou-se marca já consagrada com um catálogo que caracteriza como editora universitária de destaque junto ao leitor brasileiro e ibero amer"
DOC003_C3_0012,DOC003,Biblioteca FEI,Serviços ao aluno / Administrativo,Alta,https://portal.fei.edu.br/biblioteca,C3,1200,200,12,1200,"ujp selo central é o Editora UNESP, que existe desde 1987 e tounou-se marca já consagrada com um catálogo que caracteriza como editora universitária de destaque junto ao leitor brasileiro e ibero americano.
Livros para download gratuitos da editora UNESP.
Acessar base
LabCom - Universidade da Beira Interior (Portugal)
LabCom Books é uma plataforma de publicação transdisciplinar e multidisciplinar dedicada à publicação online de livros científicos nas áreas da Comunicação, Filosofia e Humanidades. Projetado para a difusão universal da ciência e do conhecimento, o LabCom Books publica e-books em acesso aberto em português, inglês e outros idiomas.
Acessar base
Open Library
A Biblioteca Aberta é um projeto do Internet Archive sem fins lucrativos e foi financiado em parte por uma doação da Biblioteca do Estado da Califórnia e da Fundação Kahle / Austin.
Acessar base
SciElo Livros
O SciELO Livros opera como rede cooperativa de editoras universitárias e outras editoras que publicam livros de caráter científico, assim como de instituições intermediárias e usuárias de informação científica.
Acessar base
Portal Domínio Público
Este portal constitui-se em um ambiente virtual que permite a co"
DOC003_C3_0013,DOC003,Biblioteca FEI,Serviços ao aluno / Administrativo,Alta,https://portal.fei.edu.br/biblioteca,C3,1200,200,13,1199,"caráter científico, assim como de instituições intermediárias e usuárias de informação científica.
Acessar base
Portal Domínio Público
Este portal constitui-se em um ambiente virtual que permite a coleta, a integração, a preservação e o compartilhamento de conhecimentos, sendo seu principal objetivo o de promover o amplo acesso às obras literárias, artísticas e científicas (na forma de textos, sons, imagens e vídeos), já em domínio público ou que tenham a sua divulgação devidamente autorizada, que constituem o patrimônio cultural brasileiro e universal.
Acessar base
Fundação Biblioteca Nacional – BNDigital
A Biblioteca Nacional Digital faz parte da Fundação Biblioteca Nacional.
A BNDigital disponibiliza apenas documentos em domínio público ou com autorização de publicação do titular do direito autoral
Acessar base
Trabalhos Acadêmicos
Ficha Catalográfica
A biblioteca da FEI disponibiliza para seus usuários o sistema para elaboração de fichas catalográficas que foi desenvolvido pelo ICMC/USP e gentilmente cedido para ser adaptado às necessidades de sua comunidade acadêmica.
A partir de outubro de 2015 a ficha catalográfica passa a ser elaborada pelo próprio usuário e deve ser impre"
DOC003_C3_0014,DOC003,Biblioteca FEI,Serviços ao aluno / Administrativo,Alta,https://portal.fei.edu.br/biblioteca,C3,1200,200,14,1200,"MC/USP e gentilmente cedido para ser adaptado às necessidades de sua comunidade acadêmica.
A partir de outubro de 2015 a ficha catalográfica passa a ser elaborada pelo próprio usuário e deve ser impressa no verso da página/folha de rosto.
É um elemento obrigatório em trabalhos acadêmicos e sua elaboração é feita com as informações fundamentais para a identificação do documento, entre elas: autor e orientador, título, total de folhas, assunto, palavras-chave, etc.
Dúvidas e sugestões podem ser enviadas através do email:
bib_digital@fei.edu.br
Clique aqui para elaborar sua Ficha Catalográfica
Procedimento para entrega de Trabalhos Acadêmicos
Os trabalhos acadêmicos devem ser entregues de acordo com os procedimentos da secretaria do curso. Cabe ao orientador, juntamente com a secretaria, definir quais trabalhos serão entregues, assim como, efetuar a entrega na biblioteca.
Alguns procedimentos são obrigatórios para que essa entrega seja realizada:
a) o trabalho acadêmico dever ser normalizado de acordo com as orientações do Guia para Elaboração de Trabalhos Acadêmicos da FEI;
b) a submissão dos trabalhos de Conclusão de Curso, deverá ser feita pelo professor orientador;
c) para que o t"
DOC003_C3_0015,DOC003,Biblioteca FEI,Serviços ao aluno / Administrativo,Alta,https://portal.fei.edu.br/biblioteca,C3,1200,200,15,1200,"ado de acordo com as orientações do Guia para Elaboração de Trabalhos Acadêmicos da FEI;
b) a submissão dos trabalhos de Conclusão de Curso, deverá ser feita pelo professor orientador;
c) para que o trabalho seja disponibilizado no repositório é necessário:
- PDF/A do documento original;
- termo de autorização para a publicação eletrônica preenchido e assinado por todos os autores do trabalho.
d) a biblioteca não recebe trabalhos enviados pelos alunos.
Termos de autorização
Artigo de periódico - (EM GRUPO)
Artigo de periódico - (INDIVIDUAL)
Trabalho de Conclusão de Curso - TCC - (EM GRUPO)
Trabalho de Conclusão de Curso - TCC - (INDIVIDUAL)
Autorização e termo de encaminhamento - TESES E DISSERTAÇÕES - (INDIVIDUAL)
Combate ao Plágio
A biblioteca do Centro Universitário FEI, por recomendação da Coordenação de Aperfeiçoamento de Pessoal de Nível Superior (CAPES), divulga ao seu público um texto informativo, com intuito de coibir o plágio nas produções acadêmicas desenvolvidas na IES.
Para auxiliá-los segue opções gratuitas de detecção de plágio:
Farejador de Plágio
Site:
http://www.plagiarismcombat.com/
Plagium
Site:
http://www.plagium.com/
Plagiarisma
Site:
http://plagiarisma.net/
S"
DOC003_C3_0016,DOC003,Biblioteca FEI,Serviços ao aluno / Administrativo,Alta,https://portal.fei.edu.br/biblioteca,C3,1200,200,16,1200,"a auxiliá-los segue opções gratuitas de detecção de plágio:
Farejador de Plágio
Site:
http://www.plagiarismcombat.com/
Plagium
Site:
http://www.plagium.com/
Plagiarisma
Site:
http://plagiarisma.net/
Saiba mais sobre o plágio,
clique aqui!
Treinamento sobre plágio faça sua inscrição: clique aqui
Orientação para normalização de trabalhos acadêmicos
Guia para elaboração de trabalhos acadêmicos da FEI
O guia substitui o Manual para apresentação formal de trabalhos acadêmicos. Elaborado de acordo com as normas vigentes da Associação Brasileira de Normas Técnicas (ABNT), traz um novo formato, além de novos exemplos com uma linguagem simples para facilitar a compreensão dos usuários.
Informamos que o guia está disponível somente na versão eletrônica.
O seu enfoque não é só a padronização disponibilizada através das normas estabelecidas, mas principalmente a qualidade dos trabalhos apresentados na instituição.
Citação
Estrutura
Referências
A biblioteca disponibiliza os tutoriais de configuração do Word e uma template do trabalho pronto, mais um recurso para ajudá-lo na estruturação do TCC.
Template do trabalho acadêmico
Template dos trabalhos de iniciação científica
Template do plano de ne"
DOC003_C3_0017,DOC003,Biblioteca FEI,Serviços ao aluno / Administrativo,Alta,https://portal.fei.edu.br/biblioteca,C3,1200,200,17,1200,"o do Word e uma template do trabalho pronto, mais um recurso para ajudá-lo na estruturação do TCC.
Template do trabalho acadêmico
Template dos trabalhos de iniciação científica
Template do plano de negócios elaborado para o curso de administração
Template de Artigo INOVAFEI
Tutorial de paginação
Tutorial de sumário
Tutorial de lista de ilustrações
Tutorial de lista de tabelas
Tutorial para salvar arquivo como PDF/A
Classe LaTeX da para TCCs, Dissertações e Teses da FEI
A classe LaTeX da FEI é um arquivo de formatação de trabalhos acadêmicos para usuários de LaTeX, de acordo com as normas de formatação do Centro Universitário FEI. Ela está disponível nas principais distribuições de LaTeX (
MikTeX
no Windows,
MacTeX
no MacOS e
TeX Live
no Linux), possui um manual de utilização em PDF e um
template
para ajudar usuários a iniciar seus trabalhos acadêmicos.
Classe LaTex para artigos do INOVA FEI
A Classe LaTex é um
arquivo
de formatação para artigos do INOVA FEI
Mecanismo Online para Referências (MORE)
MORE é uma ferramenta gratuita e fácil de usar, que produz automaticamente citações no texto e referências no formato ABNT.
Clique aqui para acessar o MORE.
Mendeley
O Mendeley é consider"
DOC003_C3_0018,DOC003,Biblioteca FEI,Serviços ao aluno / Administrativo,Alta,https://portal.fei.edu.br/biblioteca,C3,1200,200,18,1200,"ncias (MORE)
MORE é uma ferramenta gratuita e fácil de usar, que produz automaticamente citações no texto e referências no formato ABNT.
Clique aqui para acessar o MORE.
Mendeley
O Mendeley é considerado uma rede social acadêmica que conecta pesquisadores e permite gerenciar referências, buscar, arquivar e compartilhar documentos.
Clique aqui para acessar o Mendeley.
Bitly
bitly é um dos mais famosos gerenciadores e encurtadores de URL da internet. Confira!
Clique aqui para acessar o bitly.
Serviços
Empréstimo
A biblioteca oferece aos seus usuários o serviço de empréstimos de materiais pertencentes ao acervo, o que consiste nas retiradas dos materiais para uso fora de suas dependências. Qualquer débito com a biblioteca (atraso na devolução, multas pendentes, etc.) ocasiona na suspensão do direito de empréstimos de materiais.
*Obras de referência (dicionários, enciclopédias, etc.), periódicos (jornais e revistas) e normas técnicas não circulam. No campus São Bernardo é possível emprestar, por um dia, dicionários em épocas de provas.
Clique aqui e veja os procedimentos
Renovação
Os materiais podem ser renovados através do site da biblioteca pelo próprio usuário por 6 (seis) vezes con"
DOC003_C3_0019,DOC003,Biblioteca FEI,Serviços ao aluno / Administrativo,Alta,https://portal.fei.edu.br/biblioteca,C3,1200,200,19,1199,"r, por um dia, dicionários em épocas de provas.
Clique aqui e veja os procedimentos
Renovação
Os materiais podem ser renovados através do site da biblioteca pelo próprio usuário por 6 (seis) vezes consecutivas, desde que não possuam reservas, ou estejam, em atraso.
1) Para efetuar a renovação de materiais emprestados, entre em “
Acesso Usuário
”* ou se preferir, baixe o aplicativo na Apple Store ou no Google Play pelo nome “Portal FEI”.
2) Preencha os campos:
• “usuário na biblioteca” com o número de matrícula (RA) para os alunos e número de identificação funcional para os professores e colaboradores;
• “senha” cadastrada no balcão de atendimento da biblioteca.
3) Clique em renovar.
4) Em caso de mais de um empréstimo;
5) Aponte para ""Empréstimo"" e clique em ""Renovação"";
6) Selecione todos os materiais e clique em ""Gravar"";
7) Surgirá na tela a confirmação de renovação com nova data de devolução.
Reserva
Reservas só poderão ser feitas caso todos os exemplares do título desejado estejam emprestados.
1) Para efetuar a reserva de materiais acesse a página de
Consulta ao acervo
.
2) Digite o termo para pesquisa
3) Localize o título desejado e clique em reserva
4) Preencha os campos:
•"
DOC003_C3_0020,DOC003,Biblioteca FEI,Serviços ao aluno / Administrativo,Alta,https://portal.fei.edu.br/biblioteca,C3,1200,200,20,1199,"emprestados.
1) Para efetuar a reserva de materiais acesse a página de
Consulta ao acervo
.
2) Digite o termo para pesquisa
3) Localize o título desejado e clique em reserva
4) Preencha os campos:
• “usuário na biblioteca” com o número de matrícula (RA) para os alunos e número de identificação funcional para os professores e colaboradores;
• “senha” cadastrada no balcão de atendimento da biblioteca.
5) Surgirá na tela a confirmação da reserva concluída; o usuário será avisado da chegada da reserva pelo e-mail atualizado em seu cadastro*.
*O título reservado, ficará disponível por 48 horas contadas a partir do recebimento do e-mail, encerrado o período estipulado, a reserva passa automaticamente para o próximo da fila de espera.
Solicitação de Malote
O empréstimo de materiais bibliográficos entre os campi SBC e SP, traz autonomia e agilidade na solicitação de materiais que não estejam disponíveis em sua unidade de origem.
Clique aqui e confira o procedimento!
COMUT
O serviço de Comutação Bibliográfica (COMUT) oferecido pelo Instituto Brasileiro de Informação em Ciência e Tecnologia (IBICT), permite a obtenção de cópias de documento técnico-científicos (artigos de periódicos) dispon"
DOC003_C3_0021,DOC003,Biblioteca FEI,Serviços ao aluno / Administrativo,Alta,https://portal.fei.edu.br/biblioteca,C3,1200,200,21,1199,"ão Bibliográfica (COMUT) oferecido pelo Instituto Brasileiro de Informação em Ciência e Tecnologia (IBICT), permite a obtenção de cópias de documento técnico-científicos (artigos de periódicos) disponíveis nos acervos das principais bibliotecas brasileiras. Através do COMUT é possível obter artigos não encontrados na Biblioteca do Centro Universitário FEI.
É um serviço pago e seu custo é de R$ 1,82 (cada 5 páginas), valor estipulado pelo IBICT e que deverá ser pago pelo usuário que solicitar o serviço. Atenção, antes de solicitar o seu pedido de comutação, verifique se o artigo não se encontra disponível gratuitamente na internet ou nas Bases de Dados disponíveis na página da biblioteca.
Fazer o login com usuário e senha cadastrados na biblioteca. Clicar em solicitações e selecionar comutação bibliográfica.
Clique aqui para solicitar seu artigo via COMUT
Capacitação
As capacitações relacionadas abaixo têm como objetivo habilitar o usuário no uso das ferramentas e serviços oferecidos pela biblioteca:
Normalização de trabalhos acadêmicos:
noções gerais sobre a elaboração de trabalhos acadêmicos: estrutura do trabalho, elaboração de referências e citações.
Pesquisa em bases de dados:"
DOC003_C3_0022,DOC003,Biblioteca FEI,Serviços ao aluno / Administrativo,Alta,https://portal.fei.edu.br/biblioteca,C3,1200,200,22,1200,"la biblioteca:
Normalização de trabalhos acadêmicos:
noções gerais sobre a elaboração de trabalhos acadêmicos: estrutura do trabalho, elaboração de referências e citações.
Pesquisa em bases de dados:
apresentação das bases de dados disponíveis e orientações básicas quanto à pesquisa e processamento dos resultados obtidos.
Plágio: entender o que é, quais os tipos e suas modalidades.
O serviço será ministrado on-line.
Para realizar a inscrição:
Treinamento ABNT: clique aqui
Treinamento de Plágio: clique aqui
Link treinamento EBSCO e Portal CAPES:
Atenção!
A biblioteca disponibilizará certificado de participação.
O serviço não possui nenhum custo e funciona durante todo o período letivo.
Espaços da Biblioteca
Campus São Bernardo do Campo
Anterior
Próximo
Campus São Paulo
Anterior
Próximo
Fale com as bibliotecárias
Informações Gerais:
info_biblio@fei.edu.br
campus
São Bernardo do Campo
(11) 4353-2900
Bibliotecárias
Denise
denises@fei.edu.br
Márcia
mmorays@fei.edu.br
campus
São Paulo
(11) 3274-5200
Bibliotecária
Patrícia
pbraghin@fei.edu.br
Responsável pelas bibliotecas:
Cintia Fernandes, CRB-8/9403
Documentos
Plano de Contingência
Política de Desenvolvimento de Coleções
Aquisição de Li"
DOC003_C3_0023,DOC003,Biblioteca FEI,Serviços ao aluno / Administrativo,Alta,https://portal.fei.edu.br/biblioteca,C3,1200,200,23,1200,"274-5200
Bibliotecária
Patrícia
pbraghin@fei.edu.br
Responsável pelas bibliotecas:
Cintia Fernandes, CRB-8/9403
Documentos
Plano de Contingência
Política de Desenvolvimento de Coleções
Aquisição de Livros – Formulário para solicitação de compra
Novas Aquisições - consulte as novidades no catálogo da biblioteca!
Procedimentos para Recebimento de Doações
Procedimento para emissão do ""Nada Consta""
Torre de CDs
Abstracts [of] 14th International Annual EurOMA...
Anais do Congresso Nacional de Inclusão & Diversidade
Anais [do] VIII SIBRAV - 2005
[Anais do] XIX ENANGRAD
[Anais do] XXIX ENEGEP 2009
Anuário Estatístico ABAL 2007
Anuário da cidade de Santo André
Atlas Multimídia: Rochas
Casos de sucesso : software livre no metrô-SP
Contabilidade inside ERP
DINAME 2011
Enciclopédia Multimídia: Minerais
skf
Italian textile machinery - ACIMIT
Anais Werice Aeroespacial
Explorer-16: microchip PIC24F design series
Manual de operação e manutenção do sistema de esgotos sanitários
Manual do concreto dosado em central
Mecânica automobilística : 40 anos
Mundo Logística
Políticas y sistema de autoevaluación...
RAA 2006 : [anais do] II simposio sobre reação...
Relatório de qualidade ambiental do estado d"
DOC003_C3_0024,DOC003,Biblioteca FEI,Serviços ao aluno / Administrativo,Alta,https://portal.fei.edu.br/biblioteca,C3,1200,200,24,1200,"do em central
Mecânica automobilística : 40 anos
Mundo Logística
Políticas y sistema de autoevaluación...
RAA 2006 : [anais do] II simposio sobre reação...
Relatório de qualidade ambiental do estado de São Paulo
65º congresso anual da ABM - internacional [anais] :
ACI's 2009 manual of concrete practice
Práticas Logísticas 2010
Anuário do trabalho na micro e pequena empresa 2009
Regulamento
O regulamento tem como principal objetivo estabelecer normas e procedimentos dos serviços adotados prestados pela Biblioteca.
Informações Gerais
Somente os usuários com cadastro biométrico poderão fazer uso do serviço de empréstimos de materiais;
O usuário deverá informar quaisquer anormalidades notadas em materiais emprestados ou consultados, sob pena de tornar-se responsável por eles;
Os materiais consultados não devem ser recolocados nas estantes, e sim deixados sobre a mesa ou nas prateleiras das pilastras;
A biblioteca dispõe de mesas para estudo individual;
É de única, total e exclusiva responsabilidade do usuário a manutenção e o cuidado pelos objetos de uso pessoal deixados nas dependências da biblioteca. Recomenda-se levar todos os seus pertences ao deixar as instalações da biblioteca;
M"
DOC003_C3_0025,DOC003,Biblioteca FEI,Serviços ao aluno / Administrativo,Alta,https://portal.fei.edu.br/biblioteca,C3,1200,200,25,1200,"abilidade do usuário a manutenção e o cuidado pelos objetos de uso pessoal deixados nas dependências da biblioteca. Recomenda-se levar todos os seus pertences ao deixar as instalações da biblioteca;
Manter o silêncio no espaço da biblioteca é indispensável para se obter o ambiente adequado ao estudo;
É vetado o uso do telefone celular e o consumo de alimentos e bebidas nas dependências da biblioteca;
Nos meses de férias escolares o horário de funcionamento da biblioteca será diferenciado;
Não será permitida a entrada de pessoas com pastas, fichários, bolsas, sacolas, pacotes, etc. Esses materiais deverão ser deixados no guarda-volumes, retirando uma chave no balcão de atendimento. A chave deverá ser devolvida no mesmo dia para que o usuário não fique suspenso por um período de 15 (quinze) dias;
O e-mail, é apenas, uma forma de lembrar o usuário da data de devolução do material, que é uma responsabilidade exclusiva dele, portanto, o não envio da mensagem, independente do motivo, não o isenta do pagamento da multa;
A justificativa de atraso na entrega do material, por impossibilidade de renovação online, não é aceita, pois caso isso ocorra, o usuário deverá entrar em contato imediata"
DOC003_C3_0026,DOC003,Biblioteca FEI,Serviços ao aluno / Administrativo,Alta,https://portal.fei.edu.br/biblioteca,C3,1200,200,26,1200,"senta do pagamento da multa;
A justificativa de atraso na entrega do material, por impossibilidade de renovação online, não é aceita, pois caso isso ocorra, o usuário deverá entrar em contato imediatamente, para que o problema seja solucionado;
Materiais com datas de devolução vencidas deverão ser devolvidos no balcão de atendimento para pagamento da multa, uma vez que o sistema não renova materiais com data de devolução em atraso;
Ao entrar na Biblioteca com material emprestado, o usuário deverá registrar a entrada e, ao sair, registrar a saída;
Constitui responsabilidade do usuário conservar limpo e organizado os locais de estudos, o acervo, as estações multimídia e todo o ambiente de apoio, como mobiliário e equipamentos.
Inscrições
Para utilizar os serviços oferecidos pela biblioteca o usuário precisa efetuar seu cadastro biométrico no balcão de atendimento.
Empréstimos
O empréstimo de materiais é reservado a alunos, professores, pesquisadores e funcionários do Centro Universitário FEI;
O empréstimo é pessoal, não sendo permitida a retirada de materiais em nome de outro usuário;
Enciclopédias, dicionários, periódicos e obras raras são consideradas “Obras Não Circulantes”;
O usu"
DOC003_C3_0027,DOC003,Biblioteca FEI,Serviços ao aluno / Administrativo,Alta,https://portal.fei.edu.br/biblioteca,C3,1200,200,27,1199,"FEI;
O empréstimo é pessoal, não sendo permitida a retirada de materiais em nome de outro usuário;
Enciclopédias, dicionários, periódicos e obras raras são consideradas “Obras Não Circulantes”;
O usuário somente poderá fazer a reserva de materiais via Catálogo online; o material reservado ficará à disposição do interessado por 48 (quarenta e oito) horas consecutivas da data do recebimento do e-mail, independentemente do horário do funcionamento da biblioteca;
Os materiais em atraso não poderão ter seus prazos de devolução prorrogados antes da regularização da situação;
Para os materiais devolvidos fora dos prazos estipulados serão cobradas multas por dias úteis e por material;
O usuário deverá indenizar a biblioteca em caso de extravio ou danos aos materiais emprestados, sob forma de substituição dos mesmos;
A devolução dos materiais poderá ser efetuada nos dois campi (SBC/SP) independente do campus que o usuário estuda;
A renovação só será feita via Catálogo online, até 06 (seis) vezes, desde que o material não esteja atrasado ou reservado;
Ao usuário não será permitida a reserva de materiais que se encontram em seu poder;
Não será permitida a reserva de materiais que não se enco"
DOC003_C3_0028,DOC003,Biblioteca FEI,Serviços ao aluno / Administrativo,Alta,https://portal.fei.edu.br/biblioteca,C3,1200,200,28,1200,"es, desde que o material não esteja atrasado ou reservado;
Ao usuário não será permitida a reserva de materiais que se encontram em seu poder;
Não será permitida a reserva de materiais que não se encontram emprestados (reserva antecipada);
O usuário é responsável pela boa utilização e zelo dos equipamentos.
Alunos de graduação, especialização, iniciação científica e funcionários
10 Livros, 03 trabalhos acadêmicos, 01catálogo, 02 materiais audiovisuais e 01 sacola retornável;
O prazo de empréstimos é de 07 (sete) dias corridos, podendo ser prorrogado por mais 07 (sete) dias caso o material não tenha sido reservado.
Alunos de Mestrado e Doutorado, Professores e Pesquisadores
10 Livros, 03 trabalhos acadêmicos, 01 catálogo, 02 materiais audiovisuais e 01 sacola retornável;
O prazo de empréstimos é de 14 (quatorze) dias corridos, podendo ser prorrogado por mais 14 (quatorze) dias caso o material não tenha sido reservado.
Biblioteca das Coisas
Sacolas e pastas retornáveis
Empréstimo 7 dias
Quantidade: 1 sacola ou pasta por vez;
Renovação até 6 vezes;
Não será cobrado multa, mas o aluno ficará suspenso dos outros serviços da biblioteca enquanto não devolver a sacola;
Não será cobrado tax"
DOC003_C3_0029,DOC003,Biblioteca FEI,Serviços ao aluno / Administrativo,Alta,https://portal.fei.edu.br/biblioteca,C3,1200,200,29,1200,"Quantidade: 1 sacola ou pasta por vez;
Renovação até 6 vezes;
Não será cobrado multa, mas o aluno ficará suspenso dos outros serviços da biblioteca enquanto não devolver a sacola;
Não será cobrado taxa se a sacola for devolvida danificada (riscada, rasgada, alça solta), ela será descartada;
Em caso de perda ou extravio
será cobrado uma taxa no valor de R$10,00;
Fones de ouvido
Empréstimo: interno por até 12 horas
Quantidade: 1 fone de ouvido por vez;
Renovação: não poderá ser renovado;
Multa: não será cobrado multa e sim suspensão de (2 dias), caso o fone não seja devolvido no mesmo dia;
Extravio ou perda: o usuário
deverá repor outro fone de ouvido
e ficará suspenso dos outros serviços até a regularização de sua pendência.
Calculadora Casio fx-82MS
Empréstimo: diário
Quantidade: 1 calculadora por vez;
Renovação: não poderá ser
renovada;
Multa: não será cobrado multa e sim suspensão de (15 dias), caso a calculadora não seja devolvida na data;
Extravio, perda ou dano: o usuário deverá
repor a calculadora da mesma marca e modelo
e ficará suspenso dos outros serviços até a regularização de sua pendência.
Carregador de celular Power Bank CB097
Empréstimo: diário
Quantidade: 1 carregado"
DOC003_C3_0030,DOC003,Biblioteca FEI,Serviços ao aluno / Administrativo,Alta,https://portal.fei.edu.br/biblioteca,C3,1200,200,30,1200,"epor a calculadora da mesma marca e modelo
e ficará suspenso dos outros serviços até a regularização de sua pendência.
Carregador de celular Power Bank CB097
Empréstimo: diário
Quantidade: 1 carregador + 1 cabo USB por vez;
Renovação: não poderá ser renovado;
Multa: não será cobrado multa e sim suspensão de (15 dias), caso o carregador não seja devolvido na data;
Extravio, perda ou dano: o usuário deverá
repor o carregador
da mesma marca e modelo
e ficará suspenso dos outros serviços até a regularização de sua pendência.
Adaptador de tomada Bob Sponge 10A-20A/250V
Empréstimo: diário
Quantidade: 1 adaptador por vez;
Renovação: não poderá ser renovado;
Multa: não será cobrado multa e sim suspensão de (15 dias), caso o adaptador não seja devolvido na data;
Extravio ou perda: o usuário deverá
repor o adaptador da mesma marca e modelo
e ficará suspenso dos outros serviços até a regularização de sua pendência.
Guarda-Volumes
Os guarda-volumes, são de uso coletivo e utilizados exclusivamente pelos usuários da biblioteca;
O empréstimo das chaves será efetuado no balcão de atendimento mediante a solicitação pessoal do usuário e apresentação do cartão institucional ou digitação de R.A e util"
DOC003_C3_0031,DOC003,Biblioteca FEI,Serviços ao aluno / Administrativo,Alta,https://portal.fei.edu.br/biblioteca,C3,1200,200,31,1200,"pelos usuários da biblioteca;
O empréstimo das chaves será efetuado no balcão de atendimento mediante a solicitação pessoal do usuário e apresentação do cartão institucional ou digitação de R.A e utilização da biometria;
Cada usuário poderá emprestar uma chave correspondente a um armário;
O armário só poderá ser utilizado no período em que o usuário estiver no interior da biblioteca;
O usuário deverá devolver a chave até o término do expediente da biblioteca,
ou ficará automaticamente afastado até a devolução da mesma e suspenso pelo período de 15 dias;
A perda ou extravio da chave/chaveiro incorrerá em troca de miolo/cópias de chave, com custas cobertas pelo usuário no valor de R$ 10,00.
Lembre-se
O usuário é responsável pelo material em uso; em caso de extravio ou dano, a biblioteca deverá ser indenizada sob a forma de substituição do material do devido valor; estando o material esgotado, o usuário deverá pagar à biblioteca a quantia correspondente ao dobro do preço atualizado do material.
O usuário não se eximirá do ressarcimento nos termos do item anterior, ainda que o extravio tenha sido consequência de fato delituoso, do qual tenha sido vítima. As exceções à imposição da pena"
DOC003_C3_0032,DOC003,Biblioteca FEI,Serviços ao aluno / Administrativo,Alta,https://portal.fei.edu.br/biblioteca,C3,1200,200,32,1199,"erial.
O usuário não se eximirá do ressarcimento nos termos do item anterior, ainda que o extravio tenha sido consequência de fato delituoso, do qual tenha sido vítima. As exceções à imposição da penalidade serão analisadas à luz da legislação pertinente, caso a caso.
O usuário que não devolver o material no prazo fixado deverá pagar multa conforme as bases estabelecidas no regulamento da biblioteca.
Ao usuário em débito com a biblioteca não será permitido o empréstimo de materiais; caso o débito não seja liquidado em 90 (noventa) dias, o usuário ficará impedido de utilizar os serviços da biblioteca até a regularização da situação.
No caso de uso do cartão institucional por outro usuário que não o titular ou de tentativa de tal ação, os envolvidos estarão sujeitos à suspensão por até 06 (seis) meses de todos os serviços da biblioteca; na reincidência será aberto processo pela Comissão Permanente de Inquérito do Centro Universitário FEI.
No caso de tentativa de furto de qualquer material será aberto processo na Comissão Permanente de Inquérito e o usuário ficará impedido de utilizar a biblioteca até a decisão da Reitoria.
O acervo da biblioteca está eletronicamente protegido contra"
DOC003_C3_0033,DOC003,Biblioteca FEI,Serviços ao aluno / Administrativo,Alta,https://portal.fei.edu.br/biblioteca,C3,1200,200,33,1200,"l será aberto processo na Comissão Permanente de Inquérito e o usuário ficará impedido de utilizar a biblioteca até a decisão da Reitoria.
O acervo da biblioteca está eletronicamente protegido contra furto. No caso de soar o alarme, o usuário deverá apresentar seus pertences para serem vistoriados pelo funcionário do atendimento.
Alegar desconhecer o regulamento não escusa o usuário das penalidades constantes neste regulamento.
Os casos não previstos neste regulamento serão analisados individualmente pelo responsável da biblioteca.
O usuário ao fazer sua inscrição compromete-se a cumprir a Lei sobre os Direitos Autorais (Lei nº 9.610, de 19/02/1998), quanto à reprografia de material bibliográfico nas dependências da biblioteca e estar ciente do regulamento.
Perguntas Frequentes
Para fazer o empréstimo preciso ter o cartão unificado?
Não. Para utilizar os serviços oferecidos pela biblioteca o usuário precisa efetuar seu cadastro biométrico no
balcão de atendimento.
Qual usuário devo colocar para renovar ou fazer reserva através do site?
Para a biblioteca o usuário é seu número de matrícula.
Ex-aluno pode emprestar livro na biblioteca?
Não, apenas fazer pesquisas.
Posso fazer reserva"
DOC003_C3_0034,DOC003,Biblioteca FEI,Serviços ao aluno / Administrativo,Alta,https://portal.fei.edu.br/biblioteca,C3,1200,200,34,1200,"ocar para renovar ou fazer reserva através do site?
Para a biblioteca o usuário é seu número de matrícula.
Ex-aluno pode emprestar livro na biblioteca?
Não, apenas fazer pesquisas.
Posso fazer reserva de um livro que esteja disponível na biblioteca?
A reserva só poderá ser realizada se o livro estiver emprestado.
Como fico sabendo que minha reserva está disponível?
Através da área ""Meu Pergamum"" localizada na página de pesquisa da biblioteca ou através do e-mail cadastrado
no portal do aluno.
Como é realizada a cobrança de multa e qual o valor?
Após o vencimento do prazo de devolução será cobrado R$ 1,00 por dia e por material, contando os dias úteis.
O pagamento deverá ser realizado em dinheiro ou cheque no balcão de atendimento da biblioteca na data de
devolução do material.
Qual o procedimento para perda ou extravio de um livro?
Em primeiro lugar informar imediatamente à biblioteca sobre o ocorrido. Em seguida efetuar a reposição do mesmo,
pois caso haja demora deste aviso ocorrerá multa e o usuário deverá pagar pelos dois.
Se eu esquecer de entregar a chave do armário o que acontecerá?
Você não poderá fazer empréstimos por 15 (quinze) dias. Havendo reincidência o caso será aval"
DOC003_C3_0035,DOC003,Biblioteca FEI,Serviços ao aluno / Administrativo,Alta,https://portal.fei.edu.br/biblioteca,C3,1200,200,35,1199,"multa e o usuário deverá pagar pelos dois.
Se eu esquecer de entregar a chave do armário o que acontecerá?
Você não poderá fazer empréstimos por 15 (quinze) dias. Havendo reincidência o caso será avaliado pela
coordenação da biblioteca.
Quanto tempo posso ficar com os livros?
Se você é aluno de graduação, especialização ou funcionário o prazo de empréstimo é de 07 (sete) dias corridos,
podendo ser prorrogado por mais 07 (sete) dias caso a obra não tenha sido reservada por outro sócio. No caso dos
alunos de mestrado, doutorado, professores e pesquisadores o prazo é de 14 (quatorze) dias corridos, podendo ser
renovado no caso de não haver reserva da obra.
Quantos livros posso retirar?
Alunos de graduação, especialização e funcionários podem retirar até 7 (sete) livros. Alunos de Mestrado,
Doutorado, Professores e pesquisadores podem retirar até 10 livros.
Biblioteca Digital
Clique aqui
e veja como acessar a base de dados fora da FEI.
Base de Dados
• Portal de periódicos CAPES
• EBSCOhost
Publicações Institucionais
• Cadernos da FEI
• Revista Domínio FEI
• Revista da Computação
• E-Books
• Convênio Microsoft Azure Dev Tools
Acessibilidade
Parceria
A biblioteca do Centro Universitário"
DOC003_C3_0036,DOC003,Biblioteca FEI,Serviços ao aluno / Administrativo,Alta,https://portal.fei.edu.br/biblioteca,C3,1200,200,36,1199,"Publicações Institucionais
• Cadernos da FEI
• Revista Domínio FEI
• Revista da Computação
• E-Books
• Convênio Microsoft Azure Dev Tools
Acessibilidade
Parceria
A biblioteca do Centro Universitário FEI firmou uma parceria em 2019 com a Fundação Dorina Nowill para Cegos, através da Rede Nacional de Leitura Inclusiva, que tem como objetivo facilitar o acesso da pessoa com deficiência visual ao mundo da leitura por meio da mobilização e estreitamento da relação entre educadores, mediadores de leitura, governos, agentes de bibliotecas e de organizações sociais, incentivando a disseminação da leitura inclusiva pelo Brasil.
A Fundação Dorina Nowill para Cegos é uma organização sem fins lucrativos que há mais de 70 anos se dedica à inclusão de crianças, jovens e adultos cegos e com baixa visão por meio de atendimento especializado e da produção e distribuição de livros acessíveis em braile, fonte ampliada e braile concomitantes, falados e digitais acessíveis, distribuídos para pessoas com deficiência visual e para escolas, bibliotecas e organizações de todo o Brasil.
Conheça a página da Dorinateca
Biblioteca Digital da Dorina Nowill
Dicas de Acessibilidade
Dicionário de Libras
Bengala L"
DOC003_C3_0037,DOC003,Biblioteca FEI,Serviços ao aluno / Administrativo,Alta,https://portal.fei.edu.br/biblioteca,C3,1200,200,37,708,"eficiência visual e para escolas, bibliotecas e organizações de todo o Brasil.
Conheça a página da Dorinateca
Biblioteca Digital da Dorina Nowill
Dicas de Acessibilidade
Dicionário de Libras
Bengala Legal
Acessibilidade Digital
Base de Dados
As bases de dados são plataformas multidisciplinares destinadas à pesquisa de periódicos científicos, seus
respectivos artigos e e-books.
Visam atender a todas as áreas de conhecimento distribuindo de forma mais objetiva o conteúdo necessário para
o desenvolvimento acadêmico.
O Centro Universitário FEI disponibiliza o acesso de dentro dos campi ou acesso remoto através do procedimento
abaixo:
Procedimentos para acesso
externo
Portal de periódicos CAPES
EBSCOhost"
DOC004_C1_0001,DOC004,NAE - Núcleo de Apoio ao Estudante,Serviços ao aluno / Administrativo,Alta,https://portal.fei.edu.br/nae-nucleo-de-apoio-ao-estudante,C1,500,100,1,500,"NAE
NAE - Núcleo de Apoio ao Estudante
NÚCLEO DE APOIO AO ESTUDANTE:
A FEI, comprometida com sua missão de oferecer uma formação integral, cidadã e humanizada aos estudantes, reconhece a importância crescente das questões de saúde mental na sociedade contemporânea. Nesse contexto, o Núcleo de Apoio ao Estudante (NAE) foi criado para fornecer suporte e assistência aos alunos.
O Núcleo de Apoio ao Estudante é um serviço da universidade dedicado a promover uma experiência de pertencimento para todo"
DOC004_C1_0002,DOC004,NAE - Núcleo de Apoio ao Estudante,Serviços ao aluno / Administrativo,Alta,https://portal.fei.edu.br/nae-nucleo-de-apoio-ao-estudante,C1,500,100,2,499,"studante é um serviço da universidade dedicado a promover uma experiência de pertencimento para todos os estudantes da FEI, oferecendo apoio em diversas demandas que surgem durante a jornada universitária. Desde a transição para a vida adulta e adaptação ao ambiente acadêmico universitário até a finalização dos estudos e início da vida profissional, o NAE reconhece e oferece suporte a uma ampla gama de desafios enfrentados pelos nossos alunos, como questões emocionais e subjetivas, dificuldades"
DOC004_C1_0003,DOC004,NAE - Núcleo de Apoio ao Estudante,Serviços ao aluno / Administrativo,Alta,https://portal.fei.edu.br/nae-nucleo-de-apoio-ao-estudante,C1,500,100,3,500,"ma de desafios enfrentados pelos nossos alunos, como questões emocionais e subjetivas, dificuldades pedagógicas, integração social, desenvolvimento profissional, entre outros.
O NAE adota uma abordagem centrada no aluno, buscando reconhecer e valorizar a singularidade de cada indivíduo e promover o bem-estar coletivo de nossa comunidade! Através de iniciativas comunitárias, como rodas de conversa, grupos, palestras e outras atividades, e iniciativas de atenção singular, como os atendimentos indi"
DOC004_C1_0004,DOC004,NAE - Núcleo de Apoio ao Estudante,Serviços ao aluno / Administrativo,Alta,https://portal.fei.edu.br/nae-nucleo-de-apoio-ao-estudante,C1,500,100,4,499,"grupos, palestras e outras atividades, e iniciativas de atenção singular, como os atendimentos individuais com profissional psicóloga, o NAE integra ações que visam desenvolver nossos estudantes não apenas como excelentes profissionais, mas também como indivíduos engajados e socialmente responsáveis!
Apesar de oferecer atendimento com profissional psicóloga, o objetivo do NAE não é realizar psicoterapia ou tratamento contínuo, mas sim proporcionar acolhimento, escuta e oferecer suporte para que"
DOC004_C1_0005,DOC004,NAE - Núcleo de Apoio ao Estudante,Serviços ao aluno / Administrativo,Alta,https://portal.fei.edu.br/nae-nucleo-de-apoio-ao-estudante,C1,500,100,5,500,"terapia ou tratamento contínuo, mas sim proporcionar acolhimento, escuta e oferecer suporte para questões pontuais e específicas que os estudantes estejam enfrentando.
INCLUSÃO:
O Núcleo de Apoio ao Estudante também é um espaço dedicado à promoção da inclusão e diversidade na FEI. Por meio de uma abordagem sensível, orientada para promoção de uma sociedade mais justa e igualitária e para a garantia de direitos e em conformidade com a legislação vigente, o NAE oferece apoio especializado aos alun"
DOC004_C1_0006,DOC004,NAE - Núcleo de Apoio ao Estudante,Serviços ao aluno / Administrativo,Alta,https://portal.fei.edu.br/nae-nucleo-de-apoio-ao-estudante,C1,500,100,6,500,"a de direitos e em conformidade com a legislação vigente, o NAE oferece apoio especializado aos alunos com deficiências e/ou diagnósticos diversos.
Com o intuito de promover uma formação universitária integral, inclusiva e democrática a todos aqueles que nos confiam a tarefa de formá-los, o Núcleo de Apoio ao Estudante atua no sentido de promover ativamente a inclusão e a igualdade de oportunidades para todos os membros de nossa comunidade, através de um ambiente acolhedor e solidário, onde o ap"
DOC004_C1_0007,DOC004,NAE - Núcleo de Apoio ao Estudante,Serviços ao aluno / Administrativo,Alta,https://portal.fei.edu.br/nae-nucleo-de-apoio-ao-estudante,C1,500,100,7,500,"s para todos os membros de nossa comunidade, através de um ambiente acolhedor e solidário, onde o apoio mútuo é valorizado.
Nosso objetivo é criar um ambiente onde todos os alunos se sintam valorizados, respeitados, acolhidos e capacitados a alcançar seu potencial máximo, promovendo ativamente a inclusão e a igualdade de oportunidades para todos os membros. Para saber mais sobre nossas políticas de inclusão e acessibilidade, envie um e-mail para
nae@fei.edu.br.
As ações comunitárias promovidas p"
DOC004_C1_0008,DOC004,NAE - Núcleo de Apoio ao Estudante,Serviços ao aluno / Administrativo,Alta,https://portal.fei.edu.br/nae-nucleo-de-apoio-ao-estudante,C1,500,100,8,360,"e inclusão e acessibilidade, envie um e-mail para
nae@fei.edu.br.
As ações comunitárias promovidas pelo NAE são divulgadas em nossos canais de comunicação online, como e-mails e redes sociais. Fique ligado!
Estamos localizados no térreo do Prédio D, na sala D0-02K. Para saber mais, entre em contato através do e-mail nae@fei.edu.br ou visite-nos pessoalmente."
DOC004_C2_0001,DOC004,NAE - Núcleo de Apoio ao Estudante,Serviços ao aluno / Administrativo,Alta,https://portal.fei.edu.br/nae-nucleo-de-apoio-ao-estudante,C2,800,150,1,800,"NAE
NAE - Núcleo de Apoio ao Estudante
NÚCLEO DE APOIO AO ESTUDANTE:
A FEI, comprometida com sua missão de oferecer uma formação integral, cidadã e humanizada aos estudantes, reconhece a importância crescente das questões de saúde mental na sociedade contemporânea. Nesse contexto, o Núcleo de Apoio ao Estudante (NAE) foi criado para fornecer suporte e assistência aos alunos.
O Núcleo de Apoio ao Estudante é um serviço da universidade dedicado a promover uma experiência de pertencimento para todos os estudantes da FEI, oferecendo apoio em diversas demandas que surgem durante a jornada universitária. Desde a transição para a vida adulta e adaptação ao ambiente acadêmico universitário até a finalização dos estudos e início da vida profissional, o NAE reconhece e oferece suporte a uma ampla ga"
DOC004_C2_0002,DOC004,NAE - Núcleo de Apoio ao Estudante,Serviços ao aluno / Administrativo,Alta,https://portal.fei.edu.br/nae-nucleo-de-apoio-ao-estudante,C2,800,150,2,800,"ação ao ambiente acadêmico universitário até a finalização dos estudos e início da vida profissional, o NAE reconhece e oferece suporte a uma ampla gama de desafios enfrentados pelos nossos alunos, como questões emocionais e subjetivas, dificuldades pedagógicas, integração social, desenvolvimento profissional, entre outros.
O NAE adota uma abordagem centrada no aluno, buscando reconhecer e valorizar a singularidade de cada indivíduo e promover o bem-estar coletivo de nossa comunidade! Através de iniciativas comunitárias, como rodas de conversa, grupos, palestras e outras atividades, e iniciativas de atenção singular, como os atendimentos individuais com profissional psicóloga, o NAE integra ações que visam desenvolver nossos estudantes não apenas como excelentes profissionais, mas também c"
DOC004_C2_0003,DOC004,NAE - Núcleo de Apoio ao Estudante,Serviços ao aluno / Administrativo,Alta,https://portal.fei.edu.br/nae-nucleo-de-apoio-ao-estudante,C2,800,150,3,800,"viduais com profissional psicóloga, o NAE integra ações que visam desenvolver nossos estudantes não apenas como excelentes profissionais, mas também como indivíduos engajados e socialmente responsáveis!
Apesar de oferecer atendimento com profissional psicóloga, o objetivo do NAE não é realizar psicoterapia ou tratamento contínuo, mas sim proporcionar acolhimento, escuta e oferecer suporte para questões pontuais e específicas que os estudantes estejam enfrentando.
INCLUSÃO:
O Núcleo de Apoio ao Estudante também é um espaço dedicado à promoção da inclusão e diversidade na FEI. Por meio de uma abordagem sensível, orientada para promoção de uma sociedade mais justa e igualitária e para a garantia de direitos e em conformidade com a legislação vigente, o NAE oferece apoio especializado aos alun"
DOC004_C2_0004,DOC004,NAE - Núcleo de Apoio ao Estudante,Serviços ao aluno / Administrativo,Alta,https://portal.fei.edu.br/nae-nucleo-de-apoio-ao-estudante,C2,800,150,4,800,"ociedade mais justa e igualitária e para a garantia de direitos e em conformidade com a legislação vigente, o NAE oferece apoio especializado aos alunos com deficiências e/ou diagnósticos diversos.
Com o intuito de promover uma formação universitária integral, inclusiva e democrática a todos aqueles que nos confiam a tarefa de formá-los, o Núcleo de Apoio ao Estudante atua no sentido de promover ativamente a inclusão e a igualdade de oportunidades para todos os membros de nossa comunidade, através de um ambiente acolhedor e solidário, onde o apoio mútuo é valorizado.
Nosso objetivo é criar um ambiente onde todos os alunos se sintam valorizados, respeitados, acolhidos e capacitados a alcançar seu potencial máximo, promovendo ativamente a inclusão e a igualdade de oportunidades para todos os"
DOC004_C2_0005,DOC004,NAE - Núcleo de Apoio ao Estudante,Serviços ao aluno / Administrativo,Alta,https://portal.fei.edu.br/nae-nucleo-de-apoio-ao-estudante,C2,800,150,5,560,"s, respeitados, acolhidos e capacitados a alcançar seu potencial máximo, promovendo ativamente a inclusão e a igualdade de oportunidades para todos os membros. Para saber mais sobre nossas políticas de inclusão e acessibilidade, envie um e-mail para
nae@fei.edu.br.
As ações comunitárias promovidas pelo NAE são divulgadas em nossos canais de comunicação online, como e-mails e redes sociais. Fique ligado!
Estamos localizados no térreo do Prédio D, na sala D0-02K. Para saber mais, entre em contato através do e-mail nae@fei.edu.br ou visite-nos pessoalmente."
DOC004_C3_0001,DOC004,NAE - Núcleo de Apoio ao Estudante,Serviços ao aluno / Administrativo,Alta,https://portal.fei.edu.br/nae-nucleo-de-apoio-ao-estudante,C3,1200,200,1,1200,"NAE
NAE - Núcleo de Apoio ao Estudante
NÚCLEO DE APOIO AO ESTUDANTE:
A FEI, comprometida com sua missão de oferecer uma formação integral, cidadã e humanizada aos estudantes, reconhece a importância crescente das questões de saúde mental na sociedade contemporânea. Nesse contexto, o Núcleo de Apoio ao Estudante (NAE) foi criado para fornecer suporte e assistência aos alunos.
O Núcleo de Apoio ao Estudante é um serviço da universidade dedicado a promover uma experiência de pertencimento para todos os estudantes da FEI, oferecendo apoio em diversas demandas que surgem durante a jornada universitária. Desde a transição para a vida adulta e adaptação ao ambiente acadêmico universitário até a finalização dos estudos e início da vida profissional, o NAE reconhece e oferece suporte a uma ampla gama de desafios enfrentados pelos nossos alunos, como questões emocionais e subjetivas, dificuldades pedagógicas, integração social, desenvolvimento profissional, entre outros.
O NAE adota uma abordagem centrada no aluno, buscando reconhecer e valorizar a singularidade de cada indivíduo e promover o bem-estar coletivo de nossa comunidade! Através de iniciativas comunitárias, como rodas de conversa,"
DOC004_C3_0002,DOC004,NAE - Núcleo de Apoio ao Estudante,Serviços ao aluno / Administrativo,Alta,https://portal.fei.edu.br/nae-nucleo-de-apoio-ao-estudante,C3,1200,200,2,1200,"m centrada no aluno, buscando reconhecer e valorizar a singularidade de cada indivíduo e promover o bem-estar coletivo de nossa comunidade! Através de iniciativas comunitárias, como rodas de conversa, grupos, palestras e outras atividades, e iniciativas de atenção singular, como os atendimentos individuais com profissional psicóloga, o NAE integra ações que visam desenvolver nossos estudantes não apenas como excelentes profissionais, mas também como indivíduos engajados e socialmente responsáveis!
Apesar de oferecer atendimento com profissional psicóloga, o objetivo do NAE não é realizar psicoterapia ou tratamento contínuo, mas sim proporcionar acolhimento, escuta e oferecer suporte para questões pontuais e específicas que os estudantes estejam enfrentando.
INCLUSÃO:
O Núcleo de Apoio ao Estudante também é um espaço dedicado à promoção da inclusão e diversidade na FEI. Por meio de uma abordagem sensível, orientada para promoção de uma sociedade mais justa e igualitária e para a garantia de direitos e em conformidade com a legislação vigente, o NAE oferece apoio especializado aos alunos com deficiências e/ou diagnósticos diversos.
Com o intuito de promover uma formação universitária"
DOC004_C3_0003,DOC004,NAE - Núcleo de Apoio ao Estudante,Serviços ao aluno / Administrativo,Alta,https://portal.fei.edu.br/nae-nucleo-de-apoio-ao-estudante,C3,1200,200,3,1160,"a de direitos e em conformidade com a legislação vigente, o NAE oferece apoio especializado aos alunos com deficiências e/ou diagnósticos diversos.
Com o intuito de promover uma formação universitária integral, inclusiva e democrática a todos aqueles que nos confiam a tarefa de formá-los, o Núcleo de Apoio ao Estudante atua no sentido de promover ativamente a inclusão e a igualdade de oportunidades para todos os membros de nossa comunidade, através de um ambiente acolhedor e solidário, onde o apoio mútuo é valorizado.
Nosso objetivo é criar um ambiente onde todos os alunos se sintam valorizados, respeitados, acolhidos e capacitados a alcançar seu potencial máximo, promovendo ativamente a inclusão e a igualdade de oportunidades para todos os membros. Para saber mais sobre nossas políticas de inclusão e acessibilidade, envie um e-mail para
nae@fei.edu.br.
As ações comunitárias promovidas pelo NAE são divulgadas em nossos canais de comunicação online, como e-mails e redes sociais. Fique ligado!
Estamos localizados no térreo do Prédio D, na sala D0-02K. Para saber mais, entre em contato através do e-mail nae@fei.edu.br ou visite-nos pessoalmente."
DOC005_C1_0001,DOC005,Fretados,Serviços ao aluno / Administrativo,Alta,https://portal.fei.edu.br/fretados,C1,500,100,1,491,"Fretados
Fretados
FRETADOS
Em parceria com o D.A – Diretório Acadêmico da FEI, divulgamos a informação de empresas de transporte fretados que têm linhas para a região da FEI, a fim de apoiar os estudantes e comunidade universitária.
Destacamos que a FEI não tem vínculo ou convênio com tais serviços. Para obter informações adicionais ou esclarecimento de dúvidas, entre em contato com o Diretório Acadêmico da FEI pelo e-mail: daengfei@gmail.com
CLIQUE E AQUI E VEJA A RELAÇÃO DE FRETADOS →"
DOC005_C2_0001,DOC005,Fretados,Serviços ao aluno / Administrativo,Alta,https://portal.fei.edu.br/fretados,C2,800,150,1,491,"Fretados
Fretados
FRETADOS
Em parceria com o D.A – Diretório Acadêmico da FEI, divulgamos a informação de empresas de transporte fretados que têm linhas para a região da FEI, a fim de apoiar os estudantes e comunidade universitária.
Destacamos que a FEI não tem vínculo ou convênio com tais serviços. Para obter informações adicionais ou esclarecimento de dúvidas, entre em contato com o Diretório Acadêmico da FEI pelo e-mail: daengfei@gmail.com
CLIQUE E AQUI E VEJA A RELAÇÃO DE FRETADOS →"
DOC005_C3_0001,DOC005,Fretados,Serviços ao aluno / Administrativo,Alta,https://portal.fei.edu.br/fretados,C3,1200,200,1,491,"Fretados
Fretados
FRETADOS
Em parceria com o D.A – Diretório Acadêmico da FEI, divulgamos a informação de empresas de transporte fretados que têm linhas para a região da FEI, a fim de apoiar os estudantes e comunidade universitária.
Destacamos que a FEI não tem vínculo ou convênio com tais serviços. Para obter informações adicionais ou esclarecimento de dúvidas, entre em contato com o Diretório Acadêmico da FEI pelo e-mail: daengfei@gmail.com
CLIQUE E AQUI E VEJA A RELAÇÃO DE FRETADOS →"
DOC006_C1_0001,DOC006,Tesouraria,Financeiro / Bolsas,Alta,https://portal.fei.edu.br/tesouraria,C1,500,100,1,500,"Tesouraria - FEI
Tesouraria
O setor é responsável pelas tratativas relacionadas a mensalidades e
outras demandas financeiras.
Telefone
(11) 4353-2900 - ramais 2905, 2186 e 2046.
Horário de Funcionamento
Período normal:
Segunda a Sexta-feira, das
9h às 19h.
Périodo de férias:
Segunda a Sexta-feira,
das 09h às 18h30.
Mensalidade
Administração
R$ 2.143,00
Ciência da Computação
R$ 2.769,00
Ciência de Dados e Inteligência Artificial
R$ 3.710,00
Engenharia
Diurno: R$ 3.711,00
Noturno: R$ 3.094,00
* Va"
DOC006_C1_0002,DOC006,Tesouraria,Financeiro / Bolsas,Alta,https://portal.fei.edu.br/tesouraria,C1,500,100,2,132,"Dados e Inteligência Artificial
R$ 3.710,00
Engenharia
Diurno: R$ 3.711,00
Noturno: R$ 3.094,00
* Valores válidos para o ano de 2025"
DOC006_C2_0001,DOC006,Tesouraria,Financeiro / Bolsas,Alta,https://portal.fei.edu.br/tesouraria,C2,800,150,1,532,"Tesouraria - FEI
Tesouraria
O setor é responsável pelas tratativas relacionadas a mensalidades e
outras demandas financeiras.
Telefone
(11) 4353-2900 - ramais 2905, 2186 e 2046.
Horário de Funcionamento
Período normal:
Segunda a Sexta-feira, das
9h às 19h.
Périodo de férias:
Segunda a Sexta-feira,
das 09h às 18h30.
Mensalidade
Administração
R$ 2.143,00
Ciência da Computação
R$ 2.769,00
Ciência de Dados e Inteligência Artificial
R$ 3.710,00
Engenharia
Diurno: R$ 3.711,00
Noturno: R$ 3.094,00
* Valores válidos para o ano de 2025"
DOC006_C3_0001,DOC006,Tesouraria,Financeiro / Bolsas,Alta,https://portal.fei.edu.br/tesouraria,C3,1200,200,1,532,"Tesouraria - FEI
Tesouraria
O setor é responsável pelas tratativas relacionadas a mensalidades e
outras demandas financeiras.
Telefone
(11) 4353-2900 - ramais 2905, 2186 e 2046.
Horário de Funcionamento
Período normal:
Segunda a Sexta-feira, das
9h às 19h.
Périodo de férias:
Segunda a Sexta-feira,
das 09h às 18h30.
Mensalidade
Administração
R$ 2.143,00
Ciência da Computação
R$ 2.769,00
Ciência de Dados e Inteligência Artificial
R$ 3.710,00
Engenharia
Diurno: R$ 3.711,00
Noturno: R$ 3.094,00
* Valores válidos para o ano de 2025"
DOC007_C1_0001,DOC007,Bolsas de Estudo de Graduação,Financeiro / Bolsas,Alta,https://portal.fei.edu.br/bolsas-de-estudo-de-graduacao,C1,500,100,1,499,"Bolsas de Estudo de Graduação
×
Mais Informações
Nome
E-mail
Telefone
Colégio/Instituição de Ensino
Estou ciente de que meus dados serão usados seguindo a
Lei Geral de Proteção de Dados
e a
Política de Privacidade
.
Você deve concordar, antes de continuar.
×
Agende uma Visita
Nome Completo
CPF
E-Mail
Celular
Dia e Horário
Opcional
Escola ou Cursinho que Estuda
Opcional
Curso de Interesse
Administração
Ciência da Computação
Engenharia de Automação e Controle
Engenharia de Materiais
Engenharia de"
DOC007_C1_0002,DOC007,Bolsas de Estudo de Graduação,Financeiro / Bolsas,Alta,https://portal.fei.edu.br/bolsas-de-estudo-de-graduacao,C1,500,100,2,500,"ação
Ciência da Computação
Engenharia de Automação e Controle
Engenharia de Materiais
Engenharia de Produção
Engenharia de Robôs
Engenharia Civil
Engenharia Elétrica
Engenharia Mecânica
Engenharia Química
Número de acompanhantes
Como você conheceu a FEI?
Feira de profissões ou palestra no meu colégio
Indicação de amigos
Indicação de pais
Indicação de professores
Internet
Jornal, cartaz ou folder
OBS: A FEI entrará em contato para confirmar a visita
Desejo receber mais informações sobre o curso p"
DOC007_C1_0003,DOC007,Bolsas de Estudo de Graduação,Financeiro / Bolsas,Alta,https://portal.fei.edu.br/bolsas-de-estudo-de-graduacao,C1,500,100,3,500,"BS: A FEI entrará em contato para confirmar a visita
Desejo receber mais informações sobre o curso por e-mail
Enviar
FEI - Bolsas de Estudo da Graduação
Bolsas de Estudo de Graduação
A FEI é uma Instituição que tem o compromisso com uma formação de qualidade, mas
também em proporcionar conhecimento visando à construção de uma sociedade desenvolvida, humana e justa.
Por isso, conta com programas de bolsa estudantis que tem como objetivo facilitar o ingresso de jovens de
baixa renda em estudos uni"
DOC007_C1_0004,DOC007,Bolsas de Estudo de Graduação,Financeiro / Bolsas,Alta,https://portal.fei.edu.br/bolsas-de-estudo-de-graduacao,C1,500,100,4,499,"bolsa estudantis que tem como objetivo facilitar o ingresso de jovens de
baixa renda em estudos universitários.
Conheça os programas de bolsas da FEI:
ProUni
Iniciativa do Governo Federal para a concessão de bolsas de estudo parciais ou integrais, dirigido a
vestibulandos.
Saiba mais
Crédito Educativo
A Fundação de Crédito Educativo - FUNDACRED, por meio de convênio com a Fundação Educacional Inaciana
""Pe. Sabóia de Medeiros"" – FEI, possibilita a concessão de crédito
rotativo, com fundo próprio"
DOC007_C1_0005,DOC007,Bolsas de Estudo de Graduação,Financeiro / Bolsas,Alta,https://portal.fei.edu.br/bolsas-de-estudo-de-graduacao,C1,500,100,5,500,"ciana
""Pe. Sabóia de Medeiros"" – FEI, possibilita a concessão de crédito
rotativo, com fundo próprio.
Saiba mais
FIES
O Fundo de Financiamento Estudantil (Fies) é o programa do Ministério da Educação que financia cursos superiores não gratuitos e com avaliação positiva no Sistema Nacional de Avaliação da Educação Superior (Sinaes).
Saiba mais
ProUni
O que é o ProUni?
O Prouni é um programa do Ministério da Educação, criado pelo Governo Federal em 2004, que oferece bolsas de estudos em Instituiçõ"
DOC007_C1_0006,DOC007,Bolsas de Estudo de Graduação,Financeiro / Bolsas,Alta,https://portal.fei.edu.br/bolsas-de-estudo-de-graduacao,C1,500,100,6,500,"stério da Educação, criado pelo Governo Federal em 2004, que oferece bolsas de estudos em Instituições Privadas de ensino superior.
O Prouni oferece bolsa integral para estudantes que possuam renda familiar per capita de até um salário mínimo e meio, e bolsa parcial de 50% para estudantes que possuam renda familiar per capita de até três salários mínimos.
A renda familiar per capita é calculada somando-se a renda bruta dos componentes do grupo familiar e dividindo-se pelo número de pessoas que f"
DOC007_C1_0007,DOC007,Bolsas de Estudo de Graduação,Financeiro / Bolsas,Alta,https://portal.fei.edu.br/bolsas-de-estudo-de-graduacao,C1,500,100,7,500,"mando-se a renda bruta dos componentes do grupo familiar e dividindo-se pelo número de pessoas que formam o grupo familiar. Se o resultado for até uma salário mínimo e meio, o estudante poderá concorrer a uma bolsa integral. Se o resultado for até três salários mínimos, o estudante poderá concorrer a uma bolsa parcial de 50%.
Entende-se como grupo familiar, além do próprio candidato, o conjunto de pessoas residindo sob o mesmo teto.
O candidato à bolsa do ProUni não precisa participar do process"
DOC007_C1_0008,DOC007,Bolsas de Estudo de Graduação,Financeiro / Bolsas,Alta,https://portal.fei.edu.br/bolsas-de-estudo-de-graduacao,C1,500,100,8,499,"pessoas residindo sob o mesmo teto.
O candidato à bolsa do ProUni não precisa participar do processo seletivo da Instituição em que pretende se inscrever. Entretanto, é facultado às Instituições participantes do Programa submeterem os candidatos pré-selecionados a um processo seletivo específico e isento de cobrança de taxas.
Poderá se inscrever aos processos seletivos do ProUni somente o estudante brasileiro não portador de diploma de curso superior que tenha participado do Exame Nacional do E"
DOC007_C1_0009,DOC007,Bolsas de Estudo de Graduação,Financeiro / Bolsas,Alta,https://portal.fei.edu.br/bolsas-de-estudo-de-graduacao,C1,500,100,9,500,"te brasileiro não portador de diploma de curso superior que tenha participado do Exame Nacional do Ensino Médio - Enem, nos termos do parágrafo único do art. 8º da Portaria
nº 524, de 26 de julho de 2022 e que atenda a pelo menos uma das condições a seguir:
I - Tenha cursado:
a) o ensino médio integralmente em escola da rede pública;
b) o ensino médio integralmente em instituição privada, na condição de bolsista integral da respectiva instituição;
c) o ensino médio parcialmente em escola da rede"
DOC007_C1_0010,DOC007,Bolsas de Estudo de Graduação,Financeiro / Bolsas,Alta,https://portal.fei.edu.br/bolsas-de-estudo-de-graduacao,C1,500,100,10,500,"ção de bolsista integral da respectiva instituição;
c) o ensino médio parcialmente em escola da rede pública e parcialmente em instituição privada, na condição de bolsista integral da respectiva instituição;
d) o ensino médio parcialmente em escola da rede pública e parcialmente em instituição privada, na condição de bolsista parcial da respectiva instituição ou sem a condição de bolsista; e
e) o ensino médio integralmente em instituição privada, na condição de bolsista parcial da respectiva ins"
DOC007_C1_0011,DOC007,Bolsas de Estudo de Graduação,Financeiro / Bolsas,Alta,https://portal.fei.edu.br/bolsas-de-estudo-de-graduacao,C1,500,100,11,500,"ensino médio integralmente em instituição privada, na condição de bolsista parcial da respectiva instituição ou sem a condição de bolsista;
II - Seja pessoa com deficiência, na forma prevista na legislação;
Comunicado R-07-2026 - Bolsas PROUNI 2º semestre de 2026
Termo Aditivo PROUNI SBC 2º semestre 2026
Termo Aditivo PROUNI SP 2º semestre de 2026
Edital nº 51, de 30 de junho de 2026
Documentos necessários para comprovação das informações do PROUNI
Quadro geral de bolsas 2º semestre de 2026
PORT"
DOC007_C1_0012,DOC007,Bolsas de Estudo de Graduação,Financeiro / Bolsas,Alta,https://portal.fei.edu.br/bolsas-de-estudo-de-graduacao,C1,500,100,12,500,"cessários para comprovação das informações do PROUNI
Quadro geral de bolsas 2º semestre de 2026
PORTARIA NORMATIVA Nº1, DE 02 DE JANEIRO DE 2015
Programa de Financiamento Estudantil - FIES
O Fundo de Financiamento Estudantil (Fies) é o programa do Ministério da Educação que financia cursos
superiores não gratuitos e com avaliação positiva no Sistema Nacional de Avaliação da Educação Superior
(Sinaes).
A Comissão Permanente de Supervisão e Acompanhamento (CPSA) é responsável pela validação das in"
DOC007_C1_0013,DOC007,Bolsas de Estudo de Graduação,Financeiro / Bolsas,Alta,https://portal.fei.edu.br/bolsas-de-estudo-de-graduacao,C1,500,100,13,500,"es).
A Comissão Permanente de Supervisão e Acompanhamento (CPSA) é responsável pela validação das informações
prestadas pelo candidato no ato da inscrição, bem como pela validação das informações prestadas pelos
estudantes quando dos aditamentos dos contratos.
Cada local de oferta de cursos da instituição de ensino deverá constituir uma Comissão Permanente de
Supervisão e Acompanhamento do FIES (CPSA). A Comissão é composta por cinco membros, sendo dois
representantes da instituição de ensino, d"
DOC007_C1_0014,DOC007,Bolsas de Estudo de Graduação,Financeiro / Bolsas,Alta,https://portal.fei.edu.br/bolsas-de-estudo-de-graduacao,C1,500,100,14,500,"PSA). A Comissão é composta por cinco membros, sendo dois
representantes da instituição de ensino, dois representantes da entidade máxima de representação estudantil
da instituição de ensino e um representante do corpo docente da instituição de ensino.
Os representantes da Comissão devem integrar o corpo docente, discente e administrativo do local de oferta de
cursos. Caso não exista entidade representativa dos estudantes no local de oferta de cursos, os representantes
estudantis serão escolhido"
DOC007_C1_0015,DOC007,Bolsas de Estudo de Graduação,Financeiro / Bolsas,Alta,https://portal.fei.edu.br/bolsas-de-estudo-de-graduacao,C1,500,100,15,499,"esentativa dos estudantes no local de oferta de cursos, os representantes
estudantis serão escolhidos pelo corpo discente da instituição.
Vagas Oferecidas
A FEI não aderiu ao Programa FIES 2018, portanto não haverá oferta de vagas para este ano.
Alternativamente, a FEI oferece a seus alunos regularmente matriculados a opção de Crédito
Educativo – CREDIES
Comissão Permanente de Supervisão e Acompanhamento – CPSA
Local de oferta de Curso:
campus
São Bernardo do Campo
Contato:
cpsa.fies@fei.edu.br"
DOC007_C1_0016,DOC007,Bolsas de Estudo de Graduação,Financeiro / Bolsas,Alta,https://portal.fei.edu.br/bolsas-de-estudo-de-graduacao,C1,500,100,16,499,"hamento – CPSA
Local de oferta de Curso:
campus
São Bernardo do Campo
Contato:
cpsa.fies@fei.edu.br
Nome
Representatividade
Shirlei das Graças Oliveira Martins
Presidente
Adriana Eloisa Mota
Vice-presidente
Renato Aparecido Aguiar
Docente
João Pedro Silva Campos
Discente
João Pedro Magalhães Feitosa da Silva
Discente
Rochely Ferraz de Oliveira Pires
Apoio técnico
Liangeli Munck Rosati
Apoio técnico
Para informações específicas e completas, acesse os endereços eletrônicos:
http://fies.mec.gov.br"
DOC007_C1_0017,DOC007,Bolsas de Estudo de Graduação,Financeiro / Bolsas,Alta,https://portal.fei.edu.br/bolsas-de-estudo-de-graduacao,C1,500,100,17,499,"o
Para informações específicas e completas, acesse os endereços eletrônicos:
http://fies.mec.gov.br
,
http://sisfiesportal.mec.gov.br
, ou ainda, na Central de Atendimento do MEC, por meio do número telefônico 0800 616161.
Crédito Educativo
A FEI, em parceria com a FUNDACRED, oferece aos alunos a possibilidade de obter crédito nas mensalidades ao longo da graduação, permitindo que você se concentre exclusivamente nos estudos e conquiste seu diploma com mais tranquilidade.
Inscrições 2º semestre"
DOC007_C1_0018,DOC007,Bolsas de Estudo de Graduação,Financeiro / Bolsas,Alta,https://portal.fei.edu.br/bolsas-de-estudo-de-graduacao,C1,500,100,18,500,"e exclusivamente nos estudos e conquiste seu diploma com mais tranquilidade.
Inscrições 2º semestre de 2026
Período de Inscrição:
22 de julho de 2026 a 13 de agosto de 2026.
Faça o seu cadastro
ATENÇÃO
A previsão de contato da FUNDACRED com os candidatos indicados ao crédito é a partir do dia 21 de agosto de 2026, por meio de e-mail.
Regulamento
Acesse
Informações importantes::
A inscrição representa apenas a manifestação de interesse pelo crédito.
A concessão do crédito está sujeita à disponibi"
DOC007_C1_0019,DOC007,Bolsas de Estudo de Graduação,Financeiro / Bolsas,Alta,https://portal.fei.edu.br/bolsas-de-estudo-de-graduacao,C1,500,100,19,500,"nta apenas a manifestação de interesse pelo crédito.
A concessão do crédito está sujeita à disponibilidade de verba.
Caso o número de inscritos seja superior à verba disponível, o critério de desempate será a renda bruta familiar, em ordem crescente (priorizando famílias com menor renda).
Faça o seu cadastro
FAQ
1 - Quem pode solicitar o crédito estudantil?
Os alunos que estiverem regularmente matriculados em cursos na FEI. Para formalizar a solicitação, é obrigatória a apresentação do número de"
DOC007_C1_0020,DOC007,Bolsas de Estudo de Graduação,Financeiro / Bolsas,Alta,https://portal.fei.edu.br/bolsas-de-estudo-de-graduacao,C1,500,100,20,500,"riculados em cursos na FEI. Para formalizar a solicitação, é obrigatória a apresentação do número de matrícula, que comprova o vínculo ativo com a instituição.
2 - Qual a % de crédito que posso ter?
O crédito estudantil cobre 50% do valor das mensalidades referentes ao semestre, com exceção da parcela da matrícula, que deverá ser paga integralmente pelo estudante.
3 - O que preciso fazer para obter o crédito?
O candidato deve realizar a inscrição dentro do prazo estabelecido, atender aos critéri"
DOC007_C1_0021,DOC007,Bolsas de Estudo de Graduação,Financeiro / Bolsas,Alta,https://portal.fei.edu.br/bolsas-de-estudo-de-graduacao,C1,500,100,21,500,"r o crédito?
O candidato deve realizar a inscrição dentro do prazo estabelecido, atender aos critérios de seleção definidos pela instituição e pela Fundacred e apresentar um fiador que cumpra os seguintes requisitos mínimos:
Ser idôneo durante toda a vigência do contrato;
Não possuir restrições financeiras (como inadimplência ou protestos);
Comprovar renda mínima de 2 salários mínimos, sendo que essa renda deve ser igual ou superior a 1,5 vez o valor integral da mensalidade média do curso em que"
DOC007_C1_0022,DOC007,Bolsas de Estudo de Graduação,Financeiro / Bolsas,Alta,https://portal.fei.edu.br/bolsas-de-estudo-de-graduacao,C1,500,100,22,500,"ssa renda deve ser igual ou superior a 1,5 vez o valor integral da mensalidade média do curso em que o estudante está matriculado.
4 - Onde faço a solicitação do crédito estudantil?
Através do link:
Link
5 - Quais os critérios de seleção para obter o crédito educativo?
O crédito educativo é concedido conforme a disponibilidade de verba, exige renda familiar de até R$ 15.000,00, entrega da documentação completa, e, em caso de empate, prioriza quem tem menor renda
6 - O crédito educativo tem juros"
DOC007_C1_0023,DOC007,Bolsas de Estudo de Graduação,Financeiro / Bolsas,Alta,https://portal.fei.edu.br/bolsas-de-estudo-de-graduacao,C1,500,100,23,500,"ação completa, e, em caso de empate, prioriza quem tem menor renda
6 - O crédito educativo tem juros?
Não, o crédito educativo não possui cobrança de juros, no entanto, há uma taxa de administração de 0,35% ao mês, aplicada sobre o valor de cada parcela a ser restituída, após o período de utilização do crédito.
7 - Quando devo começar a pagar a parte não coberta pelo crédito?
O pagamento da parte não coberta pelo crédito começa apenas após a conclusão do curso ou término do vínculo com a institu"
DOC007_C1_0024,DOC007,Bolsas de Estudo de Graduação,Financeiro / Bolsas,Alta,https://portal.fei.edu.br/bolsas-de-estudo-de-graduacao,C1,500,100,24,323,"não coberta pelo crédito começa apenas após a conclusão do curso ou término do vínculo com a instituição, em prazo proporcional ao tempo de uso do crédito.
8 - Quando pago a diferença do crédito educativo?
O aluno beneficiado inicia o pagamento dos valores assim que finalizar os seus estudos.
Mais informações
CLIQUE AQUI!"
DOC007_C2_0001,DOC007,Bolsas de Estudo de Graduação,Financeiro / Bolsas,Alta,https://portal.fei.edu.br/bolsas-de-estudo-de-graduacao,C2,800,150,1,800,"Bolsas de Estudo de Graduação
×
Mais Informações
Nome
E-mail
Telefone
Colégio/Instituição de Ensino
Estou ciente de que meus dados serão usados seguindo a
Lei Geral de Proteção de Dados
e a
Política de Privacidade
.
Você deve concordar, antes de continuar.
×
Agende uma Visita
Nome Completo
CPF
E-Mail
Celular
Dia e Horário
Opcional
Escola ou Cursinho que Estuda
Opcional
Curso de Interesse
Administração
Ciência da Computação
Engenharia de Automação e Controle
Engenharia de Materiais
Engenharia de Produção
Engenharia de Robôs
Engenharia Civil
Engenharia Elétrica
Engenharia Mecânica
Engenharia Química
Número de acompanhantes
Como você conheceu a FEI?
Feira de profissões ou palestra no meu colégio
Indicação de amigos
Indicação de pais
Indicação de professores
Internet
Jornal, cartaz ou folder
O"
DOC007_C2_0002,DOC007,Bolsas de Estudo de Graduação,Financeiro / Bolsas,Alta,https://portal.fei.edu.br/bolsas-de-estudo-de-graduacao,C2,800,150,2,800,"FEI?
Feira de profissões ou palestra no meu colégio
Indicação de amigos
Indicação de pais
Indicação de professores
Internet
Jornal, cartaz ou folder
OBS: A FEI entrará em contato para confirmar a visita
Desejo receber mais informações sobre o curso por e-mail
Enviar
FEI - Bolsas de Estudo da Graduação
Bolsas de Estudo de Graduação
A FEI é uma Instituição que tem o compromisso com uma formação de qualidade, mas
também em proporcionar conhecimento visando à construção de uma sociedade desenvolvida, humana e justa.
Por isso, conta com programas de bolsa estudantis que tem como objetivo facilitar o ingresso de jovens de
baixa renda em estudos universitários.
Conheça os programas de bolsas da FEI:
ProUni
Iniciativa do Governo Federal para a concessão de bolsas de estudo parciais ou integrais, d"
DOC007_C2_0003,DOC007,Bolsas de Estudo de Graduação,Financeiro / Bolsas,Alta,https://portal.fei.edu.br/bolsas-de-estudo-de-graduacao,C2,800,150,3,800,"versitários.
Conheça os programas de bolsas da FEI:
ProUni
Iniciativa do Governo Federal para a concessão de bolsas de estudo parciais ou integrais, dirigido a
vestibulandos.
Saiba mais
Crédito Educativo
A Fundação de Crédito Educativo - FUNDACRED, por meio de convênio com a Fundação Educacional Inaciana
""Pe. Sabóia de Medeiros"" – FEI, possibilita a concessão de crédito
rotativo, com fundo próprio.
Saiba mais
FIES
O Fundo de Financiamento Estudantil (Fies) é o programa do Ministério da Educação que financia cursos superiores não gratuitos e com avaliação positiva no Sistema Nacional de Avaliação da Educação Superior (Sinaes).
Saiba mais
ProUni
O que é o ProUni?
O Prouni é um programa do Ministério da Educação, criado pelo Governo Federal em 2004, que oferece bolsas de estudos em Instituiçõ"
DOC007_C2_0004,DOC007,Bolsas de Estudo de Graduação,Financeiro / Bolsas,Alta,https://portal.fei.edu.br/bolsas-de-estudo-de-graduacao,C2,800,150,4,799,"i
O que é o ProUni?
O Prouni é um programa do Ministério da Educação, criado pelo Governo Federal em 2004, que oferece bolsas de estudos em Instituições Privadas de ensino superior.
O Prouni oferece bolsa integral para estudantes que possuam renda familiar per capita de até um salário mínimo e meio, e bolsa parcial de 50% para estudantes que possuam renda familiar per capita de até três salários mínimos.
A renda familiar per capita é calculada somando-se a renda bruta dos componentes do grupo familiar e dividindo-se pelo número de pessoas que formam o grupo familiar. Se o resultado for até uma salário mínimo e meio, o estudante poderá concorrer a uma bolsa integral. Se o resultado for até três salários mínimos, o estudante poderá concorrer a uma bolsa parcial de 50%.
Entende-se como grupo"
DOC007_C2_0005,DOC007,Bolsas de Estudo de Graduação,Financeiro / Bolsas,Alta,https://portal.fei.edu.br/bolsas-de-estudo-de-graduacao,C2,800,150,5,800,"er a uma bolsa integral. Se o resultado for até três salários mínimos, o estudante poderá concorrer a uma bolsa parcial de 50%.
Entende-se como grupo familiar, além do próprio candidato, o conjunto de pessoas residindo sob o mesmo teto.
O candidato à bolsa do ProUni não precisa participar do processo seletivo da Instituição em que pretende se inscrever. Entretanto, é facultado às Instituições participantes do Programa submeterem os candidatos pré-selecionados a um processo seletivo específico e isento de cobrança de taxas.
Poderá se inscrever aos processos seletivos do ProUni somente o estudante brasileiro não portador de diploma de curso superior que tenha participado do Exame Nacional do Ensino Médio - Enem, nos termos do parágrafo único do art. 8º da Portaria
nº 524, de 26 de julho de 2"
DOC007_C2_0006,DOC007,Bolsas de Estudo de Graduação,Financeiro / Bolsas,Alta,https://portal.fei.edu.br/bolsas-de-estudo-de-graduacao,C2,800,150,6,800,"erior que tenha participado do Exame Nacional do Ensino Médio - Enem, nos termos do parágrafo único do art. 8º da Portaria
nº 524, de 26 de julho de 2022 e que atenda a pelo menos uma das condições a seguir:
I - Tenha cursado:
a) o ensino médio integralmente em escola da rede pública;
b) o ensino médio integralmente em instituição privada, na condição de bolsista integral da respectiva instituição;
c) o ensino médio parcialmente em escola da rede pública e parcialmente em instituição privada, na condição de bolsista integral da respectiva instituição;
d) o ensino médio parcialmente em escola da rede pública e parcialmente em instituição privada, na condição de bolsista parcial da respectiva instituição ou sem a condição de bolsista; e
e) o ensino médio integralmente em instituição privada,"
DOC007_C2_0007,DOC007,Bolsas de Estudo de Graduação,Financeiro / Bolsas,Alta,https://portal.fei.edu.br/bolsas-de-estudo-de-graduacao,C2,800,150,7,800,"da, na condição de bolsista parcial da respectiva instituição ou sem a condição de bolsista; e
e) o ensino médio integralmente em instituição privada, na condição de bolsista parcial da respectiva instituição ou sem a condição de bolsista;
II - Seja pessoa com deficiência, na forma prevista na legislação;
Comunicado R-07-2026 - Bolsas PROUNI 2º semestre de 2026
Termo Aditivo PROUNI SBC 2º semestre 2026
Termo Aditivo PROUNI SP 2º semestre de 2026
Edital nº 51, de 30 de junho de 2026
Documentos necessários para comprovação das informações do PROUNI
Quadro geral de bolsas 2º semestre de 2026
PORTARIA NORMATIVA Nº1, DE 02 DE JANEIRO DE 2015
Programa de Financiamento Estudantil - FIES
O Fundo de Financiamento Estudantil (Fies) é o programa do Ministério da Educação que financia cursos
superiore"
DOC007_C2_0008,DOC007,Bolsas de Estudo de Graduação,Financeiro / Bolsas,Alta,https://portal.fei.edu.br/bolsas-de-estudo-de-graduacao,C2,800,150,8,800,"ama de Financiamento Estudantil - FIES
O Fundo de Financiamento Estudantil (Fies) é o programa do Ministério da Educação que financia cursos
superiores não gratuitos e com avaliação positiva no Sistema Nacional de Avaliação da Educação Superior
(Sinaes).
A Comissão Permanente de Supervisão e Acompanhamento (CPSA) é responsável pela validação das informações
prestadas pelo candidato no ato da inscrição, bem como pela validação das informações prestadas pelos
estudantes quando dos aditamentos dos contratos.
Cada local de oferta de cursos da instituição de ensino deverá constituir uma Comissão Permanente de
Supervisão e Acompanhamento do FIES (CPSA). A Comissão é composta por cinco membros, sendo dois
representantes da instituição de ensino, dois representantes da entidade máxima de represent"
DOC007_C2_0009,DOC007,Bolsas de Estudo de Graduação,Financeiro / Bolsas,Alta,https://portal.fei.edu.br/bolsas-de-estudo-de-graduacao,C2,800,150,9,800,"PSA). A Comissão é composta por cinco membros, sendo dois
representantes da instituição de ensino, dois representantes da entidade máxima de representação estudantil
da instituição de ensino e um representante do corpo docente da instituição de ensino.
Os representantes da Comissão devem integrar o corpo docente, discente e administrativo do local de oferta de
cursos. Caso não exista entidade representativa dos estudantes no local de oferta de cursos, os representantes
estudantis serão escolhidos pelo corpo discente da instituição.
Vagas Oferecidas
A FEI não aderiu ao Programa FIES 2018, portanto não haverá oferta de vagas para este ano.
Alternativamente, a FEI oferece a seus alunos regularmente matriculados a opção de Crédito
Educativo – CREDIES
Comissão Permanente de Supervisão e Acompan"
DOC007_C2_0010,DOC007,Bolsas de Estudo de Graduação,Financeiro / Bolsas,Alta,https://portal.fei.edu.br/bolsas-de-estudo-de-graduacao,C2,800,150,10,800,"rnativamente, a FEI oferece a seus alunos regularmente matriculados a opção de Crédito
Educativo – CREDIES
Comissão Permanente de Supervisão e Acompanhamento – CPSA
Local de oferta de Curso:
campus
São Bernardo do Campo
Contato:
cpsa.fies@fei.edu.br
Nome
Representatividade
Shirlei das Graças Oliveira Martins
Presidente
Adriana Eloisa Mota
Vice-presidente
Renato Aparecido Aguiar
Docente
João Pedro Silva Campos
Discente
João Pedro Magalhães Feitosa da Silva
Discente
Rochely Ferraz de Oliveira Pires
Apoio técnico
Liangeli Munck Rosati
Apoio técnico
Para informações específicas e completas, acesse os endereços eletrônicos:
http://fies.mec.gov.br
,
http://sisfiesportal.mec.gov.br
, ou ainda, na Central de Atendimento do MEC, por meio do número telefônico 0800 616161.
Crédito Educativo
A FEI, em"
DOC007_C2_0011,DOC007,Bolsas de Estudo de Graduação,Financeiro / Bolsas,Alta,https://portal.fei.edu.br/bolsas-de-estudo-de-graduacao,C2,800,150,11,800,",
http://sisfiesportal.mec.gov.br
, ou ainda, na Central de Atendimento do MEC, por meio do número telefônico 0800 616161.
Crédito Educativo
A FEI, em parceria com a FUNDACRED, oferece aos alunos a possibilidade de obter crédito nas mensalidades ao longo da graduação, permitindo que você se concentre exclusivamente nos estudos e conquiste seu diploma com mais tranquilidade.
Inscrições 2º semestre de 2026
Período de Inscrição:
22 de julho de 2026 a 13 de agosto de 2026.
Faça o seu cadastro
ATENÇÃO
A previsão de contato da FUNDACRED com os candidatos indicados ao crédito é a partir do dia 21 de agosto de 2026, por meio de e-mail.
Regulamento
Acesse
Informações importantes::
A inscrição representa apenas a manifestação de interesse pelo crédito.
A concessão do crédito está sujeita à disponibi"
DOC007_C2_0012,DOC007,Bolsas de Estudo de Graduação,Financeiro / Bolsas,Alta,https://portal.fei.edu.br/bolsas-de-estudo-de-graduacao,C2,800,150,12,800,"esse
Informações importantes::
A inscrição representa apenas a manifestação de interesse pelo crédito.
A concessão do crédito está sujeita à disponibilidade de verba.
Caso o número de inscritos seja superior à verba disponível, o critério de desempate será a renda bruta familiar, em ordem crescente (priorizando famílias com menor renda).
Faça o seu cadastro
FAQ
1 - Quem pode solicitar o crédito estudantil?
Os alunos que estiverem regularmente matriculados em cursos na FEI. Para formalizar a solicitação, é obrigatória a apresentação do número de matrícula, que comprova o vínculo ativo com a instituição.
2 - Qual a % de crédito que posso ter?
O crédito estudantil cobre 50% do valor das mensalidades referentes ao semestre, com exceção da parcela da matrícula, que deverá ser paga integralmente"
DOC007_C2_0013,DOC007,Bolsas de Estudo de Graduação,Financeiro / Bolsas,Alta,https://portal.fei.edu.br/bolsas-de-estudo-de-graduacao,C2,800,150,13,799,"crédito estudantil cobre 50% do valor das mensalidades referentes ao semestre, com exceção da parcela da matrícula, que deverá ser paga integralmente pelo estudante.
3 - O que preciso fazer para obter o crédito?
O candidato deve realizar a inscrição dentro do prazo estabelecido, atender aos critérios de seleção definidos pela instituição e pela Fundacred e apresentar um fiador que cumpra os seguintes requisitos mínimos:
Ser idôneo durante toda a vigência do contrato;
Não possuir restrições financeiras (como inadimplência ou protestos);
Comprovar renda mínima de 2 salários mínimos, sendo que essa renda deve ser igual ou superior a 1,5 vez o valor integral da mensalidade média do curso em que o estudante está matriculado.
4 - Onde faço a solicitação do crédito estudantil?
Através do link:
L"
DOC007_C2_0014,DOC007,Bolsas de Estudo de Graduação,Financeiro / Bolsas,Alta,https://portal.fei.edu.br/bolsas-de-estudo-de-graduacao,C2,800,150,14,800,"alor integral da mensalidade média do curso em que o estudante está matriculado.
4 - Onde faço a solicitação do crédito estudantil?
Através do link:
Link
5 - Quais os critérios de seleção para obter o crédito educativo?
O crédito educativo é concedido conforme a disponibilidade de verba, exige renda familiar de até R$ 15.000,00, entrega da documentação completa, e, em caso de empate, prioriza quem tem menor renda
6 - O crédito educativo tem juros?
Não, o crédito educativo não possui cobrança de juros, no entanto, há uma taxa de administração de 0,35% ao mês, aplicada sobre o valor de cada parcela a ser restituída, após o período de utilização do crédito.
7 - Quando devo começar a pagar a parte não coberta pelo crédito?
O pagamento da parte não coberta pelo crédito começa apenas após a conc"
DOC007_C2_0015,DOC007,Bolsas de Estudo de Graduação,Financeiro / Bolsas,Alta,https://portal.fei.edu.br/bolsas-de-estudo-de-graduacao,C2,800,150,15,422,"do crédito.
7 - Quando devo começar a pagar a parte não coberta pelo crédito?
O pagamento da parte não coberta pelo crédito começa apenas após a conclusão do curso ou término do vínculo com a instituição, em prazo proporcional ao tempo de uso do crédito.
8 - Quando pago a diferença do crédito educativo?
O aluno beneficiado inicia o pagamento dos valores assim que finalizar os seus estudos.
Mais informações
CLIQUE AQUI!"
DOC007_C3_0001,DOC007,Bolsas de Estudo de Graduação,Financeiro / Bolsas,Alta,https://portal.fei.edu.br/bolsas-de-estudo-de-graduacao,C3,1200,200,1,1200,"Bolsas de Estudo de Graduação
×
Mais Informações
Nome
E-mail
Telefone
Colégio/Instituição de Ensino
Estou ciente de que meus dados serão usados seguindo a
Lei Geral de Proteção de Dados
e a
Política de Privacidade
.
Você deve concordar, antes de continuar.
×
Agende uma Visita
Nome Completo
CPF
E-Mail
Celular
Dia e Horário
Opcional
Escola ou Cursinho que Estuda
Opcional
Curso de Interesse
Administração
Ciência da Computação
Engenharia de Automação e Controle
Engenharia de Materiais
Engenharia de Produção
Engenharia de Robôs
Engenharia Civil
Engenharia Elétrica
Engenharia Mecânica
Engenharia Química
Número de acompanhantes
Como você conheceu a FEI?
Feira de profissões ou palestra no meu colégio
Indicação de amigos
Indicação de pais
Indicação de professores
Internet
Jornal, cartaz ou folder
OBS: A FEI entrará em contato para confirmar a visita
Desejo receber mais informações sobre o curso por e-mail
Enviar
FEI - Bolsas de Estudo da Graduação
Bolsas de Estudo de Graduação
A FEI é uma Instituição que tem o compromisso com uma formação de qualidade, mas
também em proporcionar conhecimento visando à construção de uma sociedade desenvolvida, humana e justa.
Por isso, conta com programas de"
DOC007_C3_0002,DOC007,Bolsas de Estudo de Graduação,Financeiro / Bolsas,Alta,https://portal.fei.edu.br/bolsas-de-estudo-de-graduacao,C3,1200,200,2,1200,"tuição que tem o compromisso com uma formação de qualidade, mas
também em proporcionar conhecimento visando à construção de uma sociedade desenvolvida, humana e justa.
Por isso, conta com programas de bolsa estudantis que tem como objetivo facilitar o ingresso de jovens de
baixa renda em estudos universitários.
Conheça os programas de bolsas da FEI:
ProUni
Iniciativa do Governo Federal para a concessão de bolsas de estudo parciais ou integrais, dirigido a
vestibulandos.
Saiba mais
Crédito Educativo
A Fundação de Crédito Educativo - FUNDACRED, por meio de convênio com a Fundação Educacional Inaciana
""Pe. Sabóia de Medeiros"" – FEI, possibilita a concessão de crédito
rotativo, com fundo próprio.
Saiba mais
FIES
O Fundo de Financiamento Estudantil (Fies) é o programa do Ministério da Educação que financia cursos superiores não gratuitos e com avaliação positiva no Sistema Nacional de Avaliação da Educação Superior (Sinaes).
Saiba mais
ProUni
O que é o ProUni?
O Prouni é um programa do Ministério da Educação, criado pelo Governo Federal em 2004, que oferece bolsas de estudos em Instituições Privadas de ensino superior.
O Prouni oferece bolsa integral para estudantes que possuam renda fa"
DOC007_C3_0003,DOC007,Bolsas de Estudo de Graduação,Financeiro / Bolsas,Alta,https://portal.fei.edu.br/bolsas-de-estudo-de-graduacao,C3,1200,200,3,1200,"stério da Educação, criado pelo Governo Federal em 2004, que oferece bolsas de estudos em Instituições Privadas de ensino superior.
O Prouni oferece bolsa integral para estudantes que possuam renda familiar per capita de até um salário mínimo e meio, e bolsa parcial de 50% para estudantes que possuam renda familiar per capita de até três salários mínimos.
A renda familiar per capita é calculada somando-se a renda bruta dos componentes do grupo familiar e dividindo-se pelo número de pessoas que formam o grupo familiar. Se o resultado for até uma salário mínimo e meio, o estudante poderá concorrer a uma bolsa integral. Se o resultado for até três salários mínimos, o estudante poderá concorrer a uma bolsa parcial de 50%.
Entende-se como grupo familiar, além do próprio candidato, o conjunto de pessoas residindo sob o mesmo teto.
O candidato à bolsa do ProUni não precisa participar do processo seletivo da Instituição em que pretende se inscrever. Entretanto, é facultado às Instituições participantes do Programa submeterem os candidatos pré-selecionados a um processo seletivo específico e isento de cobrança de taxas.
Poderá se inscrever aos processos seletivos do ProUni somente o estudan"
DOC007_C3_0004,DOC007,Bolsas de Estudo de Graduação,Financeiro / Bolsas,Alta,https://portal.fei.edu.br/bolsas-de-estudo-de-graduacao,C3,1200,200,4,1200,"icipantes do Programa submeterem os candidatos pré-selecionados a um processo seletivo específico e isento de cobrança de taxas.
Poderá se inscrever aos processos seletivos do ProUni somente o estudante brasileiro não portador de diploma de curso superior que tenha participado do Exame Nacional do Ensino Médio - Enem, nos termos do parágrafo único do art. 8º da Portaria
nº 524, de 26 de julho de 2022 e que atenda a pelo menos uma das condições a seguir:
I - Tenha cursado:
a) o ensino médio integralmente em escola da rede pública;
b) o ensino médio integralmente em instituição privada, na condição de bolsista integral da respectiva instituição;
c) o ensino médio parcialmente em escola da rede pública e parcialmente em instituição privada, na condição de bolsista integral da respectiva instituição;
d) o ensino médio parcialmente em escola da rede pública e parcialmente em instituição privada, na condição de bolsista parcial da respectiva instituição ou sem a condição de bolsista; e
e) o ensino médio integralmente em instituição privada, na condição de bolsista parcial da respectiva instituição ou sem a condição de bolsista;
II - Seja pessoa com deficiência, na forma prevista na legis"
DOC007_C3_0005,DOC007,Bolsas de Estudo de Graduação,Financeiro / Bolsas,Alta,https://portal.fei.edu.br/bolsas-de-estudo-de-graduacao,C3,1200,200,5,1200,"ensino médio integralmente em instituição privada, na condição de bolsista parcial da respectiva instituição ou sem a condição de bolsista;
II - Seja pessoa com deficiência, na forma prevista na legislação;
Comunicado R-07-2026 - Bolsas PROUNI 2º semestre de 2026
Termo Aditivo PROUNI SBC 2º semestre 2026
Termo Aditivo PROUNI SP 2º semestre de 2026
Edital nº 51, de 30 de junho de 2026
Documentos necessários para comprovação das informações do PROUNI
Quadro geral de bolsas 2º semestre de 2026
PORTARIA NORMATIVA Nº1, DE 02 DE JANEIRO DE 2015
Programa de Financiamento Estudantil - FIES
O Fundo de Financiamento Estudantil (Fies) é o programa do Ministério da Educação que financia cursos
superiores não gratuitos e com avaliação positiva no Sistema Nacional de Avaliação da Educação Superior
(Sinaes).
A Comissão Permanente de Supervisão e Acompanhamento (CPSA) é responsável pela validação das informações
prestadas pelo candidato no ato da inscrição, bem como pela validação das informações prestadas pelos
estudantes quando dos aditamentos dos contratos.
Cada local de oferta de cursos da instituição de ensino deverá constituir uma Comissão Permanente de
Supervisão e Acompanhamento do FIES (C"
DOC007_C3_0006,DOC007,Bolsas de Estudo de Graduação,Financeiro / Bolsas,Alta,https://portal.fei.edu.br/bolsas-de-estudo-de-graduacao,C3,1200,200,6,1200,"tadas pelos
estudantes quando dos aditamentos dos contratos.
Cada local de oferta de cursos da instituição de ensino deverá constituir uma Comissão Permanente de
Supervisão e Acompanhamento do FIES (CPSA). A Comissão é composta por cinco membros, sendo dois
representantes da instituição de ensino, dois representantes da entidade máxima de representação estudantil
da instituição de ensino e um representante do corpo docente da instituição de ensino.
Os representantes da Comissão devem integrar o corpo docente, discente e administrativo do local de oferta de
cursos. Caso não exista entidade representativa dos estudantes no local de oferta de cursos, os representantes
estudantis serão escolhidos pelo corpo discente da instituição.
Vagas Oferecidas
A FEI não aderiu ao Programa FIES 2018, portanto não haverá oferta de vagas para este ano.
Alternativamente, a FEI oferece a seus alunos regularmente matriculados a opção de Crédito
Educativo – CREDIES
Comissão Permanente de Supervisão e Acompanhamento – CPSA
Local de oferta de Curso:
campus
São Bernardo do Campo
Contato:
cpsa.fies@fei.edu.br
Nome
Representatividade
Shirlei das Graças Oliveira Martins
Presidente
Adriana Eloisa Mota
Vice-pres"
DOC007_C3_0007,DOC007,Bolsas de Estudo de Graduação,Financeiro / Bolsas,Alta,https://portal.fei.edu.br/bolsas-de-estudo-de-graduacao,C3,1200,200,7,1200,"hamento – CPSA
Local de oferta de Curso:
campus
São Bernardo do Campo
Contato:
cpsa.fies@fei.edu.br
Nome
Representatividade
Shirlei das Graças Oliveira Martins
Presidente
Adriana Eloisa Mota
Vice-presidente
Renato Aparecido Aguiar
Docente
João Pedro Silva Campos
Discente
João Pedro Magalhães Feitosa da Silva
Discente
Rochely Ferraz de Oliveira Pires
Apoio técnico
Liangeli Munck Rosati
Apoio técnico
Para informações específicas e completas, acesse os endereços eletrônicos:
http://fies.mec.gov.br
,
http://sisfiesportal.mec.gov.br
, ou ainda, na Central de Atendimento do MEC, por meio do número telefônico 0800 616161.
Crédito Educativo
A FEI, em parceria com a FUNDACRED, oferece aos alunos a possibilidade de obter crédito nas mensalidades ao longo da graduação, permitindo que você se concentre exclusivamente nos estudos e conquiste seu diploma com mais tranquilidade.
Inscrições 2º semestre de 2026
Período de Inscrição:
22 de julho de 2026 a 13 de agosto de 2026.
Faça o seu cadastro
ATENÇÃO
A previsão de contato da FUNDACRED com os candidatos indicados ao crédito é a partir do dia 21 de agosto de 2026, por meio de e-mail.
Regulamento
Acesse
Informações importantes::
A inscrição represe"
DOC007_C3_0008,DOC007,Bolsas de Estudo de Graduação,Financeiro / Bolsas,Alta,https://portal.fei.edu.br/bolsas-de-estudo-de-graduacao,C3,1200,200,8,1200,"O
A previsão de contato da FUNDACRED com os candidatos indicados ao crédito é a partir do dia 21 de agosto de 2026, por meio de e-mail.
Regulamento
Acesse
Informações importantes::
A inscrição representa apenas a manifestação de interesse pelo crédito.
A concessão do crédito está sujeita à disponibilidade de verba.
Caso o número de inscritos seja superior à verba disponível, o critério de desempate será a renda bruta familiar, em ordem crescente (priorizando famílias com menor renda).
Faça o seu cadastro
FAQ
1 - Quem pode solicitar o crédito estudantil?
Os alunos que estiverem regularmente matriculados em cursos na FEI. Para formalizar a solicitação, é obrigatória a apresentação do número de matrícula, que comprova o vínculo ativo com a instituição.
2 - Qual a % de crédito que posso ter?
O crédito estudantil cobre 50% do valor das mensalidades referentes ao semestre, com exceção da parcela da matrícula, que deverá ser paga integralmente pelo estudante.
3 - O que preciso fazer para obter o crédito?
O candidato deve realizar a inscrição dentro do prazo estabelecido, atender aos critérios de seleção definidos pela instituição e pela Fundacred e apresentar um fiador que cumpra os segui"
DOC007_C3_0009,DOC007,Bolsas de Estudo de Graduação,Financeiro / Bolsas,Alta,https://portal.fei.edu.br/bolsas-de-estudo-de-graduacao,C3,1200,200,9,1199,"r o crédito?
O candidato deve realizar a inscrição dentro do prazo estabelecido, atender aos critérios de seleção definidos pela instituição e pela Fundacred e apresentar um fiador que cumpra os seguintes requisitos mínimos:
Ser idôneo durante toda a vigência do contrato;
Não possuir restrições financeiras (como inadimplência ou protestos);
Comprovar renda mínima de 2 salários mínimos, sendo que essa renda deve ser igual ou superior a 1,5 vez o valor integral da mensalidade média do curso em que o estudante está matriculado.
4 - Onde faço a solicitação do crédito estudantil?
Através do link:
Link
5 - Quais os critérios de seleção para obter o crédito educativo?
O crédito educativo é concedido conforme a disponibilidade de verba, exige renda familiar de até R$ 15.000,00, entrega da documentação completa, e, em caso de empate, prioriza quem tem menor renda
6 - O crédito educativo tem juros?
Não, o crédito educativo não possui cobrança de juros, no entanto, há uma taxa de administração de 0,35% ao mês, aplicada sobre o valor de cada parcela a ser restituída, após o período de utilização do crédito.
7 - Quando devo começar a pagar a parte não coberta pelo crédito?
O pagamento da parte"
DOC007_C3_0010,DOC007,Bolsas de Estudo de Graduação,Financeiro / Bolsas,Alta,https://portal.fei.edu.br/bolsas-de-estudo-de-graduacao,C3,1200,200,10,522,"0,35% ao mês, aplicada sobre o valor de cada parcela a ser restituída, após o período de utilização do crédito.
7 - Quando devo começar a pagar a parte não coberta pelo crédito?
O pagamento da parte não coberta pelo crédito começa apenas após a conclusão do curso ou término do vínculo com a instituição, em prazo proporcional ao tempo de uso do crédito.
8 - Quando pago a diferença do crédito educativo?
O aluno beneficiado inicia o pagamento dos valores assim que finalizar os seus estudos.
Mais informações
CLIQUE AQUI!"
DOC008_C1_0001,DOC008,Estágio e Emprego,Estágio e emprego,Alta,https://portal.fei.edu.br/estagio-e-emprego,C1,500,100,1,500,"Setor de Estágios e Empregos - FEI
Estágio e Emprego
A formação com alto padrão de excelência reconhecida pelo mercado de trabalho é um dos diferenciais da Instituição e
confere aos alunos um dos maiores níveis de empregabilidade e competitividade nos processos de seleção.
O setor de Estágios e Empregos da FEI oferece ao aluno uma série de oportunidades para atuar como estagiário, trainee ou mesmo empregado de
grandes empresas nacionais e multinacionais. A FEI possui parceria com aproximadamente"
DOC008_C1_0002,DOC008,Estágio e Emprego,Estágio e emprego,Alta,https://portal.fei.edu.br/estagio-e-emprego,C1,500,100,2,498,"empregado de
grandes empresas nacionais e multinacionais. A FEI possui parceria com aproximadamente 8.000 empresas cadastradas
em seu banco de dados. Segundo pesquisas realizadas pela instituição, aproximadamente 90% dos seus estudantes em fase
de conclusão de curso estão desenvolvendo alguma atividade remunerada e são rapidamente absorvidos pelo mercado de
trabalho quando se formam.
Confira as Vagas Disponíveis →
Contato do setor de estágios
E-mail:
estagio@fei.edu.br
Telefone:
(11) 4353-2904"
DOC008_C2_0001,DOC008,Estágio e Emprego,Estágio e emprego,Alta,https://portal.fei.edu.br/estagio-e-emprego,C2,800,150,1,800,"Setor de Estágios e Empregos - FEI
Estágio e Emprego
A formação com alto padrão de excelência reconhecida pelo mercado de trabalho é um dos diferenciais da Instituição e
confere aos alunos um dos maiores níveis de empregabilidade e competitividade nos processos de seleção.
O setor de Estágios e Empregos da FEI oferece ao aluno uma série de oportunidades para atuar como estagiário, trainee ou mesmo empregado de
grandes empresas nacionais e multinacionais. A FEI possui parceria com aproximadamente 8.000 empresas cadastradas
em seu banco de dados. Segundo pesquisas realizadas pela instituição, aproximadamente 90% dos seus estudantes em fase
de conclusão de curso estão desenvolvendo alguma atividade remunerada e são rapidamente absorvidos pelo mercado de
trabalho quando se formam.
Confira as V"
DOC008_C2_0002,DOC008,Estágio e Emprego,Estágio e emprego,Alta,https://portal.fei.edu.br/estagio-e-emprego,C2,800,150,2,249,"onclusão de curso estão desenvolvendo alguma atividade remunerada e são rapidamente absorvidos pelo mercado de
trabalho quando se formam.
Confira as Vagas Disponíveis →
Contato do setor de estágios
E-mail:
estagio@fei.edu.br
Telefone:
(11) 4353-2904"
DOC008_C3_0001,DOC008,Estágio e Emprego,Estágio e emprego,Alta,https://portal.fei.edu.br/estagio-e-emprego,C3,1200,200,1,899,"Setor de Estágios e Empregos - FEI
Estágio e Emprego
A formação com alto padrão de excelência reconhecida pelo mercado de trabalho é um dos diferenciais da Instituição e
confere aos alunos um dos maiores níveis de empregabilidade e competitividade nos processos de seleção.
O setor de Estágios e Empregos da FEI oferece ao aluno uma série de oportunidades para atuar como estagiário, trainee ou mesmo empregado de
grandes empresas nacionais e multinacionais. A FEI possui parceria com aproximadamente 8.000 empresas cadastradas
em seu banco de dados. Segundo pesquisas realizadas pela instituição, aproximadamente 90% dos seus estudantes em fase
de conclusão de curso estão desenvolvendo alguma atividade remunerada e são rapidamente absorvidos pelo mercado de
trabalho quando se formam.
Confira as Vagas Disponíveis →
Contato do setor de estágios
E-mail:
estagio@fei.edu.br
Telefone:
(11) 4353-2904"
DOC009_C1_0001,DOC009,Diploma Digital,Documentos e validações,Alta,https://portal.fei.edu.br/diploma-digital,C1,500,100,1,500,"Diploma Digital
Diploma Digital
Diploma Digital
De acordo com o Ministério da Educação – MEC, o Diploma Digital é um documento com existência, emissão e armazenamento integralmente digitais.
A partir de 31 de dezembro de 2021 passou a ser obrigatória a emissão do Diploma no formato digital. Portanto, para formados a partir de dezembro de 2021 e os demais que solicitarem segunda via, terão os diplomas expedidos exclusivamente no formato digital.
Para acessar seu Diploma Digital
clique aqui
e aces"
DOC009_C1_0002,DOC009,Diploma Digital,Documentos e validações,Alta,https://portal.fei.edu.br/diploma-digital,C1,500,100,2,500,"mas expedidos exclusivamente no formato digital.
Para acessar seu Diploma Digital
clique aqui
e acesse com seu CPF o novo Portal do Ex Aluno.
O portal de acesso é vitalício e você poderá baixar tanto a RVDD - Representação visual do Diploma Digital (Diploma) quanto o XML do Diplomado.
Entenda, RVDD - Representação visual do Diploma Digital é o seu Diploma, e o XML do Diplomado é o arquivo para verificação de conformidade no site do Ministério da Educação - MEC.
Existem 3 (três) formas para verif"
DOC009_C1_0003,DOC009,Diploma Digital,Documentos e validações,Alta,https://portal.fei.edu.br/diploma-digital,C1,500,100,3,500,"ificação de conformidade no site do Ministério da Educação - MEC.
Existem 3 (três) formas para verificar a conformidade do seu Diploma Digital:
1. Baixe o XML do Diplomado e insira no
Portal validador do MEC
;
2. Direcione a câmera do seu celular para o QRCode que será redirecionado à URL única do seu Diploma Digital. Nela você terá acesso aos dados da Instituição, dados públicos do diplomado, registro, curso, grau conferido, status do Diploma, código validador e opção de baixar a RVDD - Represe"
DOC009_C1_0004,DOC009,Diploma Digital,Documentos e validações,Alta,https://portal.fei.edu.br/diploma-digital,C1,500,100,4,500,"istro, curso, grau conferido, status do Diploma, código validador e opção de baixar a RVDD - Representação visual do Diploma Digital (Diploma);
3. Acesse o link de
Validação Diploma
FEI e insira o código de validação localizado no rodapé do Diploma Digital.
Também é possível obter informações do aluno formado por meio de consulta pública disponibilizada no site do Centro Universitário FEI.
Para consulta,
clique aqui
Perguntas Frequentes
O que é o Diploma Digital?
De acordo com o Ministério da Ed"
DOC009_C1_0005,DOC009,Diploma Digital,Documentos e validações,Alta,https://portal.fei.edu.br/diploma-digital,C1,500,100,5,500,"nsulta,
clique aqui
Perguntas Frequentes
O que é o Diploma Digital?
De acordo com o Ministério da Educação – MEC, o Diploma Digital é um documento com existência, emissão e armazenamento integralmente digitais.
A versão digital do documento contém todas as informações pessoais, acadêmicas e validade jurídica assim como no formato físico.
Para autenticidade e validação jurídica, o Diploma recebe a assinatura com Certificação Digital ICP-Brasil e Carimbo de Tempo conforme parâmetros e diretrizes d"
DOC009_C1_0006,DOC009,Diploma Digital,Documentos e validações,Alta,https://portal.fei.edu.br/diploma-digital,C1,500,100,6,500,"assinatura com Certificação Digital ICP-Brasil e Carimbo de Tempo conforme parâmetros e diretrizes do Padrão Brasileiro de Assinaturas Digitais (PBAD).
O Diploma Digital agora é composto por dois arquivos:
• XML do Diplomado
• RVDD - Representação visual do Diploma Digital (Diploma)
Quais os itens de segurança do meu Diploma Digital?
QR Code
Direcione a câmera do seu celular para o código e tenha acesso à URL única do seu Diploma. Nela você terá acesso aos dados da Instituição, dados públicos do"
DOC009_C1_0007,DOC009,Diploma Digital,Documentos e validações,Alta,https://portal.fei.edu.br/diploma-digital,C1,500,100,7,500,"acesso à URL única do seu Diploma. Nela você terá acesso aos dados da Instituição, dados públicos do diplomado, registro, curso, grau conferido, status do Diploma, código validador e opção de baixar a RVDD - Representação visual do Diploma Digital (Diploma).
Código Validador
Ao digitar ou clicar no endereço disponibilizado no canto inferior da Representação Visual do Diploma, você será direcionado à URL única do seu Diploma.
URL única do Diploma
Assinatura Digital
O documento XML do Diplomado po"
DOC009_C1_0008,DOC009,Diploma Digital,Documentos e validações,Alta,https://portal.fei.edu.br/diploma-digital,C1,500,100,8,499,"à URL única do seu Diploma.
URL única do Diploma
Assinatura Digital
O documento XML do Diplomado possui Certificação Digital ICP-Brasil e Carimbo de Tempo conforme parâmetros e diretrizes do Padrão Brasileiro de Assinaturas Digitais (PBAD).
Como obter meu Diploma Digital?
A partir de 31 de dezembro de 2021 passou a ser obrigatória a emissão do Diploma no formato digital.
Portanto, alunos que colaram grau a partir do 2º semestre de 2021 receberão instruções para acesso exclusivo ao seu Portal pa"
DOC009_C1_0009,DOC009,Diploma Digital,Documentos e validações,Alta,https://portal.fei.edu.br/diploma-digital,C1,500,100,9,500,"ram grau a partir do 2º semestre de 2021 receberão instruções para acesso exclusivo ao seu Portal para retirada do seu Diploma. Desta forma o aluno não receberá mais o seu diploma físico e sim o link do seu Diploma.
O Diploma é composto por dois arquivos:
RVDD - Representação Visual do Diploma Digital (Diploma)
– este possui todos os dados idênticos ao Diploma Físico com caráter meramente ilustrativo que pode ser impresso pelo formado em qualquer papel. Esta representação possui um código de val"
DOC009_C1_0010,DOC009,Diploma Digital,Documentos e validações,Alta,https://portal.fei.edu.br/diploma-digital,C1,500,100,10,500,"ivo que pode ser impresso pelo formado em qualquer papel. Esta representação possui um código de validação e QRCode que está atrelado à URL única do Diploma Digital do Centro Universitário FEI.
XML do Diplomado
– este possui todos os dados que comprovam que o aluno concluiu o curso, além das certificações ICP-Brasil e carimbo de tempo, e poderá verificar sua conformidade no portal validador do
Ministério da Educação - MEC (Aqui).
O Diploma Digital será disponibilizado em nosso Portal do Ex Aluno"
DOC009_C1_0011,DOC009,Diploma Digital,Documentos e validações,Alta,https://portal.fei.edu.br/diploma-digital,C1,500,100,11,500,"istério da Educação - MEC (Aqui).
O Diploma Digital será disponibilizado em nosso Portal do Ex Aluno com acesso restrito e vitalício e o formado poderá consulta-lo ou baixa-lo a qualquer momento. Fica sob a responsabilidade do formado o compartilhamento do seu Diploma.
1ª Via – a partir do 2º semestre de 2021 é emitida automaticamente em até 120 dias a contar da assinatura da ata da sua colação de grau oficial.
2ª Via – mediante formalização da solicitação na Secretaria Escolar do Centro Univers"
DOC009_C1_0012,DOC009,Diploma Digital,Documentos e validações,Alta,https://portal.fei.edu.br/diploma-digital,C1,500,100,12,498,"grau oficial.
2ª Via – mediante formalização da solicitação na Secretaria Escolar do Centro Universitário através do e-mail
diplomas@fei.edu.br
Como retirar meu Diploma Digital?
1º Passo:
Acessar o
Portal do Ex Aluno
e logar com seu CPF e senha;
Para 1º acesso o formado deverá criar uma senha através do número do seu CPF e validar seu acesso no Portal através do código de validação, que será enviado ao e-mail cadastrado no sistema da FEI. Caso os dados (CPF e e-mail) não sejam identificados, o"
DOC009_C1_0013,DOC009,Diploma Digital,Documentos e validações,Alta,https://portal.fei.edu.br/diploma-digital,C1,500,100,13,500,"ado ao e-mail cadastrado no sistema da FEI. Caso os dados (CPF e e-mail) não sejam identificados, o formado será direcionado a uma tela para inserção de dados pessoais, do curso e upload da cópia do documento oficial com foto e uma foto de sua face segurando o documento oficial com foto.
2º Passo:
Acessar Documentos e Solicitações Acadêmicas, Entrar na Aba Acessar Documentos e Solicitações Acadêmicas;
3º Passo:
Baixar a RVDD – Representação Visual do Diploma Digital (Diploma) e o XML do Diplomad"
DOC009_C1_0014,DOC009,Diploma Digital,Documentos e validações,Alta,https://portal.fei.edu.br/diploma-digital,C1,500,100,14,500,"cas;
3º Passo:
Baixar a RVDD – Representação Visual do Diploma Digital (Diploma) e o XML do Diplomado.
Perdi o acesso do meu Diploma Digital, como obter novo acesso?
O formado deverá acessar o
Portal do Ex Aluno (Aqui)
Logar com seu CPF e senha e seu Diploma estará disponível por tempo indeterminado.
Como verificar a conformidade do meu Diploma Digital?
Existem 3 (três) formas para verificar a conformidade do seu Diploma Digital:
1. Baixe o XML do Diplomado e insira no
Portal validador do MEC;
2"
DOC009_C1_0015,DOC009,Diploma Digital,Documentos e validações,Alta,https://portal.fei.edu.br/diploma-digital,C1,500,100,15,500,"formidade do seu Diploma Digital:
1. Baixe o XML do Diplomado e insira no
Portal validador do MEC;
2. Direcione a câmera do seu celular para o QRCode que será redirecionado à URL única do seu Diploma Digital. Nela você terá acesso aos dados da Instituição, dados públicos do diplomado, registro, curso, grau conferido, status do Diploma, código validador e opção de baixar a RVDD - Representação visual do Diploma Digital (Diploma);
3. Acesse o link de
Validação Diploma FEI
e insira o código de vali"
DOC009_C1_0016,DOC009,Diploma Digital,Documentos e validações,Alta,https://portal.fei.edu.br/diploma-digital,C1,500,100,16,500,"al do Diploma Digital (Diploma);
3. Acesse o link de
Validação Diploma FEI
e insira o código de validação localizado no rodapé do Diploma Digital.
Também é possível obter informações do aluno formado por meio de consulta pública disponibilizada no site do Centro Universitário FEI.
Para consulta,
clique aqui
Como saber se meu Diploma foi publicado no Diário Oficial (DOU)?
Em posse do seu Diploma você poderá realizar a consulta pública disponibilizada no site do Centro Universitário FEI e verifica"
DOC009_C1_0017,DOC009,Diploma Digital,Documentos e validações,Alta,https://portal.fei.edu.br/diploma-digital,C1,500,100,17,500,"cê poderá realizar a consulta pública disponibilizada no site do Centro Universitário FEI e verificar a data de sua publicação.
Para consulta,
clique aqui
Como as empresas e órgãos podem validar o meu Diploma Digital?
As empresas e órgãos públicos em posse da RVDD - Representação visual do Diploma Digital (Diploma), poderão realizar a autenticação no site
Validação Diploma FEI
ou através da consulta pública.
(Aqui)
Como imprimir o meu Diploma Digital?
Conforme legislação vigente, documentos nato"
DOC009_C1_0018,DOC009,Diploma Digital,Documentos e validações,Alta,https://portal.fei.edu.br/diploma-digital,C1,500,100,18,500,"ta pública.
(Aqui)
Como imprimir o meu Diploma Digital?
Conforme legislação vigente, documentos nato-digitais (emitidos e assinados por via digital) são válidos somente em meio digital, portanto sua impressão não garante sua validade.
Como você receberá o acesso Vitalício ao seu Diploma e estando em posse da RVDD - Representação visual do Diploma Digital (Diploma), poderá imprimi-lo em qualquer local e em qualquer papel.
Lembrando que para ter acesso a versão válida basta utilizar de um dos meio"
DOC009_C1_0019,DOC009,Diploma Digital,Documentos e validações,Alta,https://portal.fei.edu.br/diploma-digital,C1,500,100,19,500,"cal e em qualquer papel.
Lembrando que para ter acesso a versão válida basta utilizar de um dos meios de segurança do Diploma Digital (QRCode ou Site e Código validador).
O Diploma Digital impresso possui validade?
Conforme legislação vigente, documentos nato-digitais (emitidos e assinados por via digital) são válidos somente em meio digital, portanto sua impressão não garante sua validade.
Porém, caso queira imprimir sua RVDD - Representação visual do Diploma Digital (Diploma), para sua validaç"
DOC009_C1_0020,DOC009,Diploma Digital,Documentos e validações,Alta,https://portal.fei.edu.br/diploma-digital,C1,500,100,20,498,"caso queira imprimir sua RVDD - Representação visual do Diploma Digital (Diploma), para sua validação basta utilizar de um dos meios de segurança do Diploma Digital (QRCode ou Site e Código validador).
Tenho o Diploma físico, ele continua válido?
Conforme legislação o Diploma Digital passou a vigorar a partir do dia 31 de dezembro de 2021. Portanto diplomas físicos emitidos anteriormente a esta data continuam válidos.
Tenho Diploma físico, posso ter o digital?
Qualquer formado que deseja ter o"
DOC009_C1_0021,DOC009,Diploma Digital,Documentos e validações,Alta,https://portal.fei.edu.br/diploma-digital,C1,500,100,21,306,"ata continuam válidos.
Tenho Diploma físico, posso ter o digital?
Qualquer formado que deseja ter o seu Diploma Digital deverá requerer sua 2ª via.
A emissão da 2ª via está condicionada ao pagamento de taxa.
Maiores informações, favor consultar a Secretaria Escolar ou através do e-mail
diplomas@fei.edu.br"
DOC009_C2_0001,DOC009,Diploma Digital,Documentos e validações,Alta,https://portal.fei.edu.br/diploma-digital,C2,800,150,1,800,"Diploma Digital
Diploma Digital
Diploma Digital
De acordo com o Ministério da Educação – MEC, o Diploma Digital é um documento com existência, emissão e armazenamento integralmente digitais.
A partir de 31 de dezembro de 2021 passou a ser obrigatória a emissão do Diploma no formato digital. Portanto, para formados a partir de dezembro de 2021 e os demais que solicitarem segunda via, terão os diplomas expedidos exclusivamente no formato digital.
Para acessar seu Diploma Digital
clique aqui
e acesse com seu CPF o novo Portal do Ex Aluno.
O portal de acesso é vitalício e você poderá baixar tanto a RVDD - Representação visual do Diploma Digital (Diploma) quanto o XML do Diplomado.
Entenda, RVDD - Representação visual do Diploma Digital é o seu Diploma, e o XML do Diplomado é o arquivo para ver"
DOC009_C2_0002,DOC009,Diploma Digital,Documentos e validações,Alta,https://portal.fei.edu.br/diploma-digital,C2,800,150,2,800,"Diploma) quanto o XML do Diplomado.
Entenda, RVDD - Representação visual do Diploma Digital é o seu Diploma, e o XML do Diplomado é o arquivo para verificação de conformidade no site do Ministério da Educação - MEC.
Existem 3 (três) formas para verificar a conformidade do seu Diploma Digital:
1. Baixe o XML do Diplomado e insira no
Portal validador do MEC
;
2. Direcione a câmera do seu celular para o QRCode que será redirecionado à URL única do seu Diploma Digital. Nela você terá acesso aos dados da Instituição, dados públicos do diplomado, registro, curso, grau conferido, status do Diploma, código validador e opção de baixar a RVDD - Representação visual do Diploma Digital (Diploma);
3. Acesse o link de
Validação Diploma
FEI e insira o código de validação localizado no rodapé do Diploma D"
DOC009_C2_0003,DOC009,Diploma Digital,Documentos e validações,Alta,https://portal.fei.edu.br/diploma-digital,C2,800,150,3,800,"ntação visual do Diploma Digital (Diploma);
3. Acesse o link de
Validação Diploma
FEI e insira o código de validação localizado no rodapé do Diploma Digital.
Também é possível obter informações do aluno formado por meio de consulta pública disponibilizada no site do Centro Universitário FEI.
Para consulta,
clique aqui
Perguntas Frequentes
O que é o Diploma Digital?
De acordo com o Ministério da Educação – MEC, o Diploma Digital é um documento com existência, emissão e armazenamento integralmente digitais.
A versão digital do documento contém todas as informações pessoais, acadêmicas e validade jurídica assim como no formato físico.
Para autenticidade e validação jurídica, o Diploma recebe a assinatura com Certificação Digital ICP-Brasil e Carimbo de Tempo conforme parâmetros e diretrizes d"
DOC009_C2_0004,DOC009,Diploma Digital,Documentos e validações,Alta,https://portal.fei.edu.br/diploma-digital,C2,800,150,4,800,"ticidade e validação jurídica, o Diploma recebe a assinatura com Certificação Digital ICP-Brasil e Carimbo de Tempo conforme parâmetros e diretrizes do Padrão Brasileiro de Assinaturas Digitais (PBAD).
O Diploma Digital agora é composto por dois arquivos:
• XML do Diplomado
• RVDD - Representação visual do Diploma Digital (Diploma)
Quais os itens de segurança do meu Diploma Digital?
QR Code
Direcione a câmera do seu celular para o código e tenha acesso à URL única do seu Diploma. Nela você terá acesso aos dados da Instituição, dados públicos do diplomado, registro, curso, grau conferido, status do Diploma, código validador e opção de baixar a RVDD - Representação visual do Diploma Digital (Diploma).
Código Validador
Ao digitar ou clicar no endereço disponibilizado no canto inferior da Repr"
DOC009_C2_0005,DOC009,Diploma Digital,Documentos e validações,Alta,https://portal.fei.edu.br/diploma-digital,C2,800,150,5,798,"RVDD - Representação visual do Diploma Digital (Diploma).
Código Validador
Ao digitar ou clicar no endereço disponibilizado no canto inferior da Representação Visual do Diploma, você será direcionado à URL única do seu Diploma.
URL única do Diploma
Assinatura Digital
O documento XML do Diplomado possui Certificação Digital ICP-Brasil e Carimbo de Tempo conforme parâmetros e diretrizes do Padrão Brasileiro de Assinaturas Digitais (PBAD).
Como obter meu Diploma Digital?
A partir de 31 de dezembro de 2021 passou a ser obrigatória a emissão do Diploma no formato digital.
Portanto, alunos que colaram grau a partir do 2º semestre de 2021 receberão instruções para acesso exclusivo ao seu Portal para retirada do seu Diploma. Desta forma o aluno não receberá mais o seu diploma físico e sim o link"
DOC009_C2_0006,DOC009,Diploma Digital,Documentos e validações,Alta,https://portal.fei.edu.br/diploma-digital,C2,800,150,6,799,"instruções para acesso exclusivo ao seu Portal para retirada do seu Diploma. Desta forma o aluno não receberá mais o seu diploma físico e sim o link do seu Diploma.
O Diploma é composto por dois arquivos:
RVDD - Representação Visual do Diploma Digital (Diploma)
– este possui todos os dados idênticos ao Diploma Físico com caráter meramente ilustrativo que pode ser impresso pelo formado em qualquer papel. Esta representação possui um código de validação e QRCode que está atrelado à URL única do Diploma Digital do Centro Universitário FEI.
XML do Diplomado
– este possui todos os dados que comprovam que o aluno concluiu o curso, além das certificações ICP-Brasil e carimbo de tempo, e poderá verificar sua conformidade no portal validador do
Ministério da Educação - MEC (Aqui).
O Diploma Digita"
DOC009_C2_0007,DOC009,Diploma Digital,Documentos e validações,Alta,https://portal.fei.edu.br/diploma-digital,C2,800,150,7,800,"cações ICP-Brasil e carimbo de tempo, e poderá verificar sua conformidade no portal validador do
Ministério da Educação - MEC (Aqui).
O Diploma Digital será disponibilizado em nosso Portal do Ex Aluno com acesso restrito e vitalício e o formado poderá consulta-lo ou baixa-lo a qualquer momento. Fica sob a responsabilidade do formado o compartilhamento do seu Diploma.
1ª Via – a partir do 2º semestre de 2021 é emitida automaticamente em até 120 dias a contar da assinatura da ata da sua colação de grau oficial.
2ª Via – mediante formalização da solicitação na Secretaria Escolar do Centro Universitário através do e-mail
diplomas@fei.edu.br
Como retirar meu Diploma Digital?
1º Passo:
Acessar o
Portal do Ex Aluno
e logar com seu CPF e senha;
Para 1º acesso o formado deverá criar uma senha atrav"
DOC009_C2_0008,DOC009,Diploma Digital,Documentos e validações,Alta,https://portal.fei.edu.br/diploma-digital,C2,800,150,8,800,"retirar meu Diploma Digital?
1º Passo:
Acessar o
Portal do Ex Aluno
e logar com seu CPF e senha;
Para 1º acesso o formado deverá criar uma senha através do número do seu CPF e validar seu acesso no Portal através do código de validação, que será enviado ao e-mail cadastrado no sistema da FEI. Caso os dados (CPF e e-mail) não sejam identificados, o formado será direcionado a uma tela para inserção de dados pessoais, do curso e upload da cópia do documento oficial com foto e uma foto de sua face segurando o documento oficial com foto.
2º Passo:
Acessar Documentos e Solicitações Acadêmicas, Entrar na Aba Acessar Documentos e Solicitações Acadêmicas;
3º Passo:
Baixar a RVDD – Representação Visual do Diploma Digital (Diploma) e o XML do Diplomado.
Perdi o acesso do meu Diploma Digital, como obt"
DOC009_C2_0009,DOC009,Diploma Digital,Documentos e validações,Alta,https://portal.fei.edu.br/diploma-digital,C2,800,150,9,800,"cas;
3º Passo:
Baixar a RVDD – Representação Visual do Diploma Digital (Diploma) e o XML do Diplomado.
Perdi o acesso do meu Diploma Digital, como obter novo acesso?
O formado deverá acessar o
Portal do Ex Aluno (Aqui)
Logar com seu CPF e senha e seu Diploma estará disponível por tempo indeterminado.
Como verificar a conformidade do meu Diploma Digital?
Existem 3 (três) formas para verificar a conformidade do seu Diploma Digital:
1. Baixe o XML do Diplomado e insira no
Portal validador do MEC;
2. Direcione a câmera do seu celular para o QRCode que será redirecionado à URL única do seu Diploma Digital. Nela você terá acesso aos dados da Instituição, dados públicos do diplomado, registro, curso, grau conferido, status do Diploma, código validador e opção de baixar a RVDD - Representação visu"
DOC009_C2_0010,DOC009,Diploma Digital,Documentos e validações,Alta,https://portal.fei.edu.br/diploma-digital,C2,800,150,10,800,"uição, dados públicos do diplomado, registro, curso, grau conferido, status do Diploma, código validador e opção de baixar a RVDD - Representação visual do Diploma Digital (Diploma);
3. Acesse o link de
Validação Diploma FEI
e insira o código de validação localizado no rodapé do Diploma Digital.
Também é possível obter informações do aluno formado por meio de consulta pública disponibilizada no site do Centro Universitário FEI.
Para consulta,
clique aqui
Como saber se meu Diploma foi publicado no Diário Oficial (DOU)?
Em posse do seu Diploma você poderá realizar a consulta pública disponibilizada no site do Centro Universitário FEI e verificar a data de sua publicação.
Para consulta,
clique aqui
Como as empresas e órgãos podem validar o meu Diploma Digital?
As empresas e órgãos públicos em"
DOC009_C2_0011,DOC009,Diploma Digital,Documentos e validações,Alta,https://portal.fei.edu.br/diploma-digital,C2,800,150,11,800,"r a data de sua publicação.
Para consulta,
clique aqui
Como as empresas e órgãos podem validar o meu Diploma Digital?
As empresas e órgãos públicos em posse da RVDD - Representação visual do Diploma Digital (Diploma), poderão realizar a autenticação no site
Validação Diploma FEI
ou através da consulta pública.
(Aqui)
Como imprimir o meu Diploma Digital?
Conforme legislação vigente, documentos nato-digitais (emitidos e assinados por via digital) são válidos somente em meio digital, portanto sua impressão não garante sua validade.
Como você receberá o acesso Vitalício ao seu Diploma e estando em posse da RVDD - Representação visual do Diploma Digital (Diploma), poderá imprimi-lo em qualquer local e em qualquer papel.
Lembrando que para ter acesso a versão válida basta utilizar de um dos meio"
DOC009_C2_0012,DOC009,Diploma Digital,Documentos e validações,Alta,https://portal.fei.edu.br/diploma-digital,C2,800,150,12,800,"igital (Diploma), poderá imprimi-lo em qualquer local e em qualquer papel.
Lembrando que para ter acesso a versão válida basta utilizar de um dos meios de segurança do Diploma Digital (QRCode ou Site e Código validador).
O Diploma Digital impresso possui validade?
Conforme legislação vigente, documentos nato-digitais (emitidos e assinados por via digital) são válidos somente em meio digital, portanto sua impressão não garante sua validade.
Porém, caso queira imprimir sua RVDD - Representação visual do Diploma Digital (Diploma), para sua validação basta utilizar de um dos meios de segurança do Diploma Digital (QRCode ou Site e Código validador).
Tenho o Diploma físico, ele continua válido?
Conforme legislação o Diploma Digital passou a vigorar a partir do dia 31 de dezembro de 2021. Portant"
DOC009_C2_0013,DOC009,Diploma Digital,Documentos e validações,Alta,https://portal.fei.edu.br/diploma-digital,C2,800,150,13,506,").
Tenho o Diploma físico, ele continua válido?
Conforme legislação o Diploma Digital passou a vigorar a partir do dia 31 de dezembro de 2021. Portanto diplomas físicos emitidos anteriormente a esta data continuam válidos.
Tenho Diploma físico, posso ter o digital?
Qualquer formado que deseja ter o seu Diploma Digital deverá requerer sua 2ª via.
A emissão da 2ª via está condicionada ao pagamento de taxa.
Maiores informações, favor consultar a Secretaria Escolar ou através do e-mail
diplomas@fei.edu.br"
DOC009_C3_0001,DOC009,Diploma Digital,Documentos e validações,Alta,https://portal.fei.edu.br/diploma-digital,C3,1200,200,1,1200,"Diploma Digital
Diploma Digital
Diploma Digital
De acordo com o Ministério da Educação – MEC, o Diploma Digital é um documento com existência, emissão e armazenamento integralmente digitais.
A partir de 31 de dezembro de 2021 passou a ser obrigatória a emissão do Diploma no formato digital. Portanto, para formados a partir de dezembro de 2021 e os demais que solicitarem segunda via, terão os diplomas expedidos exclusivamente no formato digital.
Para acessar seu Diploma Digital
clique aqui
e acesse com seu CPF o novo Portal do Ex Aluno.
O portal de acesso é vitalício e você poderá baixar tanto a RVDD - Representação visual do Diploma Digital (Diploma) quanto o XML do Diplomado.
Entenda, RVDD - Representação visual do Diploma Digital é o seu Diploma, e o XML do Diplomado é o arquivo para verificação de conformidade no site do Ministério da Educação - MEC.
Existem 3 (três) formas para verificar a conformidade do seu Diploma Digital:
1. Baixe o XML do Diplomado e insira no
Portal validador do MEC
;
2. Direcione a câmera do seu celular para o QRCode que será redirecionado à URL única do seu Diploma Digital. Nela você terá acesso aos dados da Instituição, dados públicos do diplomado, reg"
DOC009_C3_0002,DOC009,Diploma Digital,Documentos e validações,Alta,https://portal.fei.edu.br/diploma-digital,C3,1200,200,2,1199,"do MEC
;
2. Direcione a câmera do seu celular para o QRCode que será redirecionado à URL única do seu Diploma Digital. Nela você terá acesso aos dados da Instituição, dados públicos do diplomado, registro, curso, grau conferido, status do Diploma, código validador e opção de baixar a RVDD - Representação visual do Diploma Digital (Diploma);
3. Acesse o link de
Validação Diploma
FEI e insira o código de validação localizado no rodapé do Diploma Digital.
Também é possível obter informações do aluno formado por meio de consulta pública disponibilizada no site do Centro Universitário FEI.
Para consulta,
clique aqui
Perguntas Frequentes
O que é o Diploma Digital?
De acordo com o Ministério da Educação – MEC, o Diploma Digital é um documento com existência, emissão e armazenamento integralmente digitais.
A versão digital do documento contém todas as informações pessoais, acadêmicas e validade jurídica assim como no formato físico.
Para autenticidade e validação jurídica, o Diploma recebe a assinatura com Certificação Digital ICP-Brasil e Carimbo de Tempo conforme parâmetros e diretrizes do Padrão Brasileiro de Assinaturas Digitais (PBAD).
O Diploma Digital agora é composto por dois arqu"
DOC009_C3_0003,DOC009,Diploma Digital,Documentos e validações,Alta,https://portal.fei.edu.br/diploma-digital,C3,1200,200,3,1200,"assinatura com Certificação Digital ICP-Brasil e Carimbo de Tempo conforme parâmetros e diretrizes do Padrão Brasileiro de Assinaturas Digitais (PBAD).
O Diploma Digital agora é composto por dois arquivos:
• XML do Diplomado
• RVDD - Representação visual do Diploma Digital (Diploma)
Quais os itens de segurança do meu Diploma Digital?
QR Code
Direcione a câmera do seu celular para o código e tenha acesso à URL única do seu Diploma. Nela você terá acesso aos dados da Instituição, dados públicos do diplomado, registro, curso, grau conferido, status do Diploma, código validador e opção de baixar a RVDD - Representação visual do Diploma Digital (Diploma).
Código Validador
Ao digitar ou clicar no endereço disponibilizado no canto inferior da Representação Visual do Diploma, você será direcionado à URL única do seu Diploma.
URL única do Diploma
Assinatura Digital
O documento XML do Diplomado possui Certificação Digital ICP-Brasil e Carimbo de Tempo conforme parâmetros e diretrizes do Padrão Brasileiro de Assinaturas Digitais (PBAD).
Como obter meu Diploma Digital?
A partir de 31 de dezembro de 2021 passou a ser obrigatória a emissão do Diploma no formato digital.
Portanto, alunos que cola"
DOC009_C3_0004,DOC009,Diploma Digital,Documentos e validações,Alta,https://portal.fei.edu.br/diploma-digital,C3,1200,200,4,1200,"rasileiro de Assinaturas Digitais (PBAD).
Como obter meu Diploma Digital?
A partir de 31 de dezembro de 2021 passou a ser obrigatória a emissão do Diploma no formato digital.
Portanto, alunos que colaram grau a partir do 2º semestre de 2021 receberão instruções para acesso exclusivo ao seu Portal para retirada do seu Diploma. Desta forma o aluno não receberá mais o seu diploma físico e sim o link do seu Diploma.
O Diploma é composto por dois arquivos:
RVDD - Representação Visual do Diploma Digital (Diploma)
– este possui todos os dados idênticos ao Diploma Físico com caráter meramente ilustrativo que pode ser impresso pelo formado em qualquer papel. Esta representação possui um código de validação e QRCode que está atrelado à URL única do Diploma Digital do Centro Universitário FEI.
XML do Diplomado
– este possui todos os dados que comprovam que o aluno concluiu o curso, além das certificações ICP-Brasil e carimbo de tempo, e poderá verificar sua conformidade no portal validador do
Ministério da Educação - MEC (Aqui).
O Diploma Digital será disponibilizado em nosso Portal do Ex Aluno com acesso restrito e vitalício e o formado poderá consulta-lo ou baixa-lo a qualquer momento. Fica"
DOC009_C3_0005,DOC009,Diploma Digital,Documentos e validações,Alta,https://portal.fei.edu.br/diploma-digital,C3,1200,200,5,1200,"istério da Educação - MEC (Aqui).
O Diploma Digital será disponibilizado em nosso Portal do Ex Aluno com acesso restrito e vitalício e o formado poderá consulta-lo ou baixa-lo a qualquer momento. Fica sob a responsabilidade do formado o compartilhamento do seu Diploma.
1ª Via – a partir do 2º semestre de 2021 é emitida automaticamente em até 120 dias a contar da assinatura da ata da sua colação de grau oficial.
2ª Via – mediante formalização da solicitação na Secretaria Escolar do Centro Universitário através do e-mail
diplomas@fei.edu.br
Como retirar meu Diploma Digital?
1º Passo:
Acessar o
Portal do Ex Aluno
e logar com seu CPF e senha;
Para 1º acesso o formado deverá criar uma senha através do número do seu CPF e validar seu acesso no Portal através do código de validação, que será enviado ao e-mail cadastrado no sistema da FEI. Caso os dados (CPF e e-mail) não sejam identificados, o formado será direcionado a uma tela para inserção de dados pessoais, do curso e upload da cópia do documento oficial com foto e uma foto de sua face segurando o documento oficial com foto.
2º Passo:
Acessar Documentos e Solicitações Acadêmicas, Entrar na Aba Acessar Documentos e Solicitações Acadêmi"
DOC009_C3_0006,DOC009,Diploma Digital,Documentos e validações,Alta,https://portal.fei.edu.br/diploma-digital,C3,1200,200,6,1199,"ocumento oficial com foto e uma foto de sua face segurando o documento oficial com foto.
2º Passo:
Acessar Documentos e Solicitações Acadêmicas, Entrar na Aba Acessar Documentos e Solicitações Acadêmicas;
3º Passo:
Baixar a RVDD – Representação Visual do Diploma Digital (Diploma) e o XML do Diplomado.
Perdi o acesso do meu Diploma Digital, como obter novo acesso?
O formado deverá acessar o
Portal do Ex Aluno (Aqui)
Logar com seu CPF e senha e seu Diploma estará disponível por tempo indeterminado.
Como verificar a conformidade do meu Diploma Digital?
Existem 3 (três) formas para verificar a conformidade do seu Diploma Digital:
1. Baixe o XML do Diplomado e insira no
Portal validador do MEC;
2. Direcione a câmera do seu celular para o QRCode que será redirecionado à URL única do seu Diploma Digital. Nela você terá acesso aos dados da Instituição, dados públicos do diplomado, registro, curso, grau conferido, status do Diploma, código validador e opção de baixar a RVDD - Representação visual do Diploma Digital (Diploma);
3. Acesse o link de
Validação Diploma FEI
e insira o código de validação localizado no rodapé do Diploma Digital.
Também é possível obter informações do aluno formado"
DOC009_C3_0007,DOC009,Diploma Digital,Documentos e validações,Alta,https://portal.fei.edu.br/diploma-digital,C3,1200,200,7,1200,"al do Diploma Digital (Diploma);
3. Acesse o link de
Validação Diploma FEI
e insira o código de validação localizado no rodapé do Diploma Digital.
Também é possível obter informações do aluno formado por meio de consulta pública disponibilizada no site do Centro Universitário FEI.
Para consulta,
clique aqui
Como saber se meu Diploma foi publicado no Diário Oficial (DOU)?
Em posse do seu Diploma você poderá realizar a consulta pública disponibilizada no site do Centro Universitário FEI e verificar a data de sua publicação.
Para consulta,
clique aqui
Como as empresas e órgãos podem validar o meu Diploma Digital?
As empresas e órgãos públicos em posse da RVDD - Representação visual do Diploma Digital (Diploma), poderão realizar a autenticação no site
Validação Diploma FEI
ou através da consulta pública.
(Aqui)
Como imprimir o meu Diploma Digital?
Conforme legislação vigente, documentos nato-digitais (emitidos e assinados por via digital) são válidos somente em meio digital, portanto sua impressão não garante sua validade.
Como você receberá o acesso Vitalício ao seu Diploma e estando em posse da RVDD - Representação visual do Diploma Digital (Diploma), poderá imprimi-lo em qualquer lo"
DOC009_C3_0008,DOC009,Diploma Digital,Documentos e validações,Alta,https://portal.fei.edu.br/diploma-digital,C3,1200,200,8,1200,"mpressão não garante sua validade.
Como você receberá o acesso Vitalício ao seu Diploma e estando em posse da RVDD - Representação visual do Diploma Digital (Diploma), poderá imprimi-lo em qualquer local e em qualquer papel.
Lembrando que para ter acesso a versão válida basta utilizar de um dos meios de segurança do Diploma Digital (QRCode ou Site e Código validador).
O Diploma Digital impresso possui validade?
Conforme legislação vigente, documentos nato-digitais (emitidos e assinados por via digital) são válidos somente em meio digital, portanto sua impressão não garante sua validade.
Porém, caso queira imprimir sua RVDD - Representação visual do Diploma Digital (Diploma), para sua validação basta utilizar de um dos meios de segurança do Diploma Digital (QRCode ou Site e Código validador).
Tenho o Diploma físico, ele continua válido?
Conforme legislação o Diploma Digital passou a vigorar a partir do dia 31 de dezembro de 2021. Portanto diplomas físicos emitidos anteriormente a esta data continuam válidos.
Tenho Diploma físico, posso ter o digital?
Qualquer formado que deseja ter o seu Diploma Digital deverá requerer sua 2ª via.
A emissão da 2ª via está condicionada ao pagamento d"
DOC009_C3_0009,DOC009,Diploma Digital,Documentos e validações,Alta,https://portal.fei.edu.br/diploma-digital,C3,1200,200,9,306,"ata continuam válidos.
Tenho Diploma físico, posso ter o digital?
Qualquer formado que deseja ter o seu Diploma Digital deverá requerer sua 2ª via.
A emissão da 2ª via está condicionada ao pagamento de taxa.
Maiores informações, favor consultar a Secretaria Escolar ou através do e-mail
diplomas@fei.edu.br"
DOC010_C1_0001,DOC010,Consulta de Diplomas de Graduação,Documentos e validações,Alta,https://portal.fei.edu.br/consulta-diplomas-graduacao,C1,500,100,1,353,"Consulta de Diplomas (Graduação)
Consultar Diplomas
Formulário de Consulta de Diplomas
Registro
Nome
Resultado da Consulta
O resultado da pesquisa aparecerá aqui
Situação
Processo
Registro
Livro
Folha
Sequencial
Nome
C.P.F
Curso
Cód. EMEC
Instituição
Cód. IES
Semestre/Ano de Ingresso
Dt. Conclusão do Curso
Dt. Expedição
Dt. Registro
Dt. Diário Oficial"
DOC010_C2_0001,DOC010,Consulta de Diplomas de Graduação,Documentos e validações,Alta,https://portal.fei.edu.br/consulta-diplomas-graduacao,C2,800,150,1,353,"Consulta de Diplomas (Graduação)
Consultar Diplomas
Formulário de Consulta de Diplomas
Registro
Nome
Resultado da Consulta
O resultado da pesquisa aparecerá aqui
Situação
Processo
Registro
Livro
Folha
Sequencial
Nome
C.P.F
Curso
Cód. EMEC
Instituição
Cód. IES
Semestre/Ano de Ingresso
Dt. Conclusão do Curso
Dt. Expedição
Dt. Registro
Dt. Diário Oficial"
DOC010_C3_0001,DOC010,Consulta de Diplomas de Graduação,Documentos e validações,Alta,https://portal.fei.edu.br/consulta-diplomas-graduacao,C3,1200,200,1,353,"Consulta de Diplomas (Graduação)
Consultar Diplomas
Formulário de Consulta de Diplomas
Registro
Nome
Resultado da Consulta
O resultado da pesquisa aparecerá aqui
Situação
Processo
Registro
Livro
Folha
Sequencial
Nome
C.P.F
Curso
Cód. EMEC
Instituição
Cód. IES
Semestre/Ano de Ingresso
Dt. Conclusão do Curso
Dt. Expedição
Dt. Registro
Dt. Diário Oficial"
DOC011_C1_0001,DOC011,Validação Eletrônica de Documentos,Documentos e validações,Alta,https://portal.fei.edu.br/validacao-eletronica-de-documentos,C1,500,100,1,211,"Validação Eletrônica de Documentos
Validação Eletrônica de Documentos
Formulário de Validação
Código de Controle
Resultado da Consulta
O resultado da pesquisa aparecerá aqui
Arquivo
Visualizar
Visualizar Arquivo"
DOC011_C2_0001,DOC011,Validação Eletrônica de Documentos,Documentos e validações,Alta,https://portal.fei.edu.br/validacao-eletronica-de-documentos,C2,800,150,1,211,"Validação Eletrônica de Documentos
Validação Eletrônica de Documentos
Formulário de Validação
Código de Controle
Resultado da Consulta
O resultado da pesquisa aparecerá aqui
Arquivo
Visualizar
Visualizar Arquivo"
DOC011_C3_0001,DOC011,Validação Eletrônica de Documentos,Documentos e validações,Alta,https://portal.fei.edu.br/validacao-eletronica-de-documentos,C3,1200,200,1,211,"Validação Eletrônica de Documentos
Validação Eletrônica de Documentos
Formulário de Validação
Código de Controle
Resultado da Consulta
O resultado da pesquisa aparecerá aqui
Arquivo
Visualizar
Visualizar Arquivo"
DOC012_C1_0001,DOC012,Consulta de Currículos,Documentos e validações,Média,https://portal.fei.edu.br/consulta-curriculos,C1,500,100,1,500,"Consulta de Currículos
Consultar Currículos
Consulta de Currículo
Nesta página, estão disponíveis os currículos digitais dos cursos oferecidos pelo Centro Universitário FEI, organizados por curso, área.
O banco de matrizes tem como objetivo garantir transparência, autenticidade e rastreabilidade das informações acadêmicas constantes nos documentos digitais emitidos pela instituição.
Curso
Código Currículo
Status Currículo
▼
ATUAL
EM ANDAMENTO
ENCERRADO
Turno
▼
D - Diurno
N - Noturno
M - Matutino"
DOC012_C1_0002,DOC012,Consulta de Currículos,Documentos e validações,Média,https://portal.fei.edu.br/consulta-curriculos,C1,500,100,2,301,"urrículo
Status Currículo
▼
ATUAL
EM ANDAMENTO
ENCERRADO
Turno
▼
D - Diurno
N - Noturno
M - Matutino
V - Vespertino
Campus
▼
SBC
SP
Status Versão
▼
ATIVO
INATIVO
Resultado da Consulta
O resultado da pesquisa aparecerá aqui
Curso
Código Currículo
Status Currículo
Turno
Campus
Versão
Status Versão
Link"
DOC012_C2_0001,DOC012,Consulta de Currículos,Documentos e validações,Média,https://portal.fei.edu.br/consulta-curriculos,C2,800,150,1,701,"Consulta de Currículos
Consultar Currículos
Consulta de Currículo
Nesta página, estão disponíveis os currículos digitais dos cursos oferecidos pelo Centro Universitário FEI, organizados por curso, área.
O banco de matrizes tem como objetivo garantir transparência, autenticidade e rastreabilidade das informações acadêmicas constantes nos documentos digitais emitidos pela instituição.
Curso
Código Currículo
Status Currículo
▼
ATUAL
EM ANDAMENTO
ENCERRADO
Turno
▼
D - Diurno
N - Noturno
M - Matutino
V - Vespertino
Campus
▼
SBC
SP
Status Versão
▼
ATIVO
INATIVO
Resultado da Consulta
O resultado da pesquisa aparecerá aqui
Curso
Código Currículo
Status Currículo
Turno
Campus
Versão
Status Versão
Link"
DOC012_C3_0001,DOC012,Consulta de Currículos,Documentos e validações,Média,https://portal.fei.edu.br/consulta-curriculos,C3,1200,200,1,701,"Consulta de Currículos
Consultar Currículos
Consulta de Currículo
Nesta página, estão disponíveis os currículos digitais dos cursos oferecidos pelo Centro Universitário FEI, organizados por curso, área.
O banco de matrizes tem como objetivo garantir transparência, autenticidade e rastreabilidade das informações acadêmicas constantes nos documentos digitais emitidos pela instituição.
Curso
Código Currículo
Status Currículo
▼
ATUAL
EM ANDAMENTO
ENCERRADO
Turno
▼
D - Diurno
N - Noturno
M - Matutino
V - Vespertino
Campus
▼
SBC
SP
Status Versão
▼
ATIVO
INATIVO
Resultado da Consulta
O resultado da pesquisa aparecerá aqui
Curso
Código Currículo
Status Currículo
Turno
Campus
Versão
Status Versão
Link"
DOC013_C1_0001,DOC013,Graduação,Graduação / Ingresso / Cursos,Média,https://portal.fei.edu.br/graduacao,C1,500,100,1,500,"Conheça Nossos Cursos de Graduação - Faculdade FEI
Ensino
Nossos Cursos FEI
FEI
Administração
Primeiro Curso de Administração da América latina.
8 Semestres
Presencial
Explorar Curso
FEI
Ciência da Computação
Crie soluções que transformam o mundo com IA e robótica no coração da computação.
8 Semestres
Presencial
Explorar Curso
FEI
Ciência de Dados e a Inteligência Artificial
Transforme dados em decisões inteligentes com IA aplicada à robótica autônoma.
8 Semestres
Presencial
Explorar Curso
FEI
E"
DOC013_C1_0002,DOC013,Graduação,Graduação / Ingresso / Cursos,Média,https://portal.fei.edu.br/graduacao,C1,500,100,2,500,"cisões inteligentes com IA aplicada à robótica autônoma.
8 Semestres
Presencial
Explorar Curso
FEI
Engenharia Civil
Construa o futuro com tecnologia e inteligência artificial aplicada à engenharia.
10 Semestres
Presencial
Explorar Curso
FEI
Engenharia de Automação e Controle
Programe, automatize e controle com a engenharia que move o amanhã.
10 Semestres
Presencial
Explorar Curso
FEI
Engenharia de Produção
Otimize processos com inteligência e prepare-se para liderar a indústria 4.0.
10/12 Semest"
DOC013_C1_0003,DOC013,Graduação,Graduação / Ingresso / Cursos,Média,https://portal.fei.edu.br/graduacao,C1,500,100,3,499,"Produção
Otimize processos com inteligência e prepare-se para liderar a indústria 4.0.
10/12 Semestres
Presencial
Explorar Curso
FEI
Engenharia de Robôs
Dê vida às máquinas com a engenharia que constrói o futuro da robótica.
10 Semestres
Presencial
Explorar Curso
FEI
Engenharia Elétrica
Conecte o mundo com inovação, energia e inteligência artificial.
10/12 Semestres
Presencial
Explorar Curso
FEI
Engenharia Mecânica
Projete soluções com precisão e potência para mover o mundo.
10/12 Semestres
Bac"
DOC013_C1_0004,DOC013,Graduação,Graduação / Ingresso / Cursos,Média,https://portal.fei.edu.br/graduacao,C1,500,100,4,499,"Engenharia Mecânica
Projete soluções com precisão e potência para mover o mundo.
10/12 Semestres
Bacharelado
Explorar Curso
FEI
Engenharia Química
Inove com ciência, processos e inteligência para transformar matérias-primas em soluções.
10 Semestres
Presencial
Explorar Curso
Departamentos Acadêmicos
Ciências Sociais e Jurídicas
Formação humanística e jurídica para complementar a educação tecnológica.
Disciplinas Complementares
Conheça o Departamento
Física
Base científica para o desenvolvimento"
DOC013_C1_0005,DOC013,Graduação,Graduação / Ingresso / Cursos,Média,https://portal.fei.edu.br/graduacao,C1,500,100,5,333,"ca.
Disciplinas Complementares
Conheça o Departamento
Física
Base científica para o desenvolvimento tecnológico e inovação.
Disciplinas Fundamentais
Conheça o Departamento
Matemática
Fundamentos matemáticos para engenharia e tecnologia.
Disciplinas Básicas
Conheça o Departamento
Quer mais informações? Agende uma visita
Fale conosco"
DOC013_C2_0001,DOC013,Graduação,Graduação / Ingresso / Cursos,Média,https://portal.fei.edu.br/graduacao,C2,800,150,1,800,"Conheça Nossos Cursos de Graduação - Faculdade FEI
Ensino
Nossos Cursos FEI
FEI
Administração
Primeiro Curso de Administração da América latina.
8 Semestres
Presencial
Explorar Curso
FEI
Ciência da Computação
Crie soluções que transformam o mundo com IA e robótica no coração da computação.
8 Semestres
Presencial
Explorar Curso
FEI
Ciência de Dados e a Inteligência Artificial
Transforme dados em decisões inteligentes com IA aplicada à robótica autônoma.
8 Semestres
Presencial
Explorar Curso
FEI
Engenharia Civil
Construa o futuro com tecnologia e inteligência artificial aplicada à engenharia.
10 Semestres
Presencial
Explorar Curso
FEI
Engenharia de Automação e Controle
Programe, automatize e controle com a engenharia que move o amanhã.
10 Semestres
Presencial
Explorar Curso
FEI
Engenharia de"
DOC013_C2_0002,DOC013,Graduação,Graduação / Ingresso / Cursos,Média,https://portal.fei.edu.br/graduacao,C2,800,150,2,799,"a de Automação e Controle
Programe, automatize e controle com a engenharia que move o amanhã.
10 Semestres
Presencial
Explorar Curso
FEI
Engenharia de Produção
Otimize processos com inteligência e prepare-se para liderar a indústria 4.0.
10/12 Semestres
Presencial
Explorar Curso
FEI
Engenharia de Robôs
Dê vida às máquinas com a engenharia que constrói o futuro da robótica.
10 Semestres
Presencial
Explorar Curso
FEI
Engenharia Elétrica
Conecte o mundo com inovação, energia e inteligência artificial.
10/12 Semestres
Presencial
Explorar Curso
FEI
Engenharia Mecânica
Projete soluções com precisão e potência para mover o mundo.
10/12 Semestres
Bacharelado
Explorar Curso
FEI
Engenharia Química
Inove com ciência, processos e inteligência para transformar matérias-primas em soluções.
10 Semestres"
DOC013_C2_0003,DOC013,Graduação,Graduação / Ingresso / Cursos,Média,https://portal.fei.edu.br/graduacao,C2,800,150,3,633,"harelado
Explorar Curso
FEI
Engenharia Química
Inove com ciência, processos e inteligência para transformar matérias-primas em soluções.
10 Semestres
Presencial
Explorar Curso
Departamentos Acadêmicos
Ciências Sociais e Jurídicas
Formação humanística e jurídica para complementar a educação tecnológica.
Disciplinas Complementares
Conheça o Departamento
Física
Base científica para o desenvolvimento tecnológico e inovação.
Disciplinas Fundamentais
Conheça o Departamento
Matemática
Fundamentos matemáticos para engenharia e tecnologia.
Disciplinas Básicas
Conheça o Departamento
Quer mais informações? Agende uma visita
Fale conosco"
DOC013_C3_0001,DOC013,Graduação,Graduação / Ingresso / Cursos,Média,https://portal.fei.edu.br/graduacao,C3,1200,200,1,1199,"Conheça Nossos Cursos de Graduação - Faculdade FEI
Ensino
Nossos Cursos FEI
FEI
Administração
Primeiro Curso de Administração da América latina.
8 Semestres
Presencial
Explorar Curso
FEI
Ciência da Computação
Crie soluções que transformam o mundo com IA e robótica no coração da computação.
8 Semestres
Presencial
Explorar Curso
FEI
Ciência de Dados e a Inteligência Artificial
Transforme dados em decisões inteligentes com IA aplicada à robótica autônoma.
8 Semestres
Presencial
Explorar Curso
FEI
Engenharia Civil
Construa o futuro com tecnologia e inteligência artificial aplicada à engenharia.
10 Semestres
Presencial
Explorar Curso
FEI
Engenharia de Automação e Controle
Programe, automatize e controle com a engenharia que move o amanhã.
10 Semestres
Presencial
Explorar Curso
FEI
Engenharia de Produção
Otimize processos com inteligência e prepare-se para liderar a indústria 4.0.
10/12 Semestres
Presencial
Explorar Curso
FEI
Engenharia de Robôs
Dê vida às máquinas com a engenharia que constrói o futuro da robótica.
10 Semestres
Presencial
Explorar Curso
FEI
Engenharia Elétrica
Conecte o mundo com inovação, energia e inteligência artificial.
10/12 Semestres
Presencial
Explorar Curso
FEI"
DOC013_C3_0002,DOC013,Graduação,Graduação / Ingresso / Cursos,Média,https://portal.fei.edu.br/graduacao,C3,1200,200,2,933,"rói o futuro da robótica.
10 Semestres
Presencial
Explorar Curso
FEI
Engenharia Elétrica
Conecte o mundo com inovação, energia e inteligência artificial.
10/12 Semestres
Presencial
Explorar Curso
FEI
Engenharia Mecânica
Projete soluções com precisão e potência para mover o mundo.
10/12 Semestres
Bacharelado
Explorar Curso
FEI
Engenharia Química
Inove com ciência, processos e inteligência para transformar matérias-primas em soluções.
10 Semestres
Presencial
Explorar Curso
Departamentos Acadêmicos
Ciências Sociais e Jurídicas
Formação humanística e jurídica para complementar a educação tecnológica.
Disciplinas Complementares
Conheça o Departamento
Física
Base científica para o desenvolvimento tecnológico e inovação.
Disciplinas Fundamentais
Conheça o Departamento
Matemática
Fundamentos matemáticos para engenharia e tecnologia.
Disciplinas Básicas
Conheça o Departamento
Quer mais informações? Agende uma visita
Fale conosco"
DOC014_C1_0001,DOC014,Transferência e Portador de Diploma,Graduação / Ingresso / Cursos,Média,https://portal.fei.edu.br/transferencia-portador,C1,500,100,1,500,"Transferência Portador
Escolha umas das formas de entrada abaixo
Saiba mais sobre Transferência
Portaria Transferência
Saiba Mais sobre 2º Graduação
Edital
CONHEÇA NOSSOS CURSOS
Quer assumir grandes responsabilidades e ser parte importante do futuro?
Aqui, você será preparado desde o 1º dia de aula para assumir um papel de destaque
e transformar o futuro da sua profissão.
Conheça nossos cursos e faça sua inscrição.
Administração
+
Ciência da Computação
+
Ciência de Dados e Inteligência Artificia"
DOC014_C1_0002,DOC014,Transferência e Portador de Diploma,Graduação / Ingresso / Cursos,Média,https://portal.fei.edu.br/transferencia-portador,C1,500,100,2,500,"aça sua inscrição.
Administração
+
Ciência da Computação
+
Ciência de Dados e Inteligência Artificial
+
Engenharia de Automação e Controle
+
Engenharia Civil
+
Engenharia Elétrica
+
Engenharia Mecânica
+
Engenharia Produção
+
Engenharia Química
+
Engenharia de Robôs
+
QUERO ME INSCREVER
Administração
PERÍODO:
Matutino ou Noturno
DURAÇÃO:
8 semestres
CAMPUS:
São Paulo (Matutino e Noturno) e SBC (Noturno)
MENSALIDADE 2024:
R$ 1.951,00
A VIDA DO FUTURO ADMINISTRADOR NA FEI
Já ouviu falar em startup"
DOC014_C1_0003,DOC014,Transferência e Portador de Diploma,Graduação / Ingresso / Cursos,Média,https://portal.fei.edu.br/transferencia-portador,C1,500,100,3,500,"turno)
MENSALIDADE 2024:
R$ 1.951,00
A VIDA DO FUTURO ADMINISTRADOR NA FEI
Já ouviu falar em startups? Os alunos de ADM da FEI são preparados no âmbito de gestão e negócios, e também desenvolvimento tecnológico, além da criação de produtos, serviços e novos negócios. O nosso curso de ADM promove projetos de extensão, utilizando conhecimento científico como instrumento para impactar a gestão dos nossos alunos, apoiando desde microempresas e ONGs até mesmo startups e corporações, e disponibiliza u"
DOC014_C1_0004,DOC014,Transferência e Portador de Diploma,Graduação / Ingresso / Cursos,Média,https://portal.fei.edu.br/transferencia-portador,C1,500,100,4,499,"ssos alunos, apoiando desde microempresas e ONGs até mesmo startups e corporações, e disponibiliza um Laboratório de Criatividade para que eles saiam daqui como profissionais capazes não apenas de ter uma ideia de negócio, mas que consigam tirar esse negócio do papel sempre guiados por princípios éticos, humanistas e sustentáveis.
Ciência da Computação
Período:
Diurno (Vespertino*) ou Noturno
Duração:
8 semestres
CAMPUS:
São Bernardo do Campo
MENSALIDADE 2024:
R$ 2.521,00
A VIDA DO CIENTISTA DA"
DOC014_C1_0005,DOC014,Transferência e Portador de Diploma,Graduação / Ingresso / Cursos,Média,https://portal.fei.edu.br/transferencia-portador,C1,500,100,5,500,"ção:
8 semestres
CAMPUS:
São Bernardo do Campo
MENSALIDADE 2024:
R$ 2.521,00
A VIDA DO CIENTISTA DA COMPUTAÇÃO NA FEI
O aluno de Ciência da Computação da FEI já inicia sua graduação com a oportunidade de participar de projetos reconhecidos no mercado e premiados nacional e internacionalmente.
Repleto de atividades práticas em laboratórios de alto nível - como a Maratona de Programação e a Competição Latino Americana de Robótica -, o aluno aprende tudo sobre o funcionamento de computadores e o de"
DOC014_C1_0006,DOC014,Transferência e Portador de Diploma,Graduação / Ingresso / Cursos,Média,https://portal.fei.edu.br/transferencia-portador,C1,500,100,6,500,"ão Latino Americana de Robótica -, o aluno aprende tudo sobre o funcionamento de computadores e o desenvolvimento de grandes sistemas computacionais alinhados ao que há de mais moderno e inovador no mundo da tecnologia móvel e interativa, e robótica em diferentes modalidades (home assist, small size e humanóides).
*1º ao 4º Período - Das 13h40 às 19h
*5º ao 8º Período - Das 15h30 às 20h50
Ciência de Dados e Inteligência Artificial
Período:
Diurno(Vespertino*) ou Noturno
Duração:
8 semestres
CAMP"
DOC014_C1_0007,DOC014,Transferência e Portador de Diploma,Graduação / Ingresso / Cursos,Média,https://portal.fei.edu.br/transferencia-portador,C1,500,100,7,500,"de Dados e Inteligência Artificial
Período:
Diurno(Vespertino*) ou Noturno
Duração:
8 semestres
CAMPUS:
São Bernardo do Campo
MENSALIDADE 2024:
R$ 3.378,00
A VIDA DO CIENTISTA DE DADOS DA FEI
A graduação em Ciência de Dados e Inteligência Artificial na FEI reflete a nossa missão institucional, que se concentra na formação e orientação à humanidade. Através dessa formação, buscamos construir caminhos e propósitos verdadeiramente humanos, preparando os estudantes não apenas para suas carreiras, ma"
DOC014_C1_0008,DOC014,Transferência e Portador de Diploma,Graduação / Ingresso / Cursos,Média,https://portal.fei.edu.br/transferencia-portador,C1,500,100,8,500,"os e propósitos verdadeiramente humanos, preparando os estudantes não apenas para suas carreiras, mas também para uma responsabilidade social a serviço dos cidadãos em escala global.
*1º ao 4º Período - Das 13h40 às 19h
*5º ao 8º Período - Das 15h30 às 20h50
Saiba mais
Quero me inscrever!
Engenharia de Automação e Controle
Período:
Diurno
Duração:
10 semestres
CAMPUS:
São Bernardo do Campo
MENSALIDADE 2024:
R$ 3.379,00 (D)
A VIDA DO ENGENHEIRO DE AUTOMAÇÃO E CONTROLE NA FEI
O aluno de Engenharia"
DOC014_C1_0009,DOC014,Transferência e Portador de Diploma,Graduação / Ingresso / Cursos,Média,https://portal.fei.edu.br/transferencia-portador,C1,500,100,9,500,"DADE 2024:
R$ 3.379,00 (D)
A VIDA DO ENGENHEIRO DE AUTOMAÇÃO E CONTROLE NA FEI
O aluno de Engenharia de Automação e Controle da FEI trabalha de fato com a Inteligência Artificial e têm a possibilidade de pesquisar, gerar e criar novas tecnologias. Os laboratórios e projetos acadêmicos possibilitam que as alunos da FEI trabalhem em diferentes áreas como: saúde, robótica, mobilidade, Indústria e outras áreas.
O aluno da FEI aprende na prática que tudo pode ser automatizado e que é possível incluir"
DOC014_C1_0010,DOC014,Transferência e Portador de Diploma,Graduação / Ingresso / Cursos,Média,https://portal.fei.edu.br/transferencia-portador,C1,500,100,10,500,"ras áreas.
O aluno da FEI aprende na prática que tudo pode ser automatizado e que é possível incluir inteligência artificial para a melhoria de processos sem a dependência de pessoas. O curso de Automação e Controle da FEI complementa outras ênfases da Engenharia, como: mecânica, elétrica e robôs.
Engenharia Civil
Período:
Diurno
Duração:
10 semestres
CAMPUS:
São Bernardo do Campo
MENSALIDADE 2024:
R$ 3.379,00 (D)
A VIDA DO ENGENHEIRO CIVIL NA FEI
O aluno de Engenharia Civil da FEI está em conta"
DOC014_C1_0011,DOC014,Transferência e Portador de Diploma,Graduação / Ingresso / Cursos,Média,https://portal.fei.edu.br/transferencia-portador,C1,500,100,11,500,":
R$ 3.379,00 (D)
A VIDA DO ENGENHEIRO CIVIL NA FEI
O aluno de Engenharia Civil da FEI está em contato direto com o mercado desde o primeiro dia.
Com projetos práticos desenvolvidos em parceria com empresas, órgãos públicos e instituições não governamentais, nossos alunos apresentam esses projetos ao final de cada semestre e assim são preparados para desafios reais da sua futura profissão.
Além disso, o aluno FEI tem a possibilidade de participar de projetos acadêmicos, como o Concreto FEI, Enac"
DOC014_C1_0012,DOC014,Transferência e Portador de Diploma,Graduação / Ingresso / Cursos,Média,https://portal.fei.edu.br/transferencia-portador,C1,500,100,12,500,"sso, o aluno FEI tem a possibilidade de participar de projetos acadêmicos, como o Concreto FEI, Enactus FEI, EPIC FEI, que exercitam sua criatividade e capacidade de solução de demandas sociais e problemas principalmente ligados a inovação e sustentabilidade.
Engenharia Elétrica
Período:
Diurno ou Noturno
Duração:
10 semestres (diurno) / 12 semestres (not.)
CAMPUS:
São Bernardo do Campo
MENSALIDADE 2024:
R$ 3.379,00 (D) / R$ 2.817,00 (N)
A VIDA DO ENGENHEIRO ELETRICISTA NA FEI
A engenharia elétr"
DOC014_C1_0013,DOC014,Transferência e Portador de Diploma,Graduação / Ingresso / Cursos,Média,https://portal.fei.edu.br/transferencia-portador,C1,500,100,13,500,"E 2024:
R$ 3.379,00 (D) / R$ 2.817,00 (N)
A VIDA DO ENGENHEIRO ELETRICISTA NA FEI
A engenharia elétrica é a engenharia que está alinhada com a sustentabilidade. Os motores serão elétricos. As fontes serão limpas. E aqui na FEI, os alunos têm a possibilidade de participar dessa transformação como protagonistas. Tudo isso só é possível por conta dos nossos projetos acadêmicos como o Fórmula Elétrico, laboratórios com tecnologia top de linha e parceria com grandes empresas.
Engenharia Mecânica
Perí"
DOC014_C1_0014,DOC014,Transferência e Portador de Diploma,Graduação / Ingresso / Cursos,Média,https://portal.fei.edu.br/transferencia-portador,C1,500,100,14,500,", laboratórios com tecnologia top de linha e parceria com grandes empresas.
Engenharia Mecânica
Período:
Diurno ou Noturno
Duração:
10 semestres (diurno) / 12 semestres (not.)
CAMPUS:
São Bernardo do Campo
MENSALIDADE 2024:
R$ 3.379,00 (D) / R$ 2.817,00 (N)
A VIDA DO ENGENHEIRO MECÂNICO NA FEI
Os alunos da FEI são expostos a atividades complementares e com muitas outras oportunidades, como a iniciação científica, as palestras e os webinars. Além disso, projetos como FEI Baja, Fórmula FEI, Aerode"
DOC014_C1_0015,DOC014,Transferência e Portador de Diploma,Graduação / Ingresso / Cursos,Média,https://portal.fei.edu.br/transferencia-portador,C1,500,100,15,500,"ação científica, as palestras e os webinars. Além disso, projetos como FEI Baja, Fórmula FEI, Aerodesign, reconhecidos nacional e internacionalmente por suas conquista e prêmios, permitem que os alunos saiam daqui com mais autonomia, capacidade de se comunicar, confiança e senso de trabalho em equipe.
Engenharia de Produção
Período:
Diurno ou Noturno
Duração:
10 semestres (diurno) / 12 semestres (not.)
CAMPUS:
São Bernardo do Campo
MENSALIDADE 2024:
R$ 3.379,00 (D) / R$ 2.817,00 (N)
A VIDA DO EN"
DOC014_C1_0016,DOC014,Transferência e Portador de Diploma,Graduação / Ingresso / Cursos,Média,https://portal.fei.edu.br/transferencia-portador,C1,500,100,16,500,"not.)
CAMPUS:
São Bernardo do Campo
MENSALIDADE 2024:
R$ 3.379,00 (D) / R$ 2.817,00 (N)
A VIDA DO ENGENHEIRO DE PRODUÇÃO NA FEI
O aluno de Engenharia de Produção da FEI desenvolve sua visão holística por meio de projetos acadêmicos. Esses projetos que hoje são trabalhados na engenharia de produção da FEI são demandados pelas próprias empresas as quais temos parceria, o que aproxima os alunos do mercado e faz com que eles saiam da graduação preparados para os desafios reais da sua profissão e val"
DOC014_C1_0017,DOC014,Transferência e Portador de Diploma,Graduação / Ingresso / Cursos,Média,https://portal.fei.edu.br/transferencia-portador,C1,500,100,17,500,"rcado e faz com que eles saiam da graduação preparados para os desafios reais da sua profissão e valorizados pelas empresas.
Engenharia Química
Período:
Diurno
Duração:
10 semestres
CAMPUS:
São Bernardo do Campo
MENSALIDADE 2024:
R$ 3.379,00 (D)
A VIDA DO ENGENHEIRO QUÍMICO NA FEI
Além da vivência na resolução de problemas e demandas reais da indústria, e 40% da carga horária de aula direcionada para a prática nos laboratórios, o aluno de graduação em Engenharia Química na FEI também tem a oport"
DOC014_C1_0018,DOC014,Transferência e Portador de Diploma,Graduação / Ingresso / Cursos,Média,https://portal.fei.edu.br/transferencia-portador,C1,500,100,18,499,"ara a prática nos laboratórios, o aluno de graduação em Engenharia Química na FEI também tem a oportunidade de atuar diretamente em projetos e pesquisas direcionadas tanto para a graduação, como também para os programas de pós-graduação e mestrado.
Na graduação, o aluno pode participar do projeto acadêmico AIChE FEI. O Capítulo Estudantil AIChE-FEI, que possui apenas dois anos de existência, mas já acumula prêmios nacionais e internacionais em competições. Nas áreas de pesquisa, são trabalhados"
DOC014_C1_0019,DOC014,Transferência e Portador de Diploma,Graduação / Ingresso / Cursos,Média,https://portal.fei.edu.br/transferencia-portador,C1,500,100,19,500,"á acumula prêmios nacionais e internacionais em competições. Nas áreas de pesquisa, são trabalhados projetos de biomassa, bioenergia, biomateriais, energia renovável e muito mais.
Engenharia de Robôs
Período:
Diurno
Duração:
10 semestres
CAMPUS:
São Bernardo do Campo
MENSALIDADE 2024:
R$ 3.379,00 (D)
A VIDA DO ENGENHEIRO DE ROBÔS NA FEI
Focado no projeto, concepção e desenvolvimento de robôs em geral, o curso de Engenharia de Robôs da FEI permite que os alunos projetem e criem robôs inteligentes"
DOC014_C1_0020,DOC014,Transferência e Portador de Diploma,Graduação / Ingresso / Cursos,Média,https://portal.fei.edu.br/transferencia-portador,C1,500,100,20,410,"ral, o curso de Engenharia de Robôs da FEI permite que os alunos projetem e criem robôs inteligentes para as mais diversas atividades e serviços da sociedade.
Entendemos que a robótica inteligente será a tecnologia predominante do futuro. E o mundo precisa, hoje, de engenheiros que projetem e criem robôs para as mais diversas atividades e serviços da sociedade. Essa é a realidade vivida pelos alunos da FEI."
DOC014_C2_0001,DOC014,Transferência e Portador de Diploma,Graduação / Ingresso / Cursos,Média,https://portal.fei.edu.br/transferencia-portador,C2,800,150,1,800,"Transferência Portador
Escolha umas das formas de entrada abaixo
Saiba mais sobre Transferência
Portaria Transferência
Saiba Mais sobre 2º Graduação
Edital
CONHEÇA NOSSOS CURSOS
Quer assumir grandes responsabilidades e ser parte importante do futuro?
Aqui, você será preparado desde o 1º dia de aula para assumir um papel de destaque
e transformar o futuro da sua profissão.
Conheça nossos cursos e faça sua inscrição.
Administração
+
Ciência da Computação
+
Ciência de Dados e Inteligência Artificial
+
Engenharia de Automação e Controle
+
Engenharia Civil
+
Engenharia Elétrica
+
Engenharia Mecânica
+
Engenharia Produção
+
Engenharia Química
+
Engenharia de Robôs
+
QUERO ME INSCREVER
Administração
PERÍODO:
Matutino ou Noturno
DURAÇÃO:
8 semestres
CAMPUS:
São Paulo (Matutino e Noturno) e SBC (No"
DOC014_C2_0002,DOC014,Transferência e Portador de Diploma,Graduação / Ingresso / Cursos,Média,https://portal.fei.edu.br/transferencia-portador,C2,800,150,2,800,"enharia de Robôs
+
QUERO ME INSCREVER
Administração
PERÍODO:
Matutino ou Noturno
DURAÇÃO:
8 semestres
CAMPUS:
São Paulo (Matutino e Noturno) e SBC (Noturno)
MENSALIDADE 2024:
R$ 1.951,00
A VIDA DO FUTURO ADMINISTRADOR NA FEI
Já ouviu falar em startups? Os alunos de ADM da FEI são preparados no âmbito de gestão e negócios, e também desenvolvimento tecnológico, além da criação de produtos, serviços e novos negócios. O nosso curso de ADM promove projetos de extensão, utilizando conhecimento científico como instrumento para impactar a gestão dos nossos alunos, apoiando desde microempresas e ONGs até mesmo startups e corporações, e disponibiliza um Laboratório de Criatividade para que eles saiam daqui como profissionais capazes não apenas de ter uma ideia de negócio, mas que consigam tirar esse"
DOC014_C2_0003,DOC014,Transferência e Portador de Diploma,Graduação / Ingresso / Cursos,Média,https://portal.fei.edu.br/transferencia-portador,C2,800,150,3,800,"m Laboratório de Criatividade para que eles saiam daqui como profissionais capazes não apenas de ter uma ideia de negócio, mas que consigam tirar esse negócio do papel sempre guiados por princípios éticos, humanistas e sustentáveis.
Ciência da Computação
Período:
Diurno (Vespertino*) ou Noturno
Duração:
8 semestres
CAMPUS:
São Bernardo do Campo
MENSALIDADE 2024:
R$ 2.521,00
A VIDA DO CIENTISTA DA COMPUTAÇÃO NA FEI
O aluno de Ciência da Computação da FEI já inicia sua graduação com a oportunidade de participar de projetos reconhecidos no mercado e premiados nacional e internacionalmente.
Repleto de atividades práticas em laboratórios de alto nível - como a Maratona de Programação e a Competição Latino Americana de Robótica -, o aluno aprende tudo sobre o funcionamento de computadores e o de"
DOC014_C2_0004,DOC014,Transferência e Portador de Diploma,Graduação / Ingresso / Cursos,Média,https://portal.fei.edu.br/transferencia-portador,C2,800,150,4,800,"ível - como a Maratona de Programação e a Competição Latino Americana de Robótica -, o aluno aprende tudo sobre o funcionamento de computadores e o desenvolvimento de grandes sistemas computacionais alinhados ao que há de mais moderno e inovador no mundo da tecnologia móvel e interativa, e robótica em diferentes modalidades (home assist, small size e humanóides).
*1º ao 4º Período - Das 13h40 às 19h
*5º ao 8º Período - Das 15h30 às 20h50
Ciência de Dados e Inteligência Artificial
Período:
Diurno(Vespertino*) ou Noturno
Duração:
8 semestres
CAMPUS:
São Bernardo do Campo
MENSALIDADE 2024:
R$ 3.378,00
A VIDA DO CIENTISTA DE DADOS DA FEI
A graduação em Ciência de Dados e Inteligência Artificial na FEI reflete a nossa missão institucional, que se concentra na formação e orientação à humanidade."
DOC014_C2_0005,DOC014,Transferência e Portador de Diploma,Graduação / Ingresso / Cursos,Média,https://portal.fei.edu.br/transferencia-portador,C2,800,150,5,800,"ção em Ciência de Dados e Inteligência Artificial na FEI reflete a nossa missão institucional, que se concentra na formação e orientação à humanidade. Através dessa formação, buscamos construir caminhos e propósitos verdadeiramente humanos, preparando os estudantes não apenas para suas carreiras, mas também para uma responsabilidade social a serviço dos cidadãos em escala global.
*1º ao 4º Período - Das 13h40 às 19h
*5º ao 8º Período - Das 15h30 às 20h50
Saiba mais
Quero me inscrever!
Engenharia de Automação e Controle
Período:
Diurno
Duração:
10 semestres
CAMPUS:
São Bernardo do Campo
MENSALIDADE 2024:
R$ 3.379,00 (D)
A VIDA DO ENGENHEIRO DE AUTOMAÇÃO E CONTROLE NA FEI
O aluno de Engenharia de Automação e Controle da FEI trabalha de fato com a Inteligência Artificial e têm a possibilidade"
DOC014_C2_0006,DOC014,Transferência e Portador de Diploma,Graduação / Ingresso / Cursos,Média,https://portal.fei.edu.br/transferencia-portador,C2,800,150,6,799,"AUTOMAÇÃO E CONTROLE NA FEI
O aluno de Engenharia de Automação e Controle da FEI trabalha de fato com a Inteligência Artificial e têm a possibilidade de pesquisar, gerar e criar novas tecnologias. Os laboratórios e projetos acadêmicos possibilitam que as alunos da FEI trabalhem em diferentes áreas como: saúde, robótica, mobilidade, Indústria e outras áreas.
O aluno da FEI aprende na prática que tudo pode ser automatizado e que é possível incluir inteligência artificial para a melhoria de processos sem a dependência de pessoas. O curso de Automação e Controle da FEI complementa outras ênfases da Engenharia, como: mecânica, elétrica e robôs.
Engenharia Civil
Período:
Diurno
Duração:
10 semestres
CAMPUS:
São Bernardo do Campo
MENSALIDADE 2024:
R$ 3.379,00 (D)
A VIDA DO ENGENHEIRO CIVIL NA FE"
DOC014_C2_0007,DOC014,Transferência e Portador de Diploma,Graduação / Ingresso / Cursos,Média,https://portal.fei.edu.br/transferencia-portador,C2,800,150,7,800,"ngenharia Civil
Período:
Diurno
Duração:
10 semestres
CAMPUS:
São Bernardo do Campo
MENSALIDADE 2024:
R$ 3.379,00 (D)
A VIDA DO ENGENHEIRO CIVIL NA FEI
O aluno de Engenharia Civil da FEI está em contato direto com o mercado desde o primeiro dia.
Com projetos práticos desenvolvidos em parceria com empresas, órgãos públicos e instituições não governamentais, nossos alunos apresentam esses projetos ao final de cada semestre e assim são preparados para desafios reais da sua futura profissão.
Além disso, o aluno FEI tem a possibilidade de participar de projetos acadêmicos, como o Concreto FEI, Enactus FEI, EPIC FEI, que exercitam sua criatividade e capacidade de solução de demandas sociais e problemas principalmente ligados a inovação e sustentabilidade.
Engenharia Elétrica
Período:
Diurno ou N"
DOC014_C2_0008,DOC014,Transferência e Portador de Diploma,Graduação / Ingresso / Cursos,Média,https://portal.fei.edu.br/transferencia-portador,C2,800,150,8,800,"e capacidade de solução de demandas sociais e problemas principalmente ligados a inovação e sustentabilidade.
Engenharia Elétrica
Período:
Diurno ou Noturno
Duração:
10 semestres (diurno) / 12 semestres (not.)
CAMPUS:
São Bernardo do Campo
MENSALIDADE 2024:
R$ 3.379,00 (D) / R$ 2.817,00 (N)
A VIDA DO ENGENHEIRO ELETRICISTA NA FEI
A engenharia elétrica é a engenharia que está alinhada com a sustentabilidade. Os motores serão elétricos. As fontes serão limpas. E aqui na FEI, os alunos têm a possibilidade de participar dessa transformação como protagonistas. Tudo isso só é possível por conta dos nossos projetos acadêmicos como o Fórmula Elétrico, laboratórios com tecnologia top de linha e parceria com grandes empresas.
Engenharia Mecânica
Período:
Diurno ou Noturno
Duração:
10 semestres (diur"
DOC014_C2_0009,DOC014,Transferência e Portador de Diploma,Graduação / Ingresso / Cursos,Média,https://portal.fei.edu.br/transferencia-portador,C2,800,150,9,800,", laboratórios com tecnologia top de linha e parceria com grandes empresas.
Engenharia Mecânica
Período:
Diurno ou Noturno
Duração:
10 semestres (diurno) / 12 semestres (not.)
CAMPUS:
São Bernardo do Campo
MENSALIDADE 2024:
R$ 3.379,00 (D) / R$ 2.817,00 (N)
A VIDA DO ENGENHEIRO MECÂNICO NA FEI
Os alunos da FEI são expostos a atividades complementares e com muitas outras oportunidades, como a iniciação científica, as palestras e os webinars. Além disso, projetos como FEI Baja, Fórmula FEI, Aerodesign, reconhecidos nacional e internacionalmente por suas conquista e prêmios, permitem que os alunos saiam daqui com mais autonomia, capacidade de se comunicar, confiança e senso de trabalho em equipe.
Engenharia de Produção
Período:
Diurno ou Noturno
Duração:
10 semestres (diurno) / 12 semestres ("
DOC014_C2_0010,DOC014,Transferência e Portador de Diploma,Graduação / Ingresso / Cursos,Média,https://portal.fei.edu.br/transferencia-portador,C2,800,150,10,799,"comunicar, confiança e senso de trabalho em equipe.
Engenharia de Produção
Período:
Diurno ou Noturno
Duração:
10 semestres (diurno) / 12 semestres (not.)
CAMPUS:
São Bernardo do Campo
MENSALIDADE 2024:
R$ 3.379,00 (D) / R$ 2.817,00 (N)
A VIDA DO ENGENHEIRO DE PRODUÇÃO NA FEI
O aluno de Engenharia de Produção da FEI desenvolve sua visão holística por meio de projetos acadêmicos. Esses projetos que hoje são trabalhados na engenharia de produção da FEI são demandados pelas próprias empresas as quais temos parceria, o que aproxima os alunos do mercado e faz com que eles saiam da graduação preparados para os desafios reais da sua profissão e valorizados pelas empresas.
Engenharia Química
Período:
Diurno
Duração:
10 semestres
CAMPUS:
São Bernardo do Campo
MENSALIDADE 2024:
R$ 3.379,00 (D)
A VI"
DOC014_C2_0011,DOC014,Transferência e Portador de Diploma,Graduação / Ingresso / Cursos,Média,https://portal.fei.edu.br/transferencia-portador,C2,800,150,11,799,"orizados pelas empresas.
Engenharia Química
Período:
Diurno
Duração:
10 semestres
CAMPUS:
São Bernardo do Campo
MENSALIDADE 2024:
R$ 3.379,00 (D)
A VIDA DO ENGENHEIRO QUÍMICO NA FEI
Além da vivência na resolução de problemas e demandas reais da indústria, e 40% da carga horária de aula direcionada para a prática nos laboratórios, o aluno de graduação em Engenharia Química na FEI também tem a oportunidade de atuar diretamente em projetos e pesquisas direcionadas tanto para a graduação, como também para os programas de pós-graduação e mestrado.
Na graduação, o aluno pode participar do projeto acadêmico AIChE FEI. O Capítulo Estudantil AIChE-FEI, que possui apenas dois anos de existência, mas já acumula prêmios nacionais e internacionais em competições. Nas áreas de pesquisa, são trabalhados"
DOC014_C2_0012,DOC014,Transferência e Portador de Diploma,Graduação / Ingresso / Cursos,Média,https://portal.fei.edu.br/transferencia-portador,C2,800,150,12,799,", que possui apenas dois anos de existência, mas já acumula prêmios nacionais e internacionais em competições. Nas áreas de pesquisa, são trabalhados projetos de biomassa, bioenergia, biomateriais, energia renovável e muito mais.
Engenharia de Robôs
Período:
Diurno
Duração:
10 semestres
CAMPUS:
São Bernardo do Campo
MENSALIDADE 2024:
R$ 3.379,00 (D)
A VIDA DO ENGENHEIRO DE ROBÔS NA FEI
Focado no projeto, concepção e desenvolvimento de robôs em geral, o curso de Engenharia de Robôs da FEI permite que os alunos projetem e criem robôs inteligentes para as mais diversas atividades e serviços da sociedade.
Entendemos que a robótica inteligente será a tecnologia predominante do futuro. E o mundo precisa, hoje, de engenheiros que projetem e criem robôs para as mais diversas atividades e serviços"
DOC014_C2_0013,DOC014,Transferência e Portador de Diploma,Graduação / Ingresso / Cursos,Média,https://portal.fei.edu.br/transferencia-portador,C2,800,150,13,210,"á a tecnologia predominante do futuro. E o mundo precisa, hoje, de engenheiros que projetem e criem robôs para as mais diversas atividades e serviços da sociedade. Essa é a realidade vivida pelos alunos da FEI."
DOC014_C3_0001,DOC014,Transferência e Portador de Diploma,Graduação / Ingresso / Cursos,Média,https://portal.fei.edu.br/transferencia-portador,C3,1200,200,1,1200,"Transferência Portador
Escolha umas das formas de entrada abaixo
Saiba mais sobre Transferência
Portaria Transferência
Saiba Mais sobre 2º Graduação
Edital
CONHEÇA NOSSOS CURSOS
Quer assumir grandes responsabilidades e ser parte importante do futuro?
Aqui, você será preparado desde o 1º dia de aula para assumir um papel de destaque
e transformar o futuro da sua profissão.
Conheça nossos cursos e faça sua inscrição.
Administração
+
Ciência da Computação
+
Ciência de Dados e Inteligência Artificial
+
Engenharia de Automação e Controle
+
Engenharia Civil
+
Engenharia Elétrica
+
Engenharia Mecânica
+
Engenharia Produção
+
Engenharia Química
+
Engenharia de Robôs
+
QUERO ME INSCREVER
Administração
PERÍODO:
Matutino ou Noturno
DURAÇÃO:
8 semestres
CAMPUS:
São Paulo (Matutino e Noturno) e SBC (Noturno)
MENSALIDADE 2024:
R$ 1.951,00
A VIDA DO FUTURO ADMINISTRADOR NA FEI
Já ouviu falar em startups? Os alunos de ADM da FEI são preparados no âmbito de gestão e negócios, e também desenvolvimento tecnológico, além da criação de produtos, serviços e novos negócios. O nosso curso de ADM promove projetos de extensão, utilizando conhecimento científico como instrumento para impactar a gestão dos no"
DOC014_C3_0002,DOC014,Transferência e Portador de Diploma,Graduação / Ingresso / Cursos,Média,https://portal.fei.edu.br/transferencia-portador,C3,1200,200,2,1200,"ecnológico, além da criação de produtos, serviços e novos negócios. O nosso curso de ADM promove projetos de extensão, utilizando conhecimento científico como instrumento para impactar a gestão dos nossos alunos, apoiando desde microempresas e ONGs até mesmo startups e corporações, e disponibiliza um Laboratório de Criatividade para que eles saiam daqui como profissionais capazes não apenas de ter uma ideia de negócio, mas que consigam tirar esse negócio do papel sempre guiados por princípios éticos, humanistas e sustentáveis.
Ciência da Computação
Período:
Diurno (Vespertino*) ou Noturno
Duração:
8 semestres
CAMPUS:
São Bernardo do Campo
MENSALIDADE 2024:
R$ 2.521,00
A VIDA DO CIENTISTA DA COMPUTAÇÃO NA FEI
O aluno de Ciência da Computação da FEI já inicia sua graduação com a oportunidade de participar de projetos reconhecidos no mercado e premiados nacional e internacionalmente.
Repleto de atividades práticas em laboratórios de alto nível - como a Maratona de Programação e a Competição Latino Americana de Robótica -, o aluno aprende tudo sobre o funcionamento de computadores e o desenvolvimento de grandes sistemas computacionais alinhados ao que há de mais moderno e inovador no m"
DOC014_C3_0003,DOC014,Transferência e Portador de Diploma,Graduação / Ingresso / Cursos,Média,https://portal.fei.edu.br/transferencia-portador,C3,1200,200,3,1200,"ão Latino Americana de Robótica -, o aluno aprende tudo sobre o funcionamento de computadores e o desenvolvimento de grandes sistemas computacionais alinhados ao que há de mais moderno e inovador no mundo da tecnologia móvel e interativa, e robótica em diferentes modalidades (home assist, small size e humanóides).
*1º ao 4º Período - Das 13h40 às 19h
*5º ao 8º Período - Das 15h30 às 20h50
Ciência de Dados e Inteligência Artificial
Período:
Diurno(Vespertino*) ou Noturno
Duração:
8 semestres
CAMPUS:
São Bernardo do Campo
MENSALIDADE 2024:
R$ 3.378,00
A VIDA DO CIENTISTA DE DADOS DA FEI
A graduação em Ciência de Dados e Inteligência Artificial na FEI reflete a nossa missão institucional, que se concentra na formação e orientação à humanidade. Através dessa formação, buscamos construir caminhos e propósitos verdadeiramente humanos, preparando os estudantes não apenas para suas carreiras, mas também para uma responsabilidade social a serviço dos cidadãos em escala global.
*1º ao 4º Período - Das 13h40 às 19h
*5º ao 8º Período - Das 15h30 às 20h50
Saiba mais
Quero me inscrever!
Engenharia de Automação e Controle
Período:
Diurno
Duração:
10 semestres
CAMPUS:
São Bernardo do Campo
MENSALI"
DOC014_C3_0004,DOC014,Transferência e Portador de Diploma,Graduação / Ingresso / Cursos,Média,https://portal.fei.edu.br/transferencia-portador,C3,1200,200,4,1199,"- Das 13h40 às 19h
*5º ao 8º Período - Das 15h30 às 20h50
Saiba mais
Quero me inscrever!
Engenharia de Automação e Controle
Período:
Diurno
Duração:
10 semestres
CAMPUS:
São Bernardo do Campo
MENSALIDADE 2024:
R$ 3.379,00 (D)
A VIDA DO ENGENHEIRO DE AUTOMAÇÃO E CONTROLE NA FEI
O aluno de Engenharia de Automação e Controle da FEI trabalha de fato com a Inteligência Artificial e têm a possibilidade de pesquisar, gerar e criar novas tecnologias. Os laboratórios e projetos acadêmicos possibilitam que as alunos da FEI trabalhem em diferentes áreas como: saúde, robótica, mobilidade, Indústria e outras áreas.
O aluno da FEI aprende na prática que tudo pode ser automatizado e que é possível incluir inteligência artificial para a melhoria de processos sem a dependência de pessoas. O curso de Automação e Controle da FEI complementa outras ênfases da Engenharia, como: mecânica, elétrica e robôs.
Engenharia Civil
Período:
Diurno
Duração:
10 semestres
CAMPUS:
São Bernardo do Campo
MENSALIDADE 2024:
R$ 3.379,00 (D)
A VIDA DO ENGENHEIRO CIVIL NA FEI
O aluno de Engenharia Civil da FEI está em contato direto com o mercado desde o primeiro dia.
Com projetos práticos desenvolvidos em parceria com em"
DOC014_C3_0005,DOC014,Transferência e Portador de Diploma,Graduação / Ingresso / Cursos,Média,https://portal.fei.edu.br/transferencia-portador,C3,1200,200,5,1200,":
R$ 3.379,00 (D)
A VIDA DO ENGENHEIRO CIVIL NA FEI
O aluno de Engenharia Civil da FEI está em contato direto com o mercado desde o primeiro dia.
Com projetos práticos desenvolvidos em parceria com empresas, órgãos públicos e instituições não governamentais, nossos alunos apresentam esses projetos ao final de cada semestre e assim são preparados para desafios reais da sua futura profissão.
Além disso, o aluno FEI tem a possibilidade de participar de projetos acadêmicos, como o Concreto FEI, Enactus FEI, EPIC FEI, que exercitam sua criatividade e capacidade de solução de demandas sociais e problemas principalmente ligados a inovação e sustentabilidade.
Engenharia Elétrica
Período:
Diurno ou Noturno
Duração:
10 semestres (diurno) / 12 semestres (not.)
CAMPUS:
São Bernardo do Campo
MENSALIDADE 2024:
R$ 3.379,00 (D) / R$ 2.817,00 (N)
A VIDA DO ENGENHEIRO ELETRICISTA NA FEI
A engenharia elétrica é a engenharia que está alinhada com a sustentabilidade. Os motores serão elétricos. As fontes serão limpas. E aqui na FEI, os alunos têm a possibilidade de participar dessa transformação como protagonistas. Tudo isso só é possível por conta dos nossos projetos acadêmicos como o Fórmula Elétrico"
DOC014_C3_0006,DOC014,Transferência e Portador de Diploma,Graduação / Ingresso / Cursos,Média,https://portal.fei.edu.br/transferencia-portador,C3,1200,200,6,1199,"erão limpas. E aqui na FEI, os alunos têm a possibilidade de participar dessa transformação como protagonistas. Tudo isso só é possível por conta dos nossos projetos acadêmicos como o Fórmula Elétrico, laboratórios com tecnologia top de linha e parceria com grandes empresas.
Engenharia Mecânica
Período:
Diurno ou Noturno
Duração:
10 semestres (diurno) / 12 semestres (not.)
CAMPUS:
São Bernardo do Campo
MENSALIDADE 2024:
R$ 3.379,00 (D) / R$ 2.817,00 (N)
A VIDA DO ENGENHEIRO MECÂNICO NA FEI
Os alunos da FEI são expostos a atividades complementares e com muitas outras oportunidades, como a iniciação científica, as palestras e os webinars. Além disso, projetos como FEI Baja, Fórmula FEI, Aerodesign, reconhecidos nacional e internacionalmente por suas conquista e prêmios, permitem que os alunos saiam daqui com mais autonomia, capacidade de se comunicar, confiança e senso de trabalho em equipe.
Engenharia de Produção
Período:
Diurno ou Noturno
Duração:
10 semestres (diurno) / 12 semestres (not.)
CAMPUS:
São Bernardo do Campo
MENSALIDADE 2024:
R$ 3.379,00 (D) / R$ 2.817,00 (N)
A VIDA DO ENGENHEIRO DE PRODUÇÃO NA FEI
O aluno de Engenharia de Produção da FEI desenvolve sua visão holística"
DOC014_C3_0007,DOC014,Transferência e Portador de Diploma,Graduação / Ingresso / Cursos,Média,https://portal.fei.edu.br/transferencia-portador,C3,1200,200,7,1200,"not.)
CAMPUS:
São Bernardo do Campo
MENSALIDADE 2024:
R$ 3.379,00 (D) / R$ 2.817,00 (N)
A VIDA DO ENGENHEIRO DE PRODUÇÃO NA FEI
O aluno de Engenharia de Produção da FEI desenvolve sua visão holística por meio de projetos acadêmicos. Esses projetos que hoje são trabalhados na engenharia de produção da FEI são demandados pelas próprias empresas as quais temos parceria, o que aproxima os alunos do mercado e faz com que eles saiam da graduação preparados para os desafios reais da sua profissão e valorizados pelas empresas.
Engenharia Química
Período:
Diurno
Duração:
10 semestres
CAMPUS:
São Bernardo do Campo
MENSALIDADE 2024:
R$ 3.379,00 (D)
A VIDA DO ENGENHEIRO QUÍMICO NA FEI
Além da vivência na resolução de problemas e demandas reais da indústria, e 40% da carga horária de aula direcionada para a prática nos laboratórios, o aluno de graduação em Engenharia Química na FEI também tem a oportunidade de atuar diretamente em projetos e pesquisas direcionadas tanto para a graduação, como também para os programas de pós-graduação e mestrado.
Na graduação, o aluno pode participar do projeto acadêmico AIChE FEI. O Capítulo Estudantil AIChE-FEI, que possui apenas dois anos de existência, mas j"
DOC014_C3_0008,DOC014,Transferência e Portador de Diploma,Graduação / Ingresso / Cursos,Média,https://portal.fei.edu.br/transferencia-portador,C3,1200,200,8,1010,"m para os programas de pós-graduação e mestrado.
Na graduação, o aluno pode participar do projeto acadêmico AIChE FEI. O Capítulo Estudantil AIChE-FEI, que possui apenas dois anos de existência, mas já acumula prêmios nacionais e internacionais em competições. Nas áreas de pesquisa, são trabalhados projetos de biomassa, bioenergia, biomateriais, energia renovável e muito mais.
Engenharia de Robôs
Período:
Diurno
Duração:
10 semestres
CAMPUS:
São Bernardo do Campo
MENSALIDADE 2024:
R$ 3.379,00 (D)
A VIDA DO ENGENHEIRO DE ROBÔS NA FEI
Focado no projeto, concepção e desenvolvimento de robôs em geral, o curso de Engenharia de Robôs da FEI permite que os alunos projetem e criem robôs inteligentes para as mais diversas atividades e serviços da sociedade.
Entendemos que a robótica inteligente será a tecnologia predominante do futuro. E o mundo precisa, hoje, de engenheiros que projetem e criem robôs para as mais diversas atividades e serviços da sociedade. Essa é a realidade vivida pelos alunos da FEI."
DOC015_C1_0001,DOC015,Provas Anteriores,Graduação / Ingresso / Cursos,Média,https://portal.fei.edu.br/provas-anteriores,C1,500,100,1,500,"Vestibular FEI
Provas Anteriores
Provas Anteriores
2026 - 2º Semestre
Confira o gabarito!
Administração
Engenharia, Ciência da Computação e Ciência de Dados e Inteligência Artificial
2026 - 1º Semestre
Confira o gabarito!
Administração
Engenharia, Ciência da Computação e Ciência de Dados e Inteligência Artificial
2025 - 2º Semestre
Prova e Gabaritos
Administração
Engenharia, Ciência da Computação e Ciência de Dados e Inteligência Artificial
2025 - 1º Semestre
Prova e Gabaritos
Administração
Enge"
DOC015_C1_0002,DOC015,Provas Anteriores,Graduação / Ingresso / Cursos,Média,https://portal.fei.edu.br/provas-anteriores,C1,500,100,2,500,"e Ciência de Dados e Inteligência Artificial
2025 - 1º Semestre
Prova e Gabaritos
Administração
Engenharia, Ciência da Computação e Ciência de Dados e Inteligência Artificial
2024 - 2º Semestre
Prova e Gabaritos
Administração
Engenharia, Ciência da Computação e Ciência de Dados e Inteligência Artificial
2024 - 1º Semestre
Prova e Gabaritos
Administração
Engenharia, Ciência da Computação e Ciência de Dados e Inteligência Artificial
2023 - 2º Semestre
Prova e Gabaritos
Administração
Engenharia e C"
DOC015_C1_0003,DOC015,Provas Anteriores,Graduação / Ingresso / Cursos,Média,https://portal.fei.edu.br/provas-anteriores,C1,500,100,3,500,"de Dados e Inteligência Artificial
2023 - 2º Semestre
Prova e Gabaritos
Administração
Engenharia e Ciência da Computação
2022 - 1º Semestre
Prova e Gabaritos
07/11/21 - Administração
04/12/21 - Administração
07/11/21 - Ciência da Computação
04/12/21 - Ciência da Computação
2022 - 2º Semestre
Prova e Gabaritos
12/06/22 - Administração
12/06/22 - Ciência da Computação
2023 - 1º Semestre
Prova e Gabaritos
27/11/22 - Administração
27/11/22 -Engenharia e Ciência da Computação
2021 - 2º Semestre
Exame"
DOC015_C1_0004,DOC015,Provas Anteriores,Graduação / Ingresso / Cursos,Média,https://portal.fei.edu.br/provas-anteriores,C1,500,100,4,500,"ritos
27/11/22 - Administração
27/11/22 -Engenharia e Ciência da Computação
2021 - 2º Semestre
Exame e Gabarito
Engenharia e Ciência da Computação
Administração
2021 - 1º Semestre
Exame e Gabarito (Dezembro)
Engenharia e Ciência da Computação
Administração
Exame e Gabarito (Fevereiro)
Engenharia e Ciência da Computação
Administração
2020 - 1º Semestre
Gabaritos
Engenharia e Ciência da Computação
Administração
Provas
Engenharia e Ciência da Computação
Administração
2019 - 2º Semestre
Gabaritos
En"
DOC015_C1_0005,DOC015,Provas Anteriores,Graduação / Ingresso / Cursos,Média,https://portal.fei.edu.br/provas-anteriores,C1,500,100,5,500,"dministração
Provas
Engenharia e Ciência da Computação
Administração
2019 - 2º Semestre
Gabaritos
Engenharia e Ciência da Computação
Administração
Provas
Engenharia e Ciência da Computação
Administração
2019 - 1º Semestre
Gabaritos
Turma A e B - Engenharia e Ciência da Computação
Administração
Provas
Turma A - Engenharia e Ciência da Computação
Turma B - Engenharia e Ciência da Computação
Administração
2018 - 2º Semestre
Gabaritos
Engenharia e Ciência da Computação
Administração
Provas
Engenhari"
DOC015_C1_0006,DOC015,Provas Anteriores,Graduação / Ingresso / Cursos,Média,https://portal.fei.edu.br/provas-anteriores,C1,500,100,6,500,"ração
2018 - 2º Semestre
Gabaritos
Engenharia e Ciência da Computação
Administração
Provas
Engenharia e Ciência da Computação
Administração
2018 - 1º Semestre
Gabaritos
Turma A e B - Engenharia e Ciência da Computação
Administração
Provas
Turma A - Engenharia e Ciência da Computação
Turma B - Engenharia e Ciência da Computação
Administração
2017 - 2º Semestre
Gabaritos
Exame 2 - Engenharia e Ciência da Computação
Exame 2 - Administração
Exame 1 - Engenharia, Ciência da Computação e Administração"
DOC015_C1_0007,DOC015,Provas Anteriores,Graduação / Ingresso / Cursos,Média,https://portal.fei.edu.br/provas-anteriores,C1,500,100,7,500,"ia da Computação
Exame 2 - Administração
Exame 1 - Engenharia, Ciência da Computação e Administração
Provas
Exame 2 - Engenharia e Ciência da Computação
Exame 2 - Administração
Exame 1 - Engenharia, Ciência da Computação e Administração
2017 - 1º Semestre
Gabaritos
Exame 2 - Engenharia e Ciência da Computação
Exame 2 - Administração
Exame 1 - Turma A e B - Engenharia, Ciência da Computação e Administração
Provas
Turma A - Exame 1 -Administração, Engenharia e Ciência da Computação
Turma B - Exame"
DOC015_C1_0008,DOC015,Provas Anteriores,Graduação / Ingresso / Cursos,Média,https://portal.fei.edu.br/provas-anteriores,C1,500,100,8,287,"istração
Provas
Turma A - Exame 1 -Administração, Engenharia e Ciência da Computação
Turma B - Exame 1 -Administração, Engenharia e Ciência da Computação
Turma A - Exame 2 - Engenharia e Ciência da Computação
Turma B - Exame 2 - Engenharia e Ciência da Computação
Administração - Exame 2"
DOC015_C2_0001,DOC015,Provas Anteriores,Graduação / Ingresso / Cursos,Média,https://portal.fei.edu.br/provas-anteriores,C2,800,150,1,799,"Vestibular FEI
Provas Anteriores
Provas Anteriores
2026 - 2º Semestre
Confira o gabarito!
Administração
Engenharia, Ciência da Computação e Ciência de Dados e Inteligência Artificial
2026 - 1º Semestre
Confira o gabarito!
Administração
Engenharia, Ciência da Computação e Ciência de Dados e Inteligência Artificial
2025 - 2º Semestre
Prova e Gabaritos
Administração
Engenharia, Ciência da Computação e Ciência de Dados e Inteligência Artificial
2025 - 1º Semestre
Prova e Gabaritos
Administração
Engenharia, Ciência da Computação e Ciência de Dados e Inteligência Artificial
2024 - 2º Semestre
Prova e Gabaritos
Administração
Engenharia, Ciência da Computação e Ciência de Dados e Inteligência Artificial
2024 - 1º Semestre
Prova e Gabaritos
Administração
Engenharia, Ciência da Computação e Ciência"
DOC015_C2_0002,DOC015,Provas Anteriores,Graduação / Ingresso / Cursos,Média,https://portal.fei.edu.br/provas-anteriores,C2,800,150,2,800,"omputação e Ciência de Dados e Inteligência Artificial
2024 - 1º Semestre
Prova e Gabaritos
Administração
Engenharia, Ciência da Computação e Ciência de Dados e Inteligência Artificial
2023 - 2º Semestre
Prova e Gabaritos
Administração
Engenharia e Ciência da Computação
2022 - 1º Semestre
Prova e Gabaritos
07/11/21 - Administração
04/12/21 - Administração
07/11/21 - Ciência da Computação
04/12/21 - Ciência da Computação
2022 - 2º Semestre
Prova e Gabaritos
12/06/22 - Administração
12/06/22 - Ciência da Computação
2023 - 1º Semestre
Prova e Gabaritos
27/11/22 - Administração
27/11/22 -Engenharia e Ciência da Computação
2021 - 2º Semestre
Exame e Gabarito
Engenharia e Ciência da Computação
Administração
2021 - 1º Semestre
Exame e Gabarito (Dezembro)
Engenharia e Ciência da Computação
Adminis"
DOC015_C2_0003,DOC015,Provas Anteriores,Graduação / Ingresso / Cursos,Média,https://portal.fei.edu.br/provas-anteriores,C2,800,150,3,799,"e Gabarito
Engenharia e Ciência da Computação
Administração
2021 - 1º Semestre
Exame e Gabarito (Dezembro)
Engenharia e Ciência da Computação
Administração
Exame e Gabarito (Fevereiro)
Engenharia e Ciência da Computação
Administração
2020 - 1º Semestre
Gabaritos
Engenharia e Ciência da Computação
Administração
Provas
Engenharia e Ciência da Computação
Administração
2019 - 2º Semestre
Gabaritos
Engenharia e Ciência da Computação
Administração
Provas
Engenharia e Ciência da Computação
Administração
2019 - 1º Semestre
Gabaritos
Turma A e B - Engenharia e Ciência da Computação
Administração
Provas
Turma A - Engenharia e Ciência da Computação
Turma B - Engenharia e Ciência da Computação
Administração
2018 - 2º Semestre
Gabaritos
Engenharia e Ciência da Computação
Administração
Provas
Engenhari"
DOC015_C2_0004,DOC015,Provas Anteriores,Graduação / Ingresso / Cursos,Média,https://portal.fei.edu.br/provas-anteriores,C2,800,150,4,800,"ma B - Engenharia e Ciência da Computação
Administração
2018 - 2º Semestre
Gabaritos
Engenharia e Ciência da Computação
Administração
Provas
Engenharia e Ciência da Computação
Administração
2018 - 1º Semestre
Gabaritos
Turma A e B - Engenharia e Ciência da Computação
Administração
Provas
Turma A - Engenharia e Ciência da Computação
Turma B - Engenharia e Ciência da Computação
Administração
2017 - 2º Semestre
Gabaritos
Exame 2 - Engenharia e Ciência da Computação
Exame 2 - Administração
Exame 1 - Engenharia, Ciência da Computação e Administração
Provas
Exame 2 - Engenharia e Ciência da Computação
Exame 2 - Administração
Exame 1 - Engenharia, Ciência da Computação e Administração
2017 - 1º Semestre
Gabaritos
Exame 2 - Engenharia e Ciência da Computação
Exame 2 - Administração
Exame 1 - Turma"
DOC015_C2_0005,DOC015,Provas Anteriores,Graduação / Ingresso / Cursos,Média,https://portal.fei.edu.br/provas-anteriores,C2,800,150,5,487,"iência da Computação e Administração
2017 - 1º Semestre
Gabaritos
Exame 2 - Engenharia e Ciência da Computação
Exame 2 - Administração
Exame 1 - Turma A e B - Engenharia, Ciência da Computação e Administração
Provas
Turma A - Exame 1 -Administração, Engenharia e Ciência da Computação
Turma B - Exame 1 -Administração, Engenharia e Ciência da Computação
Turma A - Exame 2 - Engenharia e Ciência da Computação
Turma B - Exame 2 - Engenharia e Ciência da Computação
Administração - Exame 2"
DOC015_C3_0001,DOC015,Provas Anteriores,Graduação / Ingresso / Cursos,Média,https://portal.fei.edu.br/provas-anteriores,C3,1200,200,1,1200,"Vestibular FEI
Provas Anteriores
Provas Anteriores
2026 - 2º Semestre
Confira o gabarito!
Administração
Engenharia, Ciência da Computação e Ciência de Dados e Inteligência Artificial
2026 - 1º Semestre
Confira o gabarito!
Administração
Engenharia, Ciência da Computação e Ciência de Dados e Inteligência Artificial
2025 - 2º Semestre
Prova e Gabaritos
Administração
Engenharia, Ciência da Computação e Ciência de Dados e Inteligência Artificial
2025 - 1º Semestre
Prova e Gabaritos
Administração
Engenharia, Ciência da Computação e Ciência de Dados e Inteligência Artificial
2024 - 2º Semestre
Prova e Gabaritos
Administração
Engenharia, Ciência da Computação e Ciência de Dados e Inteligência Artificial
2024 - 1º Semestre
Prova e Gabaritos
Administração
Engenharia, Ciência da Computação e Ciência de Dados e Inteligência Artificial
2023 - 2º Semestre
Prova e Gabaritos
Administração
Engenharia e Ciência da Computação
2022 - 1º Semestre
Prova e Gabaritos
07/11/21 - Administração
04/12/21 - Administração
07/11/21 - Ciência da Computação
04/12/21 - Ciência da Computação
2022 - 2º Semestre
Prova e Gabaritos
12/06/22 - Administração
12/06/22 - Ciência da Computação
2023 - 1º Semestre
Prova e Gaba"
DOC015_C3_0002,DOC015,Provas Anteriores,Graduação / Ingresso / Cursos,Média,https://portal.fei.edu.br/provas-anteriores,C3,1200,200,2,1200,"stração
07/11/21 - Ciência da Computação
04/12/21 - Ciência da Computação
2022 - 2º Semestre
Prova e Gabaritos
12/06/22 - Administração
12/06/22 - Ciência da Computação
2023 - 1º Semestre
Prova e Gabaritos
27/11/22 - Administração
27/11/22 -Engenharia e Ciência da Computação
2021 - 2º Semestre
Exame e Gabarito
Engenharia e Ciência da Computação
Administração
2021 - 1º Semestre
Exame e Gabarito (Dezembro)
Engenharia e Ciência da Computação
Administração
Exame e Gabarito (Fevereiro)
Engenharia e Ciência da Computação
Administração
2020 - 1º Semestre
Gabaritos
Engenharia e Ciência da Computação
Administração
Provas
Engenharia e Ciência da Computação
Administração
2019 - 2º Semestre
Gabaritos
Engenharia e Ciência da Computação
Administração
Provas
Engenharia e Ciência da Computação
Administração
2019 - 1º Semestre
Gabaritos
Turma A e B - Engenharia e Ciência da Computação
Administração
Provas
Turma A - Engenharia e Ciência da Computação
Turma B - Engenharia e Ciência da Computação
Administração
2018 - 2º Semestre
Gabaritos
Engenharia e Ciência da Computação
Administração
Provas
Engenharia e Ciência da Computação
Administração
2018 - 1º Semestre
Gabaritos
Turma A e B - Engenharia e Ciên"
DOC015_C3_0003,DOC015,Provas Anteriores,Graduação / Ingresso / Cursos,Média,https://portal.fei.edu.br/provas-anteriores,C3,1200,200,3,1087,"ração
2018 - 2º Semestre
Gabaritos
Engenharia e Ciência da Computação
Administração
Provas
Engenharia e Ciência da Computação
Administração
2018 - 1º Semestre
Gabaritos
Turma A e B - Engenharia e Ciência da Computação
Administração
Provas
Turma A - Engenharia e Ciência da Computação
Turma B - Engenharia e Ciência da Computação
Administração
2017 - 2º Semestre
Gabaritos
Exame 2 - Engenharia e Ciência da Computação
Exame 2 - Administração
Exame 1 - Engenharia, Ciência da Computação e Administração
Provas
Exame 2 - Engenharia e Ciência da Computação
Exame 2 - Administração
Exame 1 - Engenharia, Ciência da Computação e Administração
2017 - 1º Semestre
Gabaritos
Exame 2 - Engenharia e Ciência da Computação
Exame 2 - Administração
Exame 1 - Turma A e B - Engenharia, Ciência da Computação e Administração
Provas
Turma A - Exame 1 -Administração, Engenharia e Ciência da Computação
Turma B - Exame 1 -Administração, Engenharia e Ciência da Computação
Turma A - Exame 2 - Engenharia e Ciência da Computação
Turma B - Exame 2 - Engenharia e Ciência da Computação
Administração - Exame 2"
DOC016_C1_0001,DOC016,Corpo Docente,Complementar,Média,https://portal.fei.edu.br/corpo-docente-da-fei,C1,500,100,1,500,"Corpo Docente da FEI: Conheça Nossos Professores
Corpo Docente
Administração
Ciência da Computação
Ciências Sociais e Jurídicas
Engenharia Civil
Engenharia de Produção
Engenharia Elétrica
Engenharia Mecânica
Engenharia Química
Física
Matemática
Corpo Docente
Com o compromisso de promover uma formação de qualidade e a cultura da inovação, o Centro Universitário FEI conta
com um corpo docente altamente qualificado, capacitado e atento as visões de futuro, que utilizam práticas
pedagógicas inovador"
DOC016_C1_0002,DOC016,Corpo Docente,Complementar,Média,https://portal.fei.edu.br/corpo-docente-da-fei,C1,500,100,2,500,"nte qualificado, capacitado e atento as visões de futuro, que utilizam práticas
pedagógicas inovadoras com foco na capacitação de alunos para que se tornem solucionadores de problemas mal
estruturados de temas complexos das próximas décadas. Com uma abordagem criativa, articulada e integrada às
demandas da sociedade, de indústrias e de serviços de alta intensidade tecnológica os professores da FEI também
se diferenciam por se pautarem na ética e nos valores cristãos, premissas da orientação jesu"
DOC016_C1_0003,DOC016,Corpo Docente,Complementar,Média,https://portal.fei.edu.br/corpo-docente-da-fei,C1,500,100,3,499,"também
se diferenciam por se pautarem na ética e nos valores cristãos, premissas da orientação jesuíta da Instituição.
Conheça os professores de Administração:
Prof.ª Dr.ª Aline Mariane de Faria
Currículo Lattes
Prof.ª Dr.ª Aline Sacchi Homrich
Currículo Lattes
Prof. Dr. Aimãn Ibrahim Mourad
Currículo Lattes
Prof. Dr. André Silva de Carvalho
Currículo Lattes
Prof.ª Dr.ª Ana Valéria Barbosa da Silva
Currículo Lattes
Prof.ª Dr.ª Denise Luciana Rieg Scramim
Currículo Lattes
Prof. Dr. Edson Sadao I"
DOC016_C1_0004,DOC016,Corpo Docente,Complementar,Média,https://portal.fei.edu.br/corpo-docente-da-fei,C1,500,100,4,500,"va
Currículo Lattes
Prof.ª Dr.ª Denise Luciana Rieg Scramim
Currículo Lattes
Prof. Dr. Edson Sadao Iizuka
Currículo Lattes
Prof.ª Dr.ª Elisangela Lazarou Tarraço
Currículo Lattes
Prof.ª Dr.ª Eryka E. Fernandes Augusto
Currículo Lattes
Prof. Dr. Fabio Alessandro Affonso Antonio
Currículo Lattes
Prof. Me. Fernando Palazolli
Currículo Lattes
Prof. Dr. Fernando Cesar B. de Amorim
Currículo Lattes
Prof. Dr. Jacques Demajorovic
Currículo Lattes
Prof.ª Dr.ª Jussara da Silva Teixeira Cucato
Currículo La"
DOC016_C1_0005,DOC016,Corpo Docente,Complementar,Média,https://portal.fei.edu.br/corpo-docente-da-fei,C1,500,100,5,500,". Dr. Jacques Demajorovic
Currículo Lattes
Prof.ª Dr.ª Jussara da Silva Teixeira Cucato
Currículo Lattes
Prof.ª Dr.ª Larissa Luz Raposo
Currículo Lattes
Prof.ª Dr.ª Luciana Iwashita da Silva
Currículo Lattes
Prof. Dr. Luiz Ojima Sakuda
Currículo Lattes
Prof. Me. Marcos Aurélio Martão
Currículo Lattes
Prof. Me. Marco A. Vallim Reis da Silva
Currículo Lattes
Prof.ª Dr.ª Maria Carolina Conejero
Currículo Lattes
Prof.ª Dr.ª Maria Laura Lennan
Currículo Lattes
Prof.ª Dr.ª Maria Tereza Saraiva de Souz"
DOC016_C1_0006,DOC016,Corpo Docente,Complementar,Média,https://portal.fei.edu.br/corpo-docente-da-fei,C1,500,100,6,500,"culo Lattes
Prof.ª Dr.ª Maria Laura Lennan
Currículo Lattes
Prof.ª Dr.ª Maria Tereza Saraiva de Souza
Currículo Lattes
Prof.ª Dr.ª Melby Karina Zuniga Huertas
Currículo Lattes
Prof. Dr. Pablo Turbuk Garran
Currículo Lattes
Prof.ª Dr.ª Patricia Podboi Adachi
Currículo Lattes
Prof. Dr. Paulo Sodre Hollaender
Currículo Lattes
Prof. Dr. Pedro Jaime de Coelho Júnior
Currículo Lattes
Prof. Dr. Ricardo Antonio Fernandes
Currículo Lattes
Prof. Dr. Roberto Carlos Bernardes
Currículo Lattes
Prof. Dr. Rodr"
DOC016_C1_0007,DOC016,Corpo Docente,Complementar,Média,https://portal.fei.edu.br/corpo-docente-da-fei,C1,500,100,7,499,"ntonio Fernandes
Currículo Lattes
Prof. Dr. Roberto Carlos Bernardes
Currículo Lattes
Prof. Dr. Rodrigo Silva Barreto
Currículo Lattes
Prof. Dr. Rogério Marcos Orefice
Currículo Lattes
Prof.ª Dr.ª Viviane Chunques Gervasoni
Currículo Lattes
Conheça os professores de Ciências Sociais e Jurídicas:
Prof.ª Dr.ª Andréa Gomes de Alencar
Currículo Lattes
Prof.ª Dr.ª Carla Andrea Soares de Araújo
Currículo Lattes
Prof. Dr. Diego Genu Klautau
Currículo Lattes
Prof. Dr. Eduardo de Campos Garcia
Currículo"
DOC016_C1_0008,DOC016,Corpo Docente,Complementar,Média,https://portal.fei.edu.br/corpo-docente-da-fei,C1,500,100,8,500,"o Lattes
Prof. Dr. Diego Genu Klautau
Currículo Lattes
Prof. Dr. Eduardo de Campos Garcia
Currículo Lattes
Prof. Dr. Fabio Lacerda Martins da Silva
Currículo Lattes
Prof. Dr. Francisco Luciano Minharro
Currículo Lattes
Prof. Dr. Hugo Mitsuo Sakamoto
Currículo Lattes
Prof.ª Dr.ª Lania Stefanoni Ferreira
Currículo Lattes
Prof. Dr. Marcelo Pires Lima
Currículo Lattes
Prof. Dr. Rafael Mahfoud Marcoccia
Currículo Lattes
Prof. Dr. Raúl Cesar Gouveia Fernandes
Currículo Lattes
Conheça os professores de"
DOC016_C1_0009,DOC016,Corpo Docente,Complementar,Média,https://portal.fei.edu.br/corpo-docente-da-fei,C1,500,100,9,500,"a
Currículo Lattes
Prof. Dr. Raúl Cesar Gouveia Fernandes
Currículo Lattes
Conheça os professores de Ciência da Computação:
Prof. Dr. Danilo Hernani Perico
Currículo Lattes
Prof. Dr. Charles Henrique Porto Ferreira
Currículo Lattes
Prof.ª Dr.ª Gabriela Oliveira Biondi
Currículo Lattes
Prof.ª Dr.ª Gabriela Maria Cabel Barbaran
Currículo Lattes
Prof. Dr. Fagner de Assis Moura Pimentel
Currículo Lattes
Prof. Dr. Isaac Jesus da Silva
Currículo Lattes
Prof.ª Dr.ª Leila Cristina Carneiro Bergamasco
Cu"
DOC016_C1_0010,DOC016,Corpo Docente,Complementar,Média,https://portal.fei.edu.br/corpo-docente-da-fei,C1,500,100,10,500,"es
Prof. Dr. Isaac Jesus da Silva
Currículo Lattes
Prof.ª Dr.ª Leila Cristina Carneiro Bergamasco
Currículo Lattes
Prof. Dr. Leonardo Anjoletto Ferreira
Currículo Lattes
Prof. Dr. Luciano Rossi
Currículo Lattes
Prof. Dr. Plinio Thomaz Aquino Júnior
Currículo Lattes
Prof. Dr. Fabio Suim Chagas
Currículo Lattes
Prof.ª Dr.ª Renata M. Nogueira de Oliveira
Currículo Lattes
Prof. Dr. Víctor Perrone de Lima Varela
Currículo Lattes
Conheça os professores de Engenharia Civil:
Prof.ª Dr.ª Alda Paulina dos"
DOC016_C1_0011,DOC016,Corpo Docente,Complementar,Média,https://portal.fei.edu.br/corpo-docente-da-fei,C1,500,100,11,499,"ima Varela
Currículo Lattes
Conheça os professores de Engenharia Civil:
Prof.ª Dr.ª Alda Paulina dos Santos
Currículo Lattes
Prof. Dr. Diego Lourenço Cartacho
Currículo Lattes
Prof. Me. Felipe Hernandes Cava
Currículo Lattes
Prof. Me. Fernando Cesar Dias Ribeiro
Currículo Lattes
Prof. Dr. Kurt André Pereira Amann
Currículo Lattes
Prof. Me. Marcello Cherem
Currículo Lattes
Prof. Me. Maurício Marques Resende
Currículo Lattes
Prof. Dr. Rafael Barreto Castelo da Cruz
Currículo Lattes
Prof. Me. Raul"
DOC016_C1_0012,DOC016,Corpo Docente,Complementar,Média,https://portal.fei.edu.br/corpo-docente-da-fei,C1,500,100,12,500,"s Resende
Currículo Lattes
Prof. Dr. Rafael Barreto Castelo da Cruz
Currículo Lattes
Prof. Me. Raul Fernando Ramos
Currículo Lattes
Prof. Dr. Thiago Canhos M. Silva
Currículo Lattes
Conheça os professores de Engenharia de Produção:
Prof.ª Dr.ª Anna Cristina Baptista Pereira
Currículo Lattes
Prof.ª Dr.ª Cláudia Aparecida de Mattos
Currículo Lattes
Prof.ª Dr.ª Debora Bianco
Currículo Lattes
Prof. Me. Eduardo Massao Watanabe
Currículo Lattes
Prof. Dr. Fábio Lima
Currículo Lattes
Prof.ª Dr.ª Fernand"
DOC016_C1_0013,DOC016,Corpo Docente,Complementar,Média,https://portal.fei.edu.br/corpo-docente-da-fei,C1,500,100,13,500,". Eduardo Massao Watanabe
Currículo Lattes
Prof. Dr. Fábio Lima
Currículo Lattes
Prof.ª Dr.ª Fernanda Cristina Vianna
Currículo Lattes
Prof.ª Dr.ª Gabriela Scur Almudi
Currículo Lattes
Prof. Dr. Gilberto Francisco de Oliveira
Currículo Lattes
Prof. Dr. Henrricco Nieves Pujol Tucci
Currículo Lattes
Prof. Dr. José Agostinho Baitello
Currículo Lattes
Prof. Dr. Leonardo Chwif
Currículo Lattes
Prof. Dr. Marcel Heimar Ribeiro Utiyama
Currículo Lattes
Prof. Me. Marcelo Koiti Fugihara
Currículo Lattes
P"
DOC016_C1_0014,DOC016,Corpo Docente,Complementar,Média,https://portal.fei.edu.br/corpo-docente-da-fei,C1,500,100,14,500,". Marcel Heimar Ribeiro Utiyama
Currículo Lattes
Prof. Me. Marcelo Koiti Fugihara
Currículo Lattes
Prof.ª Dr.ª Maria Celia de Oliveira
Currículo Lattes
Prof.ª Dr.ª Nathália de Castro Zambuzi
Currículo Lattes
Prof.ª Dr.ª Raissa Helena Paiva Apolinário
Currículo Lattes
Prof.ª Dr.ª Renata Pelissari
Currículo Lattes
Prof. Dr. Ricardo Janes
Currículo Lattes
Prof. Dr. Ronaldo Gomes Dultra de Lima
Currículo Lattes
Conheça os professores de Engenharia Elétrica:
Prof. Dr. Andre Luiz Perin
Currículo Latte"
DOC016_C1_0015,DOC016,Corpo Docente,Complementar,Média,https://portal.fei.edu.br/corpo-docente-da-fei,C1,500,100,15,500,"ulo Lattes
Conheça os professores de Engenharia Elétrica:
Prof. Dr. Andre Luiz Perin
Currículo Lattes
Prof. Dr. Cleiton Fidelix Pereira
Currículo Lattes
Prof. Dr. Carlos Eduardo Thomaz
Currículo Lattes
Prof. Dr. Fábio Delatore
Currículo Lattes
Prof. Dr. Francisco Xavier Sevegnani
Currículo Lattes
Prof. Dr. Ivandro Sanches
Currículo Lattes
Prof. Me. Leonardo Romano
Currículo Lattes
Prof. Dr. Luiz Antonio Mortaio
Currículo Lattes
Prof. Dr. Marcelo Antonio Pavanello
Currículo Lattes
Prof. Dr. Marci"
DOC016_C1_0016,DOC016,Corpo Docente,Complementar,Média,https://portal.fei.edu.br/corpo-docente-da-fei,C1,500,100,16,499,"ntonio Mortaio
Currículo Lattes
Prof. Dr. Marcelo Antonio Pavanello
Currículo Lattes
Prof. Dr. Marcio Antonio Mathias
Currículo Lattes
Prof.ª Dr.ª Maria Claudia Ferrari de Castro
Currículo Lattes
Prof. Dr. Marco Antônio Assis de Melo
Currículo Lattes
Prof.ª Dr.ª Michele Rodrigues
Currículo Lattes
Prof.ª Dr.ª Michelly de Souza
Currículo Lattes
Prof.ª Dr.ª Milene Galeti
Currículo Lattes
Prof. Dr. Pedro Luiz Benko
Currículo Lattes
Prof. Me. Ricardo Girnis Tombi
Currículo Lattes
Prof. PhD. Reinaldo"
DOC016_C1_0017,DOC016,Corpo Docente,Complementar,Média,https://portal.fei.edu.br/corpo-docente-da-fei,C1,500,100,17,500,"dro Luiz Benko
Currículo Lattes
Prof. Me. Ricardo Girnis Tombi
Currículo Lattes
Prof. PhD. Reinaldo Augusto da Costa Bianchi
Currículo Lattes
Prof. Dr. Renato Aparecido Aguiar
Currículo Lattes
Prof. Dr. Renato Camargo Giacomini
Currículo Lattes
Prof. Dr. Ricardo de Carvalho Destro
Currículo Lattes
Prof. Me. Ricardo Germano Stolf
Currículo Lattes
Prof. Dr. Rodrigo Trevisoli Doria
Currículo Lattes
Prof. Dr. Rudolf Theoderich Buhler
Currículo Lattes
Prof. Dr. Salvador Pinillos Gimenez
Currículo Lat"
DOC016_C1_0018,DOC016,Corpo Docente,Complementar,Média,https://portal.fei.edu.br/corpo-docente-da-fei,C1,500,100,18,500,"rof. Dr. Rudolf Theoderich Buhler
Currículo Lattes
Prof. Dr. Salvador Pinillos Gimenez
Currículo Lattes
Prof. Dr. Silvio Xavier Duarte
Currículo Lattes
Prof. Dr. Valter Fernandes Avelino
Currículo Lattes
Prof. Dr. Vanderlei Cunha Parro
Currículo Lattes
Prof. Dr. Victor Sonnenberg
Currículo Lattes
Prof. Me. Walter Pereira da Silva Jr
Currículo Lattes
Prof. Dr. Bruno Martin de Alcantara Dias
Currículo Lattes
Conheça os professores de Engenharia Mecânica:
Prof. Dr. Adalto de Farias
Currículo Lattes"
DOC016_C1_0019,DOC016,Corpo Docente,Complementar,Média,https://portal.fei.edu.br/corpo-docente-da-fei,C1,500,100,19,500,"lo Lattes
Conheça os professores de Engenharia Mecânica:
Prof. Dr. Adalto de Farias
Currículo Lattes
Prof.ª Dr.ª Adriana Martinelli Catelli de Souza
Currículo Lattes
Prof. Dr. André de Souza Mendes
Currículo Lattes
Prof. Dr. Baltus Cornelius Bonse
Currículo Lattes
Prof. Dr. Carlos Rodrigues dos Santos Neto
Currículo Lattes
Prof. Me. Cleber Willian Gomes
Currículo Lattes
Prof. Dr. Cyro Albuquerque Neto
Currículo Lattes
Prof.ª Dr.ª Daniella Caluscio dos Santos
Currículo Lattes
Prof. Dr. Éd Claudio"
DOC016_C1_0020,DOC016,Corpo Docente,Complementar,Média,https://portal.fei.edu.br/corpo-docente-da-fei,C1,500,100,20,500,"Neto
Currículo Lattes
Prof.ª Dr.ª Daniella Caluscio dos Santos
Currículo Lattes
Prof. Dr. Éd Claudio Bordinassi
Currículo Lattes
Prof. Dr. Edivaldo Antonio Bulba
Currículo Lattes
Prof. Dr. Edvaldo Angelo
Currículo Lattes
Prof. Dr. Fabrizio Leonardi
Currículo Lattes
Prof. Dr. Fernando Fusco Rovai
Currículo Lattes
Prof. Me. Francisco Lameiras Júnior
Currículo Lattes
Prof. Dr. Gabriel Angelo
Currículo Lattes
Prof. Me. Gerson de Faria Mello
Currículo Lattes
Prof.ª Dr.ª Gigliola Salerno
Currículo Lat"
DOC016_C1_0021,DOC016,Corpo Docente,Complementar,Média,https://portal.fei.edu.br/corpo-docente-da-fei,C1,500,100,21,500,"o Lattes
Prof. Me. Gerson de Faria Mello
Currículo Lattes
Prof.ª Dr.ª Gigliola Salerno
Currículo Lattes
Prof. Me. Jairo de Lima Souza
Currículo Lattes
Prof. Me. João Luis Abel
Currículo Lattes
Prof. Me. João José de Souza
Currículo Lattes
Prof. José Luiz de Oliveira
Currículo Lattes
Prof. Dr. Júlio César Dutra
Currículo Lattes
Prof. Me. Leandro Tadeu Roldão Perestrelo
Currículo Lattes
Prof. Dr. Marcelo Otávio dos Santos
Currículo Lattes
Prof. Dr. Marco Antonio Zanussi Barreto
Currículo Lattes
Pr"
DOC016_C1_0022,DOC016,Corpo Docente,Complementar,Média,https://portal.fei.edu.br/corpo-docente-da-fei,C1,500,100,22,500,"rcelo Otávio dos Santos
Currículo Lattes
Prof. Dr. Marco Antonio Zanussi Barreto
Currículo Lattes
Prof. Dr. Mauricio Carvalho Silva
Currículo Lattes
Prof. Dr. Mohammad Hossein Shaterzadeh Yazdi
Currículo Lattes
Prof. Dr. Rafael Serralvo Neto
Currículo Lattes
Prof. Dr. Reinaldo Rossetti
Currículo Lattes
Prof. Dr. Renato José Pinto
Currículo Lattes
Prof. Me. Rodrigo Bernardello Unzueta
Currículo Lattes
Prof. Dr. Rodrigo Magnabosco
Currículo Lattes
Prof. Dr. Sandro Luis Vatanabe
Currículo Lattes
Pr"
DOC016_C1_0023,DOC016,Corpo Docente,Complementar,Média,https://portal.fei.edu.br/corpo-docente-da-fei,C1,500,100,23,500,"tes
Prof. Dr. Rodrigo Magnabosco
Currículo Lattes
Prof. Dr. Sandro Luis Vatanabe
Currículo Lattes
Prof. Dr. Sergio Delijaicov
Currículo Lattes
Prof.ª Dr.ª Silvia Maria Stortini González Velázquez
Currículo Lattes
Prof. Silvio Sizuo Sumioshi
Currículo Lattes
Prof. Me. Taylor Mac Intyer Fonseca Júnior
Currículo Lattes
Prof. Dr. William Naville
Currículo Lattes
Prof. Dr. Wellington Cássio Pinheiro
Currículo Lattes
Prof. Dr. Artur Fernando de Vito Júnior
Currículo Lattes
Conheça os professores de En"
DOC016_C1_0024,DOC016,Corpo Docente,Complementar,Média,https://portal.fei.edu.br/corpo-docente-da-fei,C1,500,100,24,499,"rrículo Lattes
Prof. Dr. Artur Fernando de Vito Júnior
Currículo Lattes
Conheça os professores de Engenharia Química:
Prof.ª Dr.ª Adriana Célia Lucarini
Currículo Lattes
Prof.ª Dr.ª Andréia de Araujo Morandim Giannetti
Currículo Lattes
Prof.ª Dr.ª Bruna Pratto
Currículo Lattes
Prof. Dr. Bruno Ramos
Currículo Lattes
Prof. Dr. Daniel Benestante Hauk
Currículo Lattes
Prof.ª Dr.ª Fernanda Guerreiro Rossi Higa
Currículo Lattes
Prof. Dr. Gustavo Vieira Olivieri
Currículo Lattes
Prof. Me. Geraldo Luiz"
DOC016_C1_0025,DOC016,Corpo Docente,Complementar,Média,https://portal.fei.edu.br/corpo-docente-da-fei,C1,500,100,25,500,"ssi Higa
Currículo Lattes
Prof. Dr. Gustavo Vieira Olivieri
Currículo Lattes
Prof. Me. Geraldo Luiz Pereira Fontana
Currículo Lattes
Prof. Dr. Gerhard Ett
Currículo Lattes
Prof.ª Dr.ª Isabella Pacifico Aquino
Currículo Lattes
Prof. Dr. Ivan Carlos Franco
Currículo Lattes
Prof. Dr. João Guilherme Rocha Poço
Currículo Lattes
Prof. Dr. Luis Fernando Novazzi
Currículo Lattes
Prof. Dr. Luis Fernando Peffi Ferreira
Currículo Lattes
Prof. Dr. Luiz Gustavo Ambrogi
Currículo Lattes
Prof. Dr. Milton Caeta"
DOC016_C1_0026,DOC016,Corpo Docente,Complementar,Média,https://portal.fei.edu.br/corpo-docente-da-fei,C1,500,100,26,500,"ffi Ferreira
Currículo Lattes
Prof. Dr. Luiz Gustavo Ambrogi
Currículo Lattes
Prof. Dr. Milton Caetano Ferreroni
Currículo Lattes
Prof. Dr. Ricardo Belchior Torres
Currículo Lattes
Prof. Dr. Rodrigo Cella
Currículo Lattes
Prof. Dr. Rodrigo Condotta
Currículo Lattes
Prof. PhD. Ronaldo Gonçalves dos Santos
Currículo Lattes
Conheça os professores de Física:
Prof. Dr. Cassio Leandro Dal Ri Barbosa
Currículo Lattes
Prof. Dr. Eduardo Acedo Barbosa
Currículo Lattes
Prof.ª Dr.ª Eliane de Fátima Chinagli"
DOC016_C1_0027,DOC016,Corpo Docente,Complementar,Média,https://portal.fei.edu.br/corpo-docente-da-fei,C1,500,100,27,500,"rículo Lattes
Prof. Dr. Eduardo Acedo Barbosa
Currículo Lattes
Prof.ª Dr.ª Eliane de Fátima Chinaglia
Currículo Lattes
Prof. Dr. Fabio do Prado
Currículo Lattes
Prof.ª Dr.ª Jessica Fleury Curado
Currículo Lattes
Prof.ª Dr.ª Marcilei Aparecida Guazzelli
Currículo Lattes
Prof.ª Dr.ª Mariana Pojar
Currículo Lattes
Prof.ª Dr.ª Sueli Hatsumi Masunaga
Currículo Lattes
Prof. Dr. Vagner Bernal Barbeta
Currículo Lattes
Prof. Dr. Wagner Sciani
Currículo Lattes
Conheça os professores de Matemática:
Prof. D"
DOC016_C1_0028,DOC016,Corpo Docente,Complementar,Média,https://portal.fei.edu.br/corpo-docente-da-fei,C1,500,100,28,499,"rículo Lattes
Prof. Dr. Wagner Sciani
Currículo Lattes
Conheça os professores de Matemática:
Prof. Dr. Adriano Nicola Rios
Currículo Lattes
Prof. Dr. Antonio Carlos Gracias
Currículo Lattes
Prof. Me. Antônio José Martins Neto
Currículo Lattes
Prof. Dr. Ariovaldo José de Almeida
Currículo Lattes
Prof. Dr. Claudio Dall Anese
Currículo Lattes
Prof. Dr. Daniel Rodrigues da Silva
Currículo Lattes
Prof. Dr. Fábio Gerab
Currículo Lattes
Prof. Dr. Fernando Souza e Freitas Júnior
Currículo Lattes
Prof.ª"
DOC016_C1_0029,DOC016,Corpo Docente,Complementar,Média,https://portal.fei.edu.br/corpo-docente-da-fei,C1,500,100,29,470,"Dr. Fábio Gerab
Currículo Lattes
Prof. Dr. Fernando Souza e Freitas Júnior
Currículo Lattes
Prof.ª Dr.ª Flainer Rosa de Lima
Currículo Lattes
Prof. Dr. Marcelo Dias Pereira
Currículo Lattes
Prof. Dr. Minás Djehizian
Currículo Lattes
Prof.ª Me. Miua Tanaka
Currículo Lattes
Prof.ª Dr.ª Mônica Karrer
Currículo Lattes
Prof. Dr. Paulo Henrique Trentin
Currículo Lattes
Prof. Dr. Samir Assuena
Currículo Lattes
Prof.ª Dr.ª Silmara Alexandra da Silva Vicente
Currículo Lattes"
DOC016_C2_0001,DOC016,Corpo Docente,Complementar,Média,https://portal.fei.edu.br/corpo-docente-da-fei,C2,800,150,1,800,"Corpo Docente da FEI: Conheça Nossos Professores
Corpo Docente
Administração
Ciência da Computação
Ciências Sociais e Jurídicas
Engenharia Civil
Engenharia de Produção
Engenharia Elétrica
Engenharia Mecânica
Engenharia Química
Física
Matemática
Corpo Docente
Com o compromisso de promover uma formação de qualidade e a cultura da inovação, o Centro Universitário FEI conta
com um corpo docente altamente qualificado, capacitado e atento as visões de futuro, que utilizam práticas
pedagógicas inovadoras com foco na capacitação de alunos para que se tornem solucionadores de problemas mal
estruturados de temas complexos das próximas décadas. Com uma abordagem criativa, articulada e integrada às
demandas da sociedade, de indústrias e de serviços de alta intensidade tecnológica os professores da FEI"
DOC016_C2_0002,DOC016,Corpo Docente,Complementar,Média,https://portal.fei.edu.br/corpo-docente-da-fei,C2,800,150,2,800,"abordagem criativa, articulada e integrada às
demandas da sociedade, de indústrias e de serviços de alta intensidade tecnológica os professores da FEI também
se diferenciam por se pautarem na ética e nos valores cristãos, premissas da orientação jesuíta da Instituição.
Conheça os professores de Administração:
Prof.ª Dr.ª Aline Mariane de Faria
Currículo Lattes
Prof.ª Dr.ª Aline Sacchi Homrich
Currículo Lattes
Prof. Dr. Aimãn Ibrahim Mourad
Currículo Lattes
Prof. Dr. André Silva de Carvalho
Currículo Lattes
Prof.ª Dr.ª Ana Valéria Barbosa da Silva
Currículo Lattes
Prof.ª Dr.ª Denise Luciana Rieg Scramim
Currículo Lattes
Prof. Dr. Edson Sadao Iizuka
Currículo Lattes
Prof.ª Dr.ª Elisangela Lazarou Tarraço
Currículo Lattes
Prof.ª Dr.ª Eryka E. Fernandes Augusto
Currículo Lattes
Prof. Dr. Fabio"
DOC016_C2_0003,DOC016,Corpo Docente,Complementar,Média,https://portal.fei.edu.br/corpo-docente-da-fei,C2,800,150,3,800,"izuka
Currículo Lattes
Prof.ª Dr.ª Elisangela Lazarou Tarraço
Currículo Lattes
Prof.ª Dr.ª Eryka E. Fernandes Augusto
Currículo Lattes
Prof. Dr. Fabio Alessandro Affonso Antonio
Currículo Lattes
Prof. Me. Fernando Palazolli
Currículo Lattes
Prof. Dr. Fernando Cesar B. de Amorim
Currículo Lattes
Prof. Dr. Jacques Demajorovic
Currículo Lattes
Prof.ª Dr.ª Jussara da Silva Teixeira Cucato
Currículo Lattes
Prof.ª Dr.ª Larissa Luz Raposo
Currículo Lattes
Prof.ª Dr.ª Luciana Iwashita da Silva
Currículo Lattes
Prof. Dr. Luiz Ojima Sakuda
Currículo Lattes
Prof. Me. Marcos Aurélio Martão
Currículo Lattes
Prof. Me. Marco A. Vallim Reis da Silva
Currículo Lattes
Prof.ª Dr.ª Maria Carolina Conejero
Currículo Lattes
Prof.ª Dr.ª Maria Laura Lennan
Currículo Lattes
Prof.ª Dr.ª Maria Tereza Saraiva de Souz"
DOC016_C2_0004,DOC016,Corpo Docente,Complementar,Média,https://portal.fei.edu.br/corpo-docente-da-fei,C2,800,150,4,799,"o Lattes
Prof.ª Dr.ª Maria Carolina Conejero
Currículo Lattes
Prof.ª Dr.ª Maria Laura Lennan
Currículo Lattes
Prof.ª Dr.ª Maria Tereza Saraiva de Souza
Currículo Lattes
Prof.ª Dr.ª Melby Karina Zuniga Huertas
Currículo Lattes
Prof. Dr. Pablo Turbuk Garran
Currículo Lattes
Prof.ª Dr.ª Patricia Podboi Adachi
Currículo Lattes
Prof. Dr. Paulo Sodre Hollaender
Currículo Lattes
Prof. Dr. Pedro Jaime de Coelho Júnior
Currículo Lattes
Prof. Dr. Ricardo Antonio Fernandes
Currículo Lattes
Prof. Dr. Roberto Carlos Bernardes
Currículo Lattes
Prof. Dr. Rodrigo Silva Barreto
Currículo Lattes
Prof. Dr. Rogério Marcos Orefice
Currículo Lattes
Prof.ª Dr.ª Viviane Chunques Gervasoni
Currículo Lattes
Conheça os professores de Ciências Sociais e Jurídicas:
Prof.ª Dr.ª Andréa Gomes de Alencar
Currículo Lattes"
DOC016_C2_0005,DOC016,Corpo Docente,Complementar,Média,https://portal.fei.edu.br/corpo-docente-da-fei,C2,800,150,5,799,"iane Chunques Gervasoni
Currículo Lattes
Conheça os professores de Ciências Sociais e Jurídicas:
Prof.ª Dr.ª Andréa Gomes de Alencar
Currículo Lattes
Prof.ª Dr.ª Carla Andrea Soares de Araújo
Currículo Lattes
Prof. Dr. Diego Genu Klautau
Currículo Lattes
Prof. Dr. Eduardo de Campos Garcia
Currículo Lattes
Prof. Dr. Fabio Lacerda Martins da Silva
Currículo Lattes
Prof. Dr. Francisco Luciano Minharro
Currículo Lattes
Prof. Dr. Hugo Mitsuo Sakamoto
Currículo Lattes
Prof.ª Dr.ª Lania Stefanoni Ferreira
Currículo Lattes
Prof. Dr. Marcelo Pires Lima
Currículo Lattes
Prof. Dr. Rafael Mahfoud Marcoccia
Currículo Lattes
Prof. Dr. Raúl Cesar Gouveia Fernandes
Currículo Lattes
Conheça os professores de Ciência da Computação:
Prof. Dr. Danilo Hernani Perico
Currículo Lattes
Prof. Dr. Charles Henrique"
DOC016_C2_0006,DOC016,Corpo Docente,Complementar,Média,https://portal.fei.edu.br/corpo-docente-da-fei,C2,800,150,6,800,"rnandes
Currículo Lattes
Conheça os professores de Ciência da Computação:
Prof. Dr. Danilo Hernani Perico
Currículo Lattes
Prof. Dr. Charles Henrique Porto Ferreira
Currículo Lattes
Prof.ª Dr.ª Gabriela Oliveira Biondi
Currículo Lattes
Prof.ª Dr.ª Gabriela Maria Cabel Barbaran
Currículo Lattes
Prof. Dr. Fagner de Assis Moura Pimentel
Currículo Lattes
Prof. Dr. Isaac Jesus da Silva
Currículo Lattes
Prof.ª Dr.ª Leila Cristina Carneiro Bergamasco
Currículo Lattes
Prof. Dr. Leonardo Anjoletto Ferreira
Currículo Lattes
Prof. Dr. Luciano Rossi
Currículo Lattes
Prof. Dr. Plinio Thomaz Aquino Júnior
Currículo Lattes
Prof. Dr. Fabio Suim Chagas
Currículo Lattes
Prof.ª Dr.ª Renata M. Nogueira de Oliveira
Currículo Lattes
Prof. Dr. Víctor Perrone de Lima Varela
Currículo Lattes
Conheça os professores"
DOC016_C2_0007,DOC016,Corpo Docente,Complementar,Média,https://portal.fei.edu.br/corpo-docente-da-fei,C2,800,150,7,800,"ulo Lattes
Prof.ª Dr.ª Renata M. Nogueira de Oliveira
Currículo Lattes
Prof. Dr. Víctor Perrone de Lima Varela
Currículo Lattes
Conheça os professores de Engenharia Civil:
Prof.ª Dr.ª Alda Paulina dos Santos
Currículo Lattes
Prof. Dr. Diego Lourenço Cartacho
Currículo Lattes
Prof. Me. Felipe Hernandes Cava
Currículo Lattes
Prof. Me. Fernando Cesar Dias Ribeiro
Currículo Lattes
Prof. Dr. Kurt André Pereira Amann
Currículo Lattes
Prof. Me. Marcello Cherem
Currículo Lattes
Prof. Me. Maurício Marques Resende
Currículo Lattes
Prof. Dr. Rafael Barreto Castelo da Cruz
Currículo Lattes
Prof. Me. Raul Fernando Ramos
Currículo Lattes
Prof. Dr. Thiago Canhos M. Silva
Currículo Lattes
Conheça os professores de Engenharia de Produção:
Prof.ª Dr.ª Anna Cristina Baptista Pereira
Currículo Lattes
Prof.ª D"
DOC016_C2_0008,DOC016,Corpo Docente,Complementar,Média,https://portal.fei.edu.br/corpo-docente-da-fei,C2,800,150,8,800,"anhos M. Silva
Currículo Lattes
Conheça os professores de Engenharia de Produção:
Prof.ª Dr.ª Anna Cristina Baptista Pereira
Currículo Lattes
Prof.ª Dr.ª Cláudia Aparecida de Mattos
Currículo Lattes
Prof.ª Dr.ª Debora Bianco
Currículo Lattes
Prof. Me. Eduardo Massao Watanabe
Currículo Lattes
Prof. Dr. Fábio Lima
Currículo Lattes
Prof.ª Dr.ª Fernanda Cristina Vianna
Currículo Lattes
Prof.ª Dr.ª Gabriela Scur Almudi
Currículo Lattes
Prof. Dr. Gilberto Francisco de Oliveira
Currículo Lattes
Prof. Dr. Henrricco Nieves Pujol Tucci
Currículo Lattes
Prof. Dr. José Agostinho Baitello
Currículo Lattes
Prof. Dr. Leonardo Chwif
Currículo Lattes
Prof. Dr. Marcel Heimar Ribeiro Utiyama
Currículo Lattes
Prof. Me. Marcelo Koiti Fugihara
Currículo Lattes
Prof.ª Dr.ª Maria Celia de Oliveira
Currículo Latte"
DOC016_C2_0009,DOC016,Corpo Docente,Complementar,Média,https://portal.fei.edu.br/corpo-docente-da-fei,C2,800,150,9,800,". Marcel Heimar Ribeiro Utiyama
Currículo Lattes
Prof. Me. Marcelo Koiti Fugihara
Currículo Lattes
Prof.ª Dr.ª Maria Celia de Oliveira
Currículo Lattes
Prof.ª Dr.ª Nathália de Castro Zambuzi
Currículo Lattes
Prof.ª Dr.ª Raissa Helena Paiva Apolinário
Currículo Lattes
Prof.ª Dr.ª Renata Pelissari
Currículo Lattes
Prof. Dr. Ricardo Janes
Currículo Lattes
Prof. Dr. Ronaldo Gomes Dultra de Lima
Currículo Lattes
Conheça os professores de Engenharia Elétrica:
Prof. Dr. Andre Luiz Perin
Currículo Lattes
Prof. Dr. Cleiton Fidelix Pereira
Currículo Lattes
Prof. Dr. Carlos Eduardo Thomaz
Currículo Lattes
Prof. Dr. Fábio Delatore
Currículo Lattes
Prof. Dr. Francisco Xavier Sevegnani
Currículo Lattes
Prof. Dr. Ivandro Sanches
Currículo Lattes
Prof. Me. Leonardo Romano
Currículo Lattes
Prof. Dr. Luiz A"
DOC016_C2_0010,DOC016,Corpo Docente,Complementar,Média,https://portal.fei.edu.br/corpo-docente-da-fei,C2,800,150,10,800,"Dr. Francisco Xavier Sevegnani
Currículo Lattes
Prof. Dr. Ivandro Sanches
Currículo Lattes
Prof. Me. Leonardo Romano
Currículo Lattes
Prof. Dr. Luiz Antonio Mortaio
Currículo Lattes
Prof. Dr. Marcelo Antonio Pavanello
Currículo Lattes
Prof. Dr. Marcio Antonio Mathias
Currículo Lattes
Prof.ª Dr.ª Maria Claudia Ferrari de Castro
Currículo Lattes
Prof. Dr. Marco Antônio Assis de Melo
Currículo Lattes
Prof.ª Dr.ª Michele Rodrigues
Currículo Lattes
Prof.ª Dr.ª Michelly de Souza
Currículo Lattes
Prof.ª Dr.ª Milene Galeti
Currículo Lattes
Prof. Dr. Pedro Luiz Benko
Currículo Lattes
Prof. Me. Ricardo Girnis Tombi
Currículo Lattes
Prof. PhD. Reinaldo Augusto da Costa Bianchi
Currículo Lattes
Prof. Dr. Renato Aparecido Aguiar
Currículo Lattes
Prof. Dr. Renato Camargo Giacomini
Currículo Lattes
Prof."
DOC016_C2_0011,DOC016,Corpo Docente,Complementar,Média,https://portal.fei.edu.br/corpo-docente-da-fei,C2,800,150,11,800,"Augusto da Costa Bianchi
Currículo Lattes
Prof. Dr. Renato Aparecido Aguiar
Currículo Lattes
Prof. Dr. Renato Camargo Giacomini
Currículo Lattes
Prof. Dr. Ricardo de Carvalho Destro
Currículo Lattes
Prof. Me. Ricardo Germano Stolf
Currículo Lattes
Prof. Dr. Rodrigo Trevisoli Doria
Currículo Lattes
Prof. Dr. Rudolf Theoderich Buhler
Currículo Lattes
Prof. Dr. Salvador Pinillos Gimenez
Currículo Lattes
Prof. Dr. Silvio Xavier Duarte
Currículo Lattes
Prof. Dr. Valter Fernandes Avelino
Currículo Lattes
Prof. Dr. Vanderlei Cunha Parro
Currículo Lattes
Prof. Dr. Victor Sonnenberg
Currículo Lattes
Prof. Me. Walter Pereira da Silva Jr
Currículo Lattes
Prof. Dr. Bruno Martin de Alcantara Dias
Currículo Lattes
Conheça os professores de Engenharia Mecânica:
Prof. Dr. Adalto de Farias
Currículo Lattes"
DOC016_C2_0012,DOC016,Corpo Docente,Complementar,Média,https://portal.fei.edu.br/corpo-docente-da-fei,C2,800,150,12,799,"s
Prof. Dr. Bruno Martin de Alcantara Dias
Currículo Lattes
Conheça os professores de Engenharia Mecânica:
Prof. Dr. Adalto de Farias
Currículo Lattes
Prof.ª Dr.ª Adriana Martinelli Catelli de Souza
Currículo Lattes
Prof. Dr. André de Souza Mendes
Currículo Lattes
Prof. Dr. Baltus Cornelius Bonse
Currículo Lattes
Prof. Dr. Carlos Rodrigues dos Santos Neto
Currículo Lattes
Prof. Me. Cleber Willian Gomes
Currículo Lattes
Prof. Dr. Cyro Albuquerque Neto
Currículo Lattes
Prof.ª Dr.ª Daniella Caluscio dos Santos
Currículo Lattes
Prof. Dr. Éd Claudio Bordinassi
Currículo Lattes
Prof. Dr. Edivaldo Antonio Bulba
Currículo Lattes
Prof. Dr. Edvaldo Angelo
Currículo Lattes
Prof. Dr. Fabrizio Leonardi
Currículo Lattes
Prof. Dr. Fernando Fusco Rovai
Currículo Lattes
Prof. Me. Francisco Lameiras Júnior"
DOC016_C2_0013,DOC016,Corpo Docente,Complementar,Média,https://portal.fei.edu.br/corpo-docente-da-fei,C2,800,150,13,800,"elo
Currículo Lattes
Prof. Dr. Fabrizio Leonardi
Currículo Lattes
Prof. Dr. Fernando Fusco Rovai
Currículo Lattes
Prof. Me. Francisco Lameiras Júnior
Currículo Lattes
Prof. Dr. Gabriel Angelo
Currículo Lattes
Prof. Me. Gerson de Faria Mello
Currículo Lattes
Prof.ª Dr.ª Gigliola Salerno
Currículo Lattes
Prof. Me. Jairo de Lima Souza
Currículo Lattes
Prof. Me. João Luis Abel
Currículo Lattes
Prof. Me. João José de Souza
Currículo Lattes
Prof. José Luiz de Oliveira
Currículo Lattes
Prof. Dr. Júlio César Dutra
Currículo Lattes
Prof. Me. Leandro Tadeu Roldão Perestrelo
Currículo Lattes
Prof. Dr. Marcelo Otávio dos Santos
Currículo Lattes
Prof. Dr. Marco Antonio Zanussi Barreto
Currículo Lattes
Prof. Dr. Mauricio Carvalho Silva
Currículo Lattes
Prof. Dr. Mohammad Hossein Shaterzadeh Yazdi
Curríc"
DOC016_C2_0014,DOC016,Corpo Docente,Complementar,Média,https://portal.fei.edu.br/corpo-docente-da-fei,C2,800,150,14,799,"Marco Antonio Zanussi Barreto
Currículo Lattes
Prof. Dr. Mauricio Carvalho Silva
Currículo Lattes
Prof. Dr. Mohammad Hossein Shaterzadeh Yazdi
Currículo Lattes
Prof. Dr. Rafael Serralvo Neto
Currículo Lattes
Prof. Dr. Reinaldo Rossetti
Currículo Lattes
Prof. Dr. Renato José Pinto
Currículo Lattes
Prof. Me. Rodrigo Bernardello Unzueta
Currículo Lattes
Prof. Dr. Rodrigo Magnabosco
Currículo Lattes
Prof. Dr. Sandro Luis Vatanabe
Currículo Lattes
Prof. Dr. Sergio Delijaicov
Currículo Lattes
Prof.ª Dr.ª Silvia Maria Stortini González Velázquez
Currículo Lattes
Prof. Silvio Sizuo Sumioshi
Currículo Lattes
Prof. Me. Taylor Mac Intyer Fonseca Júnior
Currículo Lattes
Prof. Dr. William Naville
Currículo Lattes
Prof. Dr. Wellington Cássio Pinheiro
Currículo Lattes
Prof. Dr. Artur Fernando de Vito Jú"
DOC016_C2_0015,DOC016,Corpo Docente,Complementar,Média,https://portal.fei.edu.br/corpo-docente-da-fei,C2,800,150,15,799,"Currículo Lattes
Prof. Dr. William Naville
Currículo Lattes
Prof. Dr. Wellington Cássio Pinheiro
Currículo Lattes
Prof. Dr. Artur Fernando de Vito Júnior
Currículo Lattes
Conheça os professores de Engenharia Química:
Prof.ª Dr.ª Adriana Célia Lucarini
Currículo Lattes
Prof.ª Dr.ª Andréia de Araujo Morandim Giannetti
Currículo Lattes
Prof.ª Dr.ª Bruna Pratto
Currículo Lattes
Prof. Dr. Bruno Ramos
Currículo Lattes
Prof. Dr. Daniel Benestante Hauk
Currículo Lattes
Prof.ª Dr.ª Fernanda Guerreiro Rossi Higa
Currículo Lattes
Prof. Dr. Gustavo Vieira Olivieri
Currículo Lattes
Prof. Me. Geraldo Luiz Pereira Fontana
Currículo Lattes
Prof. Dr. Gerhard Ett
Currículo Lattes
Prof.ª Dr.ª Isabella Pacifico Aquino
Currículo Lattes
Prof. Dr. Ivan Carlos Franco
Currículo Lattes
Prof. Dr. João Guilherme Roc"
DOC016_C2_0016,DOC016,Corpo Docente,Complementar,Média,https://portal.fei.edu.br/corpo-docente-da-fei,C2,800,150,16,799,"Ett
Currículo Lattes
Prof.ª Dr.ª Isabella Pacifico Aquino
Currículo Lattes
Prof. Dr. Ivan Carlos Franco
Currículo Lattes
Prof. Dr. João Guilherme Rocha Poço
Currículo Lattes
Prof. Dr. Luis Fernando Novazzi
Currículo Lattes
Prof. Dr. Luis Fernando Peffi Ferreira
Currículo Lattes
Prof. Dr. Luiz Gustavo Ambrogi
Currículo Lattes
Prof. Dr. Milton Caetano Ferreroni
Currículo Lattes
Prof. Dr. Ricardo Belchior Torres
Currículo Lattes
Prof. Dr. Rodrigo Cella
Currículo Lattes
Prof. Dr. Rodrigo Condotta
Currículo Lattes
Prof. PhD. Ronaldo Gonçalves dos Santos
Currículo Lattes
Conheça os professores de Física:
Prof. Dr. Cassio Leandro Dal Ri Barbosa
Currículo Lattes
Prof. Dr. Eduardo Acedo Barbosa
Currículo Lattes
Prof.ª Dr.ª Eliane de Fátima Chinaglia
Currículo Lattes
Prof. Dr. Fabio do Prado
Curríc"
DOC016_C2_0017,DOC016,Corpo Docente,Complementar,Média,https://portal.fei.edu.br/corpo-docente-da-fei,C2,800,150,17,800,"rículo Lattes
Prof. Dr. Eduardo Acedo Barbosa
Currículo Lattes
Prof.ª Dr.ª Eliane de Fátima Chinaglia
Currículo Lattes
Prof. Dr. Fabio do Prado
Currículo Lattes
Prof.ª Dr.ª Jessica Fleury Curado
Currículo Lattes
Prof.ª Dr.ª Marcilei Aparecida Guazzelli
Currículo Lattes
Prof.ª Dr.ª Mariana Pojar
Currículo Lattes
Prof.ª Dr.ª Sueli Hatsumi Masunaga
Currículo Lattes
Prof. Dr. Vagner Bernal Barbeta
Currículo Lattes
Prof. Dr. Wagner Sciani
Currículo Lattes
Conheça os professores de Matemática:
Prof. Dr. Adriano Nicola Rios
Currículo Lattes
Prof. Dr. Antonio Carlos Gracias
Currículo Lattes
Prof. Me. Antônio José Martins Neto
Currículo Lattes
Prof. Dr. Ariovaldo José de Almeida
Currículo Lattes
Prof. Dr. Claudio Dall Anese
Currículo Lattes
Prof. Dr. Daniel Rodrigues da Silva
Currículo Lattes
Prof."
DOC016_C2_0018,DOC016,Corpo Docente,Complementar,Média,https://portal.fei.edu.br/corpo-docente-da-fei,C2,800,150,18,621,"r. Ariovaldo José de Almeida
Currículo Lattes
Prof. Dr. Claudio Dall Anese
Currículo Lattes
Prof. Dr. Daniel Rodrigues da Silva
Currículo Lattes
Prof. Dr. Fábio Gerab
Currículo Lattes
Prof. Dr. Fernando Souza e Freitas Júnior
Currículo Lattes
Prof.ª Dr.ª Flainer Rosa de Lima
Currículo Lattes
Prof. Dr. Marcelo Dias Pereira
Currículo Lattes
Prof. Dr. Minás Djehizian
Currículo Lattes
Prof.ª Me. Miua Tanaka
Currículo Lattes
Prof.ª Dr.ª Mônica Karrer
Currículo Lattes
Prof. Dr. Paulo Henrique Trentin
Currículo Lattes
Prof. Dr. Samir Assuena
Currículo Lattes
Prof.ª Dr.ª Silmara Alexandra da Silva Vicente
Currículo Lattes"
DOC016_C3_0001,DOC016,Corpo Docente,Complementar,Média,https://portal.fei.edu.br/corpo-docente-da-fei,C3,1200,200,1,1200,"Corpo Docente da FEI: Conheça Nossos Professores
Corpo Docente
Administração
Ciência da Computação
Ciências Sociais e Jurídicas
Engenharia Civil
Engenharia de Produção
Engenharia Elétrica
Engenharia Mecânica
Engenharia Química
Física
Matemática
Corpo Docente
Com o compromisso de promover uma formação de qualidade e a cultura da inovação, o Centro Universitário FEI conta
com um corpo docente altamente qualificado, capacitado e atento as visões de futuro, que utilizam práticas
pedagógicas inovadoras com foco na capacitação de alunos para que se tornem solucionadores de problemas mal
estruturados de temas complexos das próximas décadas. Com uma abordagem criativa, articulada e integrada às
demandas da sociedade, de indústrias e de serviços de alta intensidade tecnológica os professores da FEI também
se diferenciam por se pautarem na ética e nos valores cristãos, premissas da orientação jesuíta da Instituição.
Conheça os professores de Administração:
Prof.ª Dr.ª Aline Mariane de Faria
Currículo Lattes
Prof.ª Dr.ª Aline Sacchi Homrich
Currículo Lattes
Prof. Dr. Aimãn Ibrahim Mourad
Currículo Lattes
Prof. Dr. André Silva de Carvalho
Currículo Lattes
Prof.ª Dr.ª Ana Valéria Barbosa da Sil"
DOC016_C3_0002,DOC016,Corpo Docente,Complementar,Média,https://portal.fei.edu.br/corpo-docente-da-fei,C3,1200,200,2,1200,"ículo Lattes
Prof.ª Dr.ª Aline Sacchi Homrich
Currículo Lattes
Prof. Dr. Aimãn Ibrahim Mourad
Currículo Lattes
Prof. Dr. André Silva de Carvalho
Currículo Lattes
Prof.ª Dr.ª Ana Valéria Barbosa da Silva
Currículo Lattes
Prof.ª Dr.ª Denise Luciana Rieg Scramim
Currículo Lattes
Prof. Dr. Edson Sadao Iizuka
Currículo Lattes
Prof.ª Dr.ª Elisangela Lazarou Tarraço
Currículo Lattes
Prof.ª Dr.ª Eryka E. Fernandes Augusto
Currículo Lattes
Prof. Dr. Fabio Alessandro Affonso Antonio
Currículo Lattes
Prof. Me. Fernando Palazolli
Currículo Lattes
Prof. Dr. Fernando Cesar B. de Amorim
Currículo Lattes
Prof. Dr. Jacques Demajorovic
Currículo Lattes
Prof.ª Dr.ª Jussara da Silva Teixeira Cucato
Currículo Lattes
Prof.ª Dr.ª Larissa Luz Raposo
Currículo Lattes
Prof.ª Dr.ª Luciana Iwashita da Silva
Currículo Lattes
Prof. Dr. Luiz Ojima Sakuda
Currículo Lattes
Prof. Me. Marcos Aurélio Martão
Currículo Lattes
Prof. Me. Marco A. Vallim Reis da Silva
Currículo Lattes
Prof.ª Dr.ª Maria Carolina Conejero
Currículo Lattes
Prof.ª Dr.ª Maria Laura Lennan
Currículo Lattes
Prof.ª Dr.ª Maria Tereza Saraiva de Souza
Currículo Lattes
Prof.ª Dr.ª Melby Karina Zuniga Huertas
Currículo Lattes
Prof. Dr. Pablo Turbuk G"
DOC016_C3_0003,DOC016,Corpo Docente,Complementar,Média,https://portal.fei.edu.br/corpo-docente-da-fei,C3,1200,200,3,1200,"culo Lattes
Prof.ª Dr.ª Maria Laura Lennan
Currículo Lattes
Prof.ª Dr.ª Maria Tereza Saraiva de Souza
Currículo Lattes
Prof.ª Dr.ª Melby Karina Zuniga Huertas
Currículo Lattes
Prof. Dr. Pablo Turbuk Garran
Currículo Lattes
Prof.ª Dr.ª Patricia Podboi Adachi
Currículo Lattes
Prof. Dr. Paulo Sodre Hollaender
Currículo Lattes
Prof. Dr. Pedro Jaime de Coelho Júnior
Currículo Lattes
Prof. Dr. Ricardo Antonio Fernandes
Currículo Lattes
Prof. Dr. Roberto Carlos Bernardes
Currículo Lattes
Prof. Dr. Rodrigo Silva Barreto
Currículo Lattes
Prof. Dr. Rogério Marcos Orefice
Currículo Lattes
Prof.ª Dr.ª Viviane Chunques Gervasoni
Currículo Lattes
Conheça os professores de Ciências Sociais e Jurídicas:
Prof.ª Dr.ª Andréa Gomes de Alencar
Currículo Lattes
Prof.ª Dr.ª Carla Andrea Soares de Araújo
Currículo Lattes
Prof. Dr. Diego Genu Klautau
Currículo Lattes
Prof. Dr. Eduardo de Campos Garcia
Currículo Lattes
Prof. Dr. Fabio Lacerda Martins da Silva
Currículo Lattes
Prof. Dr. Francisco Luciano Minharro
Currículo Lattes
Prof. Dr. Hugo Mitsuo Sakamoto
Currículo Lattes
Prof.ª Dr.ª Lania Stefanoni Ferreira
Currículo Lattes
Prof. Dr. Marcelo Pires Lima
Currículo Lattes
Prof. Dr. Rafael Mahfoud Marcocci"
DOC016_C3_0004,DOC016,Corpo Docente,Complementar,Média,https://portal.fei.edu.br/corpo-docente-da-fei,C3,1200,200,4,1200,"o
Currículo Lattes
Prof. Dr. Hugo Mitsuo Sakamoto
Currículo Lattes
Prof.ª Dr.ª Lania Stefanoni Ferreira
Currículo Lattes
Prof. Dr. Marcelo Pires Lima
Currículo Lattes
Prof. Dr. Rafael Mahfoud Marcoccia
Currículo Lattes
Prof. Dr. Raúl Cesar Gouveia Fernandes
Currículo Lattes
Conheça os professores de Ciência da Computação:
Prof. Dr. Danilo Hernani Perico
Currículo Lattes
Prof. Dr. Charles Henrique Porto Ferreira
Currículo Lattes
Prof.ª Dr.ª Gabriela Oliveira Biondi
Currículo Lattes
Prof.ª Dr.ª Gabriela Maria Cabel Barbaran
Currículo Lattes
Prof. Dr. Fagner de Assis Moura Pimentel
Currículo Lattes
Prof. Dr. Isaac Jesus da Silva
Currículo Lattes
Prof.ª Dr.ª Leila Cristina Carneiro Bergamasco
Currículo Lattes
Prof. Dr. Leonardo Anjoletto Ferreira
Currículo Lattes
Prof. Dr. Luciano Rossi
Currículo Lattes
Prof. Dr. Plinio Thomaz Aquino Júnior
Currículo Lattes
Prof. Dr. Fabio Suim Chagas
Currículo Lattes
Prof.ª Dr.ª Renata M. Nogueira de Oliveira
Currículo Lattes
Prof. Dr. Víctor Perrone de Lima Varela
Currículo Lattes
Conheça os professores de Engenharia Civil:
Prof.ª Dr.ª Alda Paulina dos Santos
Currículo Lattes
Prof. Dr. Diego Lourenço Cartacho
Currículo Lattes
Prof. Me. Felipe Hernand"
DOC016_C3_0005,DOC016,Corpo Docente,Complementar,Média,https://portal.fei.edu.br/corpo-docente-da-fei,C3,1200,200,5,1200,"ima Varela
Currículo Lattes
Conheça os professores de Engenharia Civil:
Prof.ª Dr.ª Alda Paulina dos Santos
Currículo Lattes
Prof. Dr. Diego Lourenço Cartacho
Currículo Lattes
Prof. Me. Felipe Hernandes Cava
Currículo Lattes
Prof. Me. Fernando Cesar Dias Ribeiro
Currículo Lattes
Prof. Dr. Kurt André Pereira Amann
Currículo Lattes
Prof. Me. Marcello Cherem
Currículo Lattes
Prof. Me. Maurício Marques Resende
Currículo Lattes
Prof. Dr. Rafael Barreto Castelo da Cruz
Currículo Lattes
Prof. Me. Raul Fernando Ramos
Currículo Lattes
Prof. Dr. Thiago Canhos M. Silva
Currículo Lattes
Conheça os professores de Engenharia de Produção:
Prof.ª Dr.ª Anna Cristina Baptista Pereira
Currículo Lattes
Prof.ª Dr.ª Cláudia Aparecida de Mattos
Currículo Lattes
Prof.ª Dr.ª Debora Bianco
Currículo Lattes
Prof. Me. Eduardo Massao Watanabe
Currículo Lattes
Prof. Dr. Fábio Lima
Currículo Lattes
Prof.ª Dr.ª Fernanda Cristina Vianna
Currículo Lattes
Prof.ª Dr.ª Gabriela Scur Almudi
Currículo Lattes
Prof. Dr. Gilberto Francisco de Oliveira
Currículo Lattes
Prof. Dr. Henrricco Nieves Pujol Tucci
Currículo Lattes
Prof. Dr. José Agostinho Baitello
Currículo Lattes
Prof. Dr. Leonardo Chwif
Currículo Lattes
Prof. Dr"
DOC016_C3_0006,DOC016,Corpo Docente,Complementar,Média,https://portal.fei.edu.br/corpo-docente-da-fei,C3,1200,200,6,1200,"rto Francisco de Oliveira
Currículo Lattes
Prof. Dr. Henrricco Nieves Pujol Tucci
Currículo Lattes
Prof. Dr. José Agostinho Baitello
Currículo Lattes
Prof. Dr. Leonardo Chwif
Currículo Lattes
Prof. Dr. Marcel Heimar Ribeiro Utiyama
Currículo Lattes
Prof. Me. Marcelo Koiti Fugihara
Currículo Lattes
Prof.ª Dr.ª Maria Celia de Oliveira
Currículo Lattes
Prof.ª Dr.ª Nathália de Castro Zambuzi
Currículo Lattes
Prof.ª Dr.ª Raissa Helena Paiva Apolinário
Currículo Lattes
Prof.ª Dr.ª Renata Pelissari
Currículo Lattes
Prof. Dr. Ricardo Janes
Currículo Lattes
Prof. Dr. Ronaldo Gomes Dultra de Lima
Currículo Lattes
Conheça os professores de Engenharia Elétrica:
Prof. Dr. Andre Luiz Perin
Currículo Lattes
Prof. Dr. Cleiton Fidelix Pereira
Currículo Lattes
Prof. Dr. Carlos Eduardo Thomaz
Currículo Lattes
Prof. Dr. Fábio Delatore
Currículo Lattes
Prof. Dr. Francisco Xavier Sevegnani
Currículo Lattes
Prof. Dr. Ivandro Sanches
Currículo Lattes
Prof. Me. Leonardo Romano
Currículo Lattes
Prof. Dr. Luiz Antonio Mortaio
Currículo Lattes
Prof. Dr. Marcelo Antonio Pavanello
Currículo Lattes
Prof. Dr. Marcio Antonio Mathias
Currículo Lattes
Prof.ª Dr.ª Maria Claudia Ferrari de Castro
Currículo Lattes
Prof"
DOC016_C3_0007,DOC016,Corpo Docente,Complementar,Média,https://portal.fei.edu.br/corpo-docente-da-fei,C3,1200,200,7,1200,"ntonio Mortaio
Currículo Lattes
Prof. Dr. Marcelo Antonio Pavanello
Currículo Lattes
Prof. Dr. Marcio Antonio Mathias
Currículo Lattes
Prof.ª Dr.ª Maria Claudia Ferrari de Castro
Currículo Lattes
Prof. Dr. Marco Antônio Assis de Melo
Currículo Lattes
Prof.ª Dr.ª Michele Rodrigues
Currículo Lattes
Prof.ª Dr.ª Michelly de Souza
Currículo Lattes
Prof.ª Dr.ª Milene Galeti
Currículo Lattes
Prof. Dr. Pedro Luiz Benko
Currículo Lattes
Prof. Me. Ricardo Girnis Tombi
Currículo Lattes
Prof. PhD. Reinaldo Augusto da Costa Bianchi
Currículo Lattes
Prof. Dr. Renato Aparecido Aguiar
Currículo Lattes
Prof. Dr. Renato Camargo Giacomini
Currículo Lattes
Prof. Dr. Ricardo de Carvalho Destro
Currículo Lattes
Prof. Me. Ricardo Germano Stolf
Currículo Lattes
Prof. Dr. Rodrigo Trevisoli Doria
Currículo Lattes
Prof. Dr. Rudolf Theoderich Buhler
Currículo Lattes
Prof. Dr. Salvador Pinillos Gimenez
Currículo Lattes
Prof. Dr. Silvio Xavier Duarte
Currículo Lattes
Prof. Dr. Valter Fernandes Avelino
Currículo Lattes
Prof. Dr. Vanderlei Cunha Parro
Currículo Lattes
Prof. Dr. Victor Sonnenberg
Currículo Lattes
Prof. Me. Walter Pereira da Silva Jr
Currículo Lattes
Prof. Dr. Bruno Martin de Alcantara Dias
Currícu"
DOC016_C3_0008,DOC016,Corpo Docente,Complementar,Média,https://portal.fei.edu.br/corpo-docente-da-fei,C3,1200,200,8,1200,"tes
Prof. Dr. Vanderlei Cunha Parro
Currículo Lattes
Prof. Dr. Victor Sonnenberg
Currículo Lattes
Prof. Me. Walter Pereira da Silva Jr
Currículo Lattes
Prof. Dr. Bruno Martin de Alcantara Dias
Currículo Lattes
Conheça os professores de Engenharia Mecânica:
Prof. Dr. Adalto de Farias
Currículo Lattes
Prof.ª Dr.ª Adriana Martinelli Catelli de Souza
Currículo Lattes
Prof. Dr. André de Souza Mendes
Currículo Lattes
Prof. Dr. Baltus Cornelius Bonse
Currículo Lattes
Prof. Dr. Carlos Rodrigues dos Santos Neto
Currículo Lattes
Prof. Me. Cleber Willian Gomes
Currículo Lattes
Prof. Dr. Cyro Albuquerque Neto
Currículo Lattes
Prof.ª Dr.ª Daniella Caluscio dos Santos
Currículo Lattes
Prof. Dr. Éd Claudio Bordinassi
Currículo Lattes
Prof. Dr. Edivaldo Antonio Bulba
Currículo Lattes
Prof. Dr. Edvaldo Angelo
Currículo Lattes
Prof. Dr. Fabrizio Leonardi
Currículo Lattes
Prof. Dr. Fernando Fusco Rovai
Currículo Lattes
Prof. Me. Francisco Lameiras Júnior
Currículo Lattes
Prof. Dr. Gabriel Angelo
Currículo Lattes
Prof. Me. Gerson de Faria Mello
Currículo Lattes
Prof.ª Dr.ª Gigliola Salerno
Currículo Lattes
Prof. Me. Jairo de Lima Souza
Currículo Lattes
Prof. Me. João Luis Abel
Currículo Lattes
Prof. M"
DOC016_C3_0009,DOC016,Corpo Docente,Complementar,Média,https://portal.fei.edu.br/corpo-docente-da-fei,C3,1200,200,9,1200,"o Lattes
Prof. Me. Gerson de Faria Mello
Currículo Lattes
Prof.ª Dr.ª Gigliola Salerno
Currículo Lattes
Prof. Me. Jairo de Lima Souza
Currículo Lattes
Prof. Me. João Luis Abel
Currículo Lattes
Prof. Me. João José de Souza
Currículo Lattes
Prof. José Luiz de Oliveira
Currículo Lattes
Prof. Dr. Júlio César Dutra
Currículo Lattes
Prof. Me. Leandro Tadeu Roldão Perestrelo
Currículo Lattes
Prof. Dr. Marcelo Otávio dos Santos
Currículo Lattes
Prof. Dr. Marco Antonio Zanussi Barreto
Currículo Lattes
Prof. Dr. Mauricio Carvalho Silva
Currículo Lattes
Prof. Dr. Mohammad Hossein Shaterzadeh Yazdi
Currículo Lattes
Prof. Dr. Rafael Serralvo Neto
Currículo Lattes
Prof. Dr. Reinaldo Rossetti
Currículo Lattes
Prof. Dr. Renato José Pinto
Currículo Lattes
Prof. Me. Rodrigo Bernardello Unzueta
Currículo Lattes
Prof. Dr. Rodrigo Magnabosco
Currículo Lattes
Prof. Dr. Sandro Luis Vatanabe
Currículo Lattes
Prof. Dr. Sergio Delijaicov
Currículo Lattes
Prof.ª Dr.ª Silvia Maria Stortini González Velázquez
Currículo Lattes
Prof. Silvio Sizuo Sumioshi
Currículo Lattes
Prof. Me. Taylor Mac Intyer Fonseca Júnior
Currículo Lattes
Prof. Dr. William Naville
Currículo Lattes
Prof. Dr. Wellington Cássio Pinheiro
Cu"
DOC016_C3_0010,DOC016,Corpo Docente,Complementar,Média,https://portal.fei.edu.br/corpo-docente-da-fei,C3,1200,200,10,1200,"ículo Lattes
Prof. Silvio Sizuo Sumioshi
Currículo Lattes
Prof. Me. Taylor Mac Intyer Fonseca Júnior
Currículo Lattes
Prof. Dr. William Naville
Currículo Lattes
Prof. Dr. Wellington Cássio Pinheiro
Currículo Lattes
Prof. Dr. Artur Fernando de Vito Júnior
Currículo Lattes
Conheça os professores de Engenharia Química:
Prof.ª Dr.ª Adriana Célia Lucarini
Currículo Lattes
Prof.ª Dr.ª Andréia de Araujo Morandim Giannetti
Currículo Lattes
Prof.ª Dr.ª Bruna Pratto
Currículo Lattes
Prof. Dr. Bruno Ramos
Currículo Lattes
Prof. Dr. Daniel Benestante Hauk
Currículo Lattes
Prof.ª Dr.ª Fernanda Guerreiro Rossi Higa
Currículo Lattes
Prof. Dr. Gustavo Vieira Olivieri
Currículo Lattes
Prof. Me. Geraldo Luiz Pereira Fontana
Currículo Lattes
Prof. Dr. Gerhard Ett
Currículo Lattes
Prof.ª Dr.ª Isabella Pacifico Aquino
Currículo Lattes
Prof. Dr. Ivan Carlos Franco
Currículo Lattes
Prof. Dr. João Guilherme Rocha Poço
Currículo Lattes
Prof. Dr. Luis Fernando Novazzi
Currículo Lattes
Prof. Dr. Luis Fernando Peffi Ferreira
Currículo Lattes
Prof. Dr. Luiz Gustavo Ambrogi
Currículo Lattes
Prof. Dr. Milton Caetano Ferreroni
Currículo Lattes
Prof. Dr. Ricardo Belchior Torres
Currículo Lattes
Prof. Dr. Rodrigo C"
DOC016_C3_0011,DOC016,Corpo Docente,Complementar,Média,https://portal.fei.edu.br/corpo-docente-da-fei,C3,1200,200,11,1200,"ffi Ferreira
Currículo Lattes
Prof. Dr. Luiz Gustavo Ambrogi
Currículo Lattes
Prof. Dr. Milton Caetano Ferreroni
Currículo Lattes
Prof. Dr. Ricardo Belchior Torres
Currículo Lattes
Prof. Dr. Rodrigo Cella
Currículo Lattes
Prof. Dr. Rodrigo Condotta
Currículo Lattes
Prof. PhD. Ronaldo Gonçalves dos Santos
Currículo Lattes
Conheça os professores de Física:
Prof. Dr. Cassio Leandro Dal Ri Barbosa
Currículo Lattes
Prof. Dr. Eduardo Acedo Barbosa
Currículo Lattes
Prof.ª Dr.ª Eliane de Fátima Chinaglia
Currículo Lattes
Prof. Dr. Fabio do Prado
Currículo Lattes
Prof.ª Dr.ª Jessica Fleury Curado
Currículo Lattes
Prof.ª Dr.ª Marcilei Aparecida Guazzelli
Currículo Lattes
Prof.ª Dr.ª Mariana Pojar
Currículo Lattes
Prof.ª Dr.ª Sueli Hatsumi Masunaga
Currículo Lattes
Prof. Dr. Vagner Bernal Barbeta
Currículo Lattes
Prof. Dr. Wagner Sciani
Currículo Lattes
Conheça os professores de Matemática:
Prof. Dr. Adriano Nicola Rios
Currículo Lattes
Prof. Dr. Antonio Carlos Gracias
Currículo Lattes
Prof. Me. Antônio José Martins Neto
Currículo Lattes
Prof. Dr. Ariovaldo José de Almeida
Currículo Lattes
Prof. Dr. Claudio Dall Anese
Currículo Lattes
Prof. Dr. Daniel Rodrigues da Silva
Currículo Lattes
Prof."
DOC016_C3_0012,DOC016,Corpo Docente,Complementar,Média,https://portal.fei.edu.br/corpo-docente-da-fei,C3,1200,200,12,671,"Antônio José Martins Neto
Currículo Lattes
Prof. Dr. Ariovaldo José de Almeida
Currículo Lattes
Prof. Dr. Claudio Dall Anese
Currículo Lattes
Prof. Dr. Daniel Rodrigues da Silva
Currículo Lattes
Prof. Dr. Fábio Gerab
Currículo Lattes
Prof. Dr. Fernando Souza e Freitas Júnior
Currículo Lattes
Prof.ª Dr.ª Flainer Rosa de Lima
Currículo Lattes
Prof. Dr. Marcelo Dias Pereira
Currículo Lattes
Prof. Dr. Minás Djehizian
Currículo Lattes
Prof.ª Me. Miua Tanaka
Currículo Lattes
Prof.ª Dr.ª Mônica Karrer
Currículo Lattes
Prof. Dr. Paulo Henrique Trentin
Currículo Lattes
Prof. Dr. Samir Assuena
Currículo Lattes
Prof.ª Dr.ª Silmara Alexandra da Silva Vicente
Currículo Lattes"
DOC017_C1_0001,DOC017,Campus São Bernardo,Complementar,Média,https://portal.fei.edu.br/campus-sao-bernardo-do-campo,C1,500,100,1,500,"Campus - São Bernardo FEI
Campus
São Bernardo do Campo
Av. Humberto de Alencar Castelo Branco, 3972-B
Assunção – São Bernardo do Campo – SP
(11) 4353-2900
Agende sua visita
O campus São Bernardo do Campo
Em uma área de 243.000 m2 o Centro Universitário FEI possui fácil acesso, pelas Rodovias Anchieta e Imigrantes. Seu campus possui 18 prédios, onde estão instalados laboratórios, centros especializados, salas de aula com equipamento multimídia, salas de estudo, biblioteca, livraria, papelaria, ca"
DOC017_C1_0002,DOC017,Campus São Bernardo,Complementar,Média,https://portal.fei.edu.br/campus-sao-bernardo-do-campo,C1,500,100,2,500,"ados, salas de aula com equipamento multimídia, salas de estudo, biblioteca, livraria, papelaria, capela, praça de alimentação, restaurante, conjunto poliesportivo com ginásio de esportes, quadras, campo de futebol, campo de futebol society, pista de atletismo, academia, piscina, além de uma ampla área de estacionamento para alunos, professores e colaboradores.
O campus da FEI se destaca por sua amplitude e exuberante área verde, suas árvores, bosque, jardins, gramados e até mesmo uma mina de ág"
DOC017_C1_0003,DOC017,Campus São Bernardo,Complementar,Média,https://portal.fei.edu.br/campus-sao-bernardo-do-campo,C1,500,100,3,500,"mplitude e exuberante área verde, suas árvores, bosque, jardins, gramados e até mesmo uma mina de água potável harmonizam-se com as construções modernas e tradicionais, proporcionando aos estudantes, professores e funcionários um ambiente perfeito para o desenvolvimento de suas atividades.
Conheça os prédios
Prédio A - “Lauro Gomes”: Principais setores administrativos da FEI
– Reitoria, Superintendência
Geral e Administrativa, Setor de Apoio a Eventos e Transporte, Secretaria Geral, Setor de Aud"
DOC017_C1_0004,DOC017,Campus São Bernardo,Complementar,Média,https://portal.fei.edu.br/campus-sao-bernardo-do-campo,C1,500,100,4,500,"dência
Geral e Administrativa, Setor de Apoio a Eventos e Transporte, Secretaria Geral, Setor de Audiovisual,
Setor de Comunicação e Marketing, Setor de Pessoal, Setor de Recursos Humanos, Biblioteca e Salas de
Estudos.
Prédio B
– Coordenadoria Departamental, Salas de Estudos, Posto Bancário, Tesouraria, Setor de
Estágios e Empregos, Associação Atlética Acadêmica, Centros de Estudos de Alunos, DCE (Diretório Central
dos Estudantes), Pastoral e Assistente Religioso e Salas de Aulas.
Prédio C
– Pr"
DOC017_C1_0005,DOC017,Campus São Bernardo,Complementar,Média,https://portal.fei.edu.br/campus-sao-bernardo-do-campo,C1,500,100,5,499,"(Diretório Central
dos Estudantes), Pastoral e Assistente Religioso e Salas de Aulas.
Prédio C
– Praça de Alimentação, Restaurantes, Livraria, Copiadora, Associação dos Funcionários,
Ambulatório Médico, Diretório Acadêmico do Curso de Engenharia e do Curso de Ciência da Computação.
Prédio D
– Centro de Laboratórios Elétricos, Laboratórios de Física, Laboratórios de Robótica e de
Automação e Controle, Salas de Aulas, Programa de Bolsas de Estudos, Coordenadoria de Relações
Internacionais, Secret"
DOC017_C1_0006,DOC017,Campus São Bernardo,Complementar,Média,https://portal.fei.edu.br/campus-sao-bernardo-do-campo,C1,500,100,6,499,"ole, Salas de Aulas, Programa de Bolsas de Estudos, Coordenadoria de Relações
Internacionais, Secretaria de Iniciação Científica, CPA - Comissão Própria de Avaliação, Inspetoria e
Segurança do Trabalho.
Prédio E – “Salvador Arena”:
– Abriga o Centro de Laboratórios Mecânicos (CLM) que atende as áreas
de Mecânica, Materiais e Têxtil, o Centro de Pesquisas Têxteis (CPT/IPEI) e o Laboratório de Ensaios
Mecânicos (CPM/IPEI).
Prédio F – “Santino Chiareto”:
– Laboratório de Engenharia Civil, Setor de"
DOC017_C1_0007,DOC017,Campus São Bernardo,Complementar,Média,https://portal.fei.edu.br/campus-sao-bernardo-do-campo,C1,500,100,7,499,"os
Mecânicos (CPM/IPEI).
Prédio F – “Santino Chiareto”:
– Laboratório de Engenharia Civil, Setor de Manutenção, Seção de
Custos e Patrimônio, Setor de Compras, Suprimentos e Almoxarifado.
Prédio G – “Prof. Dino Bigalli”:
Centro de Laboratórios Químicos (CLQ) que atende as áreas de
Materiais, Química e Têxtil.
Prédio H – “Selmi Dei”:
Instituto de Pesquisas - IPEI, Laboratórios do Instituto de Pesquisas,
Empresa Júnior FEI, Lanchonete e Copiadora.
Prédio I – “Lavínia Rudge Ramos”:
Salas de Aulas,"
DOC017_C1_0008,DOC017,Campus São Bernardo,Complementar,Média,https://portal.fei.edu.br/campus-sao-bernardo-do-campo,C1,500,100,8,500,"isas,
Empresa Júnior FEI, Lanchonete e Copiadora.
Prédio I – “Lavínia Rudge Ramos”:
Salas de Aulas, Auditório,
Laboratórios de Mecânica dos Fluidos e Diretório Acadêmico do Curso de Administração.
Prédio J – “Sabóia de Medeiros”:
Salas de Aulas e Auditório.
Prédio K
– Salas de Aulas, Laboratórios de Informática, Laboratórios de Robótica e Inteligência
Artificial, Laboratórios de Automação e Controle, Laboratório de Manufatura Digital, Coordenadoria Geral
de Informática (CGI), Laboratório de Tecn"
DOC017_C1_0009,DOC017,Campus São Bernardo,Complementar,Média,https://portal.fei.edu.br/campus-sao-bernardo-do-campo,C1,500,100,9,500,"le, Laboratório de Manufatura Digital, Coordenadoria Geral
de Informática (CGI), Laboratório de Tecnologia da Informação, Secretaria da Pós-graduação Stricto Sensu
e Chefias do Mestrado e Doutorado.
Prédio N
– Piscina semiolímpica coberta e aquecida, arquibancada para 800 pessoas, vestiários
feminino e masculino, salas de musculação e artes marciais, áreas de lazer, sala multiuso para alunos.
Prédio O
– Portaria Externa
Prédio P
– Torre Caixa d’água
Prédio R
– Capela Santo Inácio de Loyola.
Préd"
DOC017_C1_0010,DOC017,Campus São Bernardo,Complementar,Média,https://portal.fei.edu.br/campus-sao-bernardo-do-campo,C1,500,100,10,500,"io O
– Portaria Externa
Prédio P
– Torre Caixa d’água
Prédio R
– Capela Santo Inácio de Loyola.
Prédio S
– Ginásio de Esportes com arquibancada para 2.500 pessoas, quadra para diversas modalidades
esportivas e equipamentos de recreação e lazer, sanitários e vestiários feminino e masculino, Sala Adminsitrativa do CVDRL.
Prédio T
– IECAT – Instituto de Especialização em Ciências Administrativas e Tecnológicas
(Pós-graduação Latu Sensu). Estrutura com 20 salas de aula, sendo três delas (estilo Harv"
DOC017_C1_0011,DOC017,Campus São Bernardo,Complementar,Média,https://portal.fei.edu.br/campus-sao-bernardo-do-campo,C1,500,100,11,499,"cnológicas
(Pós-graduação Latu Sensu). Estrutura com 20 salas de aula, sendo três delas (estilo Harvard), 1
auditório com 72 lugares, Inspetoria, plataforma elevatória para Portadores de Necessidades Especiais.
Prédio U
– Constituído por duas quadras poliesportivas e tênis, campo de futebol, campo de
futebol society, atletismo: pista área de prova de campo, lançamento de dardo, vestiários feminino e masculino, sala de apoio, depósito de materiais
esportivos, torre d’água, arquibancada para 1300"
DOC017_C1_0012,DOC017,Campus São Bernardo,Complementar,Média,https://portal.fei.edu.br/campus-sao-bernardo-do-campo,C1,500,100,12,499,"e masculino, sala de apoio, depósito de materiais
esportivos, torre d’água, arquibancada para 1300 pessoas.
Infraestrutura
Para proporcionar ao estudante uma formação abrangente, direcionada à tecnologia, às áreas de gestão e à valorização humana, o Centro Universitário FEI disponibiliza em seus campi, excelente infraestrutura como biblioteca informatizada, laboratórios com equipamentos de alta tecnologia, laboratórios de informática equipados com softwares de última geração, área esportiva e d"
DOC017_C1_0013,DOC017,Campus São Bernardo,Complementar,Média,https://portal.fei.edu.br/campus-sao-bernardo-do-campo,C1,500,100,13,499,"ecnologia, laboratórios de informática equipados com softwares de última geração, área esportiva e de lazer, e muito mais para que o aluno desenvolva seu conhecimento em um ambiente dinâmico e apropriado para o fortalecimento das atividades acadêmicas e culturais.
Confira um pouco da nossa Infraestrutura
Laboratórios de Engenharia
A estrutura dos laboratórios de Engenharia da FEI está dividida em três grandes e modernos centros – Centro de Laboratórios Elétricos (com 40 laboratórios), Centro de"
DOC017_C1_0014,DOC017,Campus São Bernardo,Complementar,Média,https://portal.fei.edu.br/campus-sao-bernardo-do-campo,C1,500,100,14,500,"três grandes e modernos centros – Centro de Laboratórios Elétricos (com 40 laboratórios), Centro de Laboratórios Mecânicos (com 40 laboratórios) e Centro de Laboratórios Químicos (com 18 laboratórios). Cada um deles oferece aos estudantes a oportunidade de contato com materiais específicos em todos os cursos de graduação. Todos os laboratórios da FEI são equipados com equipamentos de alta tecnologia que são utilizados nas empresas e indústrias do Brasil e de todo o mundo, proporcionando ao estud"
DOC017_C1_0015,DOC017,Campus São Bernardo,Complementar,Média,https://portal.fei.edu.br/campus-sao-bernardo-do-campo,C1,500,100,15,500,"ia que são utilizados nas empresas e indústrias do Brasil e de todo o mundo, proporcionando ao estudante a possibilidade de aprender com equipamentos de última geração e voltados para a realidade do mercado. Isso sem contar as parcerias com multinacionais que, por conhecerem a excelência da Instituição transferem parte da tecnologia utilizada em suas indústrias para os laboratórios da FEI, como por exemplo, o Centro de Inovação Telefônica Vivo, o Laboratório de Excelência em Eletrônica de Potênc"
DOC017_C1_0016,DOC017,Campus São Bernardo,Complementar,Média,https://portal.fei.edu.br/campus-sao-bernardo-do-campo,C1,500,100,16,500,"r exemplo, o Centro de Inovação Telefônica Vivo, o Laboratório de Excelência em Eletrônica de Potência da SMS Tecnologia Eletrônica, o Laboratório PACE - da General Motors e o Laboratório de Manufatura Digital - um dos únicos em universidades, premiado e reconhecido internacionalmente por sua qualidade e potencial de desenvolvimento de pesquisas na área de Indústria 4.0, fruto de uma parceria com a Siemens e SPI Integradora.
Laboratórios de Ciência da Computação
Para dar suporte aos alunos do cu"
DOC017_C1_0017,DOC017,Campus São Bernardo,Complementar,Média,https://portal.fei.edu.br/campus-sao-bernardo-do-campo,C1,500,100,17,500,"a Siemens e SPI Integradora.
Laboratórios de Ciência da Computação
Para dar suporte aos alunos do curso, o Centro Universitário FEI dispõe de mais de 30 laboratórios atualizados com mais de 1000 computadores interligados em redes heterogêneas, criados com finalidades educacionais, técnicas e científicas, e que possui ampla variedade de softwares e aplicativos, sempre em versões atualizadas. São Laboratório de Redes de Computadores e Sistemas Distribuídos, Laboratório de Hipermídia, Laboratório d"
DOC017_C1_0018,DOC017,Campus São Bernardo,Complementar,Média,https://portal.fei.edu.br/campus-sao-bernardo-do-campo,C1,500,100,18,499,"boratório de Redes de Computadores e Sistemas Distribuídos, Laboratório de Hipermídia, Laboratório de Sistemas Operacionais, Laboratório de Usabilidade e Laboratório de Robótica e Inteligência Artificial – todos com equipamentos de última geração para o desenvolvimento de pesquisas avançadas e o aprimoramento da ciência e da tecnologia em suas áreas.
Centros de Informática
A Coordenadoria Geral de Informática (CGI), é composta por 32 laboratórios (29 em São Bernardo do Campo e 3 laboratórios em"
DOC017_C1_0019,DOC017,Campus São Bernardo,Complementar,Média,https://portal.fei.edu.br/campus-sao-bernardo-do-campo,C1,500,100,19,499,"Informática (CGI), é composta por 32 laboratórios (29 em São Bernardo do Campo e 3 laboratórios em São Paulo) totalizando 1011 computadores, nos quais os usuários podem realizar acesso direto à internet e a rede acadêmica. Estes laboratórios são servidos por uma ampla lista de programas, tais como: PROMODEL, , MATLAB, , Witness, Pacote Tecnomatix da Siemens, pacote Teamnceter da Siemens, SAP, MATHCAD, MICROWIND, QUARTUS II, ATLAS, ADOBE ACROBAT, , DEV C++, LINUX, GRAPHICS, AutoCAD, Plataforma M"
DOC017_C1_0020,DOC017,Campus São Bernardo,Complementar,Média,https://portal.fei.edu.br/campus-sao-bernardo-do-campo,C1,500,100,20,499,"HCAD, MICROWIND, QUARTUS II, ATLAS, ADOBE ACROBAT, , DEV C++, LINUX, GRAPHICS, AutoCAD, Plataforma MSC, Plataforma Ansys, MiniTab, Forecast pro, Supply Chain Guru, e além dos já descritos, para a edição de trabalhos, estão disponíveis em todos os computadores os tradicionais recursos de edição, como o Pacote Office 2016.
Todos os equipamentos operam com o sistema operacional Windows 10, além de suportarem outros ambientes operacionais que estão disponíveis para uso, como Linux Ubuntu e máquinas"
DOC017_C1_0021,DOC017,Campus São Bernardo,Complementar,Média,https://portal.fei.edu.br/campus-sao-bernardo-do-campo,C1,500,100,21,499,"portarem outros ambientes operacionais que estão disponíveis para uso, como Linux Ubuntu e máquinas virtuais.
Os computadores do Centro Universitário FEI estão interligados formando uma rede tipo intranet, denominada FEInet. Sua administração é responsabilidade da Coordenadoria Geral de Informática (CGI), que a constituiu como rede própria e específica, diferenciando-a das demais redes em funcionamento nos Campi.
Centro de Vivência Desportiva, Recreação e Lazer – CVDRL
No campus de São Bernardo"
DOC017_C1_0022,DOC017,Campus São Bernardo,Complementar,Média,https://portal.fei.edu.br/campus-sao-bernardo-do-campo,C1,500,100,22,500,"mento nos Campi.
Centro de Vivência Desportiva, Recreação e Lazer – CVDRL
No campus de São Bernardo do Campo, o Centro Universitário FEI disponibiliza aos seus alunos, ex-alunos e colaboradores um magnífico Centro de Vivência Desportiva, Recreação e Lazer (CVDRL), responsável por organizar torneios, atividades aquáticas, atividade de condicionamento físico na academia e projetos para promover a qualidade de vida.
Para isso, o CVDRL dispõem de Ginásio, quadras de voley, tênis, futsal, campo de fu"
DOC017_C1_0023,DOC017,Campus São Bernardo,Complementar,Média,https://portal.fei.edu.br/campus-sao-bernardo-do-campo,C1,500,100,23,500,"alidade de vida.
Para isso, o CVDRL dispõem de Ginásio, quadras de voley, tênis, futsal, campo de futebol com grama natural, piscina aquecida, pista de atletismo,Materiais para treino e recreação como bolas, tênis de mesa, pebolim. A FEI ainda disponibiliza uma academia de musculação e condicionamento físico equipada com aparelhos modernos.
Auditórios
O Centro Universitário FEI possui no campus de São Bernardo do Campo 4 auditórios com capacidades que variam de 40 até 300 pessoas, todos são equi"
DOC017_C1_0024,DOC017,Campus São Bernardo,Complementar,Média,https://portal.fei.edu.br/campus-sao-bernardo-do-campo,C1,500,100,24,499,"São Bernardo do Campo 4 auditórios com capacidades que variam de 40 até 300 pessoas, todos são equipados com sistema audiovisual completo, onde são realizadas palestras, apresentações, workshops, cursos, saraus, teatros, etc.
Biblioteca ""Pe. Aldemar Moreira, S.J.""
O acervo da Biblioteca “Pe. Aldemar Moreira, S.J.” (campus São Bernardo do Campo e campus São Paulo) abrange mais de 85 mil livros especializados, uma expressiva quantidade de revistas, periódicos, multimeios e bases de dados com ampl"
DOC017_C1_0025,DOC017,Campus São Bernardo,Complementar,Média,https://portal.fei.edu.br/campus-sao-bernardo-do-campo,C1,500,100,25,500,"ecializados, uma expressiva quantidade de revistas, periódicos, multimeios e bases de dados com ampla variedade de temas que vão de encontro às necessidades acadêmicas, além de uma completa estrutura para que alunos e funcionários explorem o universo do conhecimento em um ambiente agradável e informatizado.
A Biblioteca oferece à comunidade serviços como empréstimo, reserva e renovação de livros, COMUT, minicursos e orientação para normalização de trabalhos acadêmicos, além de disponibilizar o G"
DOC017_C1_0026,DOC017,Campus São Bernardo,Complementar,Média,https://portal.fei.edu.br/campus-sao-bernardo-do-campo,C1,500,100,26,500,"COMUT, minicursos e orientação para normalização de trabalhos acadêmicos, além de disponibilizar o Guia para Elaboração de Trabalhos Acadêmicos.
Capela ""Santo Inácio de Loyola""
Inaugurada em 1978, a capela ocupa lugar de destaque no campus São Bernardo do Campo. De linhas sóbrias e acolhedoras, além de local de oração, é um símbolo dos ideais e valores da Instituição. São realizadas missas semanalmente, às terças e sextas-feiras para alunos, professores e colaboradores, a aos domingos para a com"
DOC017_C1_0027,DOC017,Campus São Bernardo,Complementar,Média,https://portal.fei.edu.br/campus-sao-bernardo-do-campo,C1,500,100,27,500,"mente, às terças e sextas-feiras para alunos, professores e colaboradores, a aos domingos para a comunidade em geral.
Estacionamento
A FEI coloca à disposição dos alunos, professores e funcionários no campus de São Bernardo do Campo mais de 2 mil vagas de estacionamento espalhado por todo o campus e totalmente gratuito.
Infra de Serviços
Para mais comodidade, a FEI coloca à disposição no campus de São Bernardo do Campo uma série de serviços, como livraria e papelaria, duas praças de alimentação,"
DOC017_C1_0028,DOC017,Campus São Bernardo,Complementar,Média,https://portal.fei.edu.br/campus-sao-bernardo-do-campo,C1,500,100,28,499,"São Bernardo do Campo uma série de serviços, como livraria e papelaria, duas praças de alimentação, posto bancário, copiadora, ambulatório médico, entre outros.
Venha tomar um café com a gente no dia do Vestibular!
Para você que irá acompanhar o vestibulando no dia da prova (07 de dezembro, sábado), preparamos uma programação especial.
Clique aqui e confira a programação →
Como chegar
O campus da FEI em São Bernardo do Campo está localizado na Av. Humberto de Alencar Castelo Branco, 3.972 -
São"
DOC017_C1_0029,DOC017,Campus São Bernardo,Complementar,Média,https://portal.fei.edu.br/campus-sao-bernardo-do-campo,C1,500,100,29,499,"FEI em São Bernardo do Campo está localizado na Av. Humberto de Alencar Castelo Branco, 3.972 -
São Bernardo do Campo - SP
Como faço para chegar ao
campus
SBC, usando condução própria?
Como faço para chegar ao
campus
SBC através de transporte coletivo?
São Paulo
Terminal Sacomã - Embarque no ônibus da Viação Riacho Grande, Linhas 004 (Parque Alvarenga) ou 431
(Jardim Las Palmas). Desembarque na porta do Centro Universitário FEI.
Estação Jabaquara do Metrô - Embarque no trólebus até o terminal P"
DOC017_C1_0030,DOC017,Campus São Bernardo,Complementar,Média,https://portal.fei.edu.br/campus-sao-bernardo-do-campo,C1,500,100,30,500,"orta do Centro Universitário FEI.
Estação Jabaquara do Metrô - Embarque no trólebus até o terminal Piraporinha. No terminal, do lado de fora,
embarque no ônibus da Viação ABC linha 195 (Ferrazópolis). Desembarque na porta do Centro Universitário FEI.
Santo André
Terminal Paço Municipal de São Bernardo do Campo - Embarque no ônibus Viação Expresso SBC, linha 255
(Piraporinha). Desembarque na porta do Centro Universitário FEI
Terminal Piraporinha - Do lado de fora do terminal, embarque no ônibus d"
DOC017_C1_0031,DOC017,Campus São Bernardo,Complementar,Média,https://portal.fei.edu.br/campus-sao-bernardo-do-campo,C1,500,100,31,499,"do Centro Universitário FEI
Terminal Piraporinha - Do lado de fora do terminal, embarque no ônibus da Viação ABC, linha 195 (Ferrazópolis).
Desembarque na porta do Centro Universitário FEI.
Terminal Ferrazópolis - Dentro do terminal, embarque no ônibus da Viação ABC, linha 195 (Piraporinha).
Desembarque na porta do Centro Universitário FEI.
São Caetano do Sul
Terminal Rodoviário - embarque no ônibus da Viação Trans Bus, linha 147 (Jardim Laura). Desembarque na porta
do Centro Universitário FEI."
DOC017_C1_0032,DOC017,Campus São Bernardo,Complementar,Média,https://portal.fei.edu.br/campus-sao-bernardo-do-campo,C1,500,100,32,500,"us da Viação Trans Bus, linha 147 (Jardim Laura). Desembarque na porta
do Centro Universitário FEI.
Osasco
A partir da Praça Antonio Menck, embarque no ônibus da Viação Urubupungá (Osasco-São Bernardo), desembarque no
Terminal Piraporinha e embarque no ônibus da Viação Expresso SBC, linha 255 (Piraporinha), ou do lado de fora
do terminal (no primeiro ponto da Av. Humberto de Alencar Castelo Branco, Linha 195 (Terminal Ferrazópolis).
Desembarque na porta do Centro Universitário FEI.
Guarulhos
Emb"
DOC017_C1_0033,DOC017,Campus São Bernardo,Complementar,Média,https://portal.fei.edu.br/campus-sao-bernardo-do-campo,C1,500,100,33,500,", Linha 195 (Terminal Ferrazópolis).
Desembarque na porta do Centro Universitário FEI.
Guarulhos
Embarque na linha 271, até o Center Norte. A partir do Center Norte embarque no ônibus da Viação
Transguarulhense, linha 218 (Via Anchieta), desça no terminal do Paço Municipal de São Bernardo do Campo e
embarque no ônibus da Viação Expresso SBC, linha 255 (Piraporinha), ou desça no Terminal Ferrazópolis e,
dentro do terminal, pegue o ônibus Viação ABC linha 195 (Piraporinha). Desembarque na porta do"
DOC017_C1_0034,DOC017,Campus São Bernardo,Complementar,Média,https://portal.fei.edu.br/campus-sao-bernardo-do-campo,C1,500,100,34,500,"is e,
dentro do terminal, pegue o ônibus Viação ABC linha 195 (Piraporinha). Desembarque na porta do Centro
Universitário FEI.
Baixada Santista
Praia Grande
Terminal Vila Mirim - Embarque no ônibus Expresso Brasileiro, desembarque no Terminal Rodoviário João Ítalo
Setti. Ao lado do Terminal Rodoviário, no Terminal Metropolitano de SBC, embarque no ônibus Viação Expresso
SBC, linha 255 (Piraporinha). Desembarque na porta do Centro Universitário FEI.
Terminal Cidade Ocian - Embarque no ônibus da B"
DOC017_C1_0035,DOC017,Campus São Bernardo,Complementar,Média,https://portal.fei.edu.br/campus-sao-bernardo-do-campo,C1,500,100,35,500,"). Desembarque na porta do Centro Universitário FEI.
Terminal Cidade Ocian - Embarque no ônibus da Breda Transportes e Serviços, desembarque no Terminal
Rodoviário João Ítalo Setti. Ao lado do Terminal Rodoviário, no Terminal Metropolitano de SBC, embarque no
ônibus Viação Expresso SBC, linha 255 (Piraporinha). Desembarque na porta do Centro Universitário FEI.
Santos
Na rodoviária, embarque no ônibus da Viação Expresso Brasileiro, desembarque no Terminal Rodoviário João Ítalo
Setti. Ao lado do T"
DOC017_C1_0036,DOC017,Campus São Bernardo,Complementar,Média,https://portal.fei.edu.br/campus-sao-bernardo-do-campo,C1,500,100,36,271,"bus da Viação Expresso Brasileiro, desembarque no Terminal Rodoviário João Ítalo
Setti. Ao lado do Terminal Rodoviário, no Terminal Metropolitano de SBC, embarque no ônibus da Viação Expresso
SBC, linha 255 (Piraporinha). Desembarque na porta do Centro Universitário FEI."
DOC017_C2_0001,DOC017,Campus São Bernardo,Complementar,Média,https://portal.fei.edu.br/campus-sao-bernardo-do-campo,C2,800,150,1,800,"Campus - São Bernardo FEI
Campus
São Bernardo do Campo
Av. Humberto de Alencar Castelo Branco, 3972-B
Assunção – São Bernardo do Campo – SP
(11) 4353-2900
Agende sua visita
O campus São Bernardo do Campo
Em uma área de 243.000 m2 o Centro Universitário FEI possui fácil acesso, pelas Rodovias Anchieta e Imigrantes. Seu campus possui 18 prédios, onde estão instalados laboratórios, centros especializados, salas de aula com equipamento multimídia, salas de estudo, biblioteca, livraria, papelaria, capela, praça de alimentação, restaurante, conjunto poliesportivo com ginásio de esportes, quadras, campo de futebol, campo de futebol society, pista de atletismo, academia, piscina, além de uma ampla área de estacionamento para alunos, professores e colaboradores.
O campus da FEI se destaca por sua a"
DOC017_C2_0002,DOC017,Campus São Bernardo,Complementar,Média,https://portal.fei.edu.br/campus-sao-bernardo-do-campo,C2,800,150,2,799,"atletismo, academia, piscina, além de uma ampla área de estacionamento para alunos, professores e colaboradores.
O campus da FEI se destaca por sua amplitude e exuberante área verde, suas árvores, bosque, jardins, gramados e até mesmo uma mina de água potável harmonizam-se com as construções modernas e tradicionais, proporcionando aos estudantes, professores e funcionários um ambiente perfeito para o desenvolvimento de suas atividades.
Conheça os prédios
Prédio A - “Lauro Gomes”: Principais setores administrativos da FEI
– Reitoria, Superintendência
Geral e Administrativa, Setor de Apoio a Eventos e Transporte, Secretaria Geral, Setor de Audiovisual,
Setor de Comunicação e Marketing, Setor de Pessoal, Setor de Recursos Humanos, Biblioteca e Salas de
Estudos.
Prédio B
– Coordenadoria Depar"
DOC017_C2_0003,DOC017,Campus São Bernardo,Complementar,Média,https://portal.fei.edu.br/campus-sao-bernardo-do-campo,C2,800,150,3,800,"iovisual,
Setor de Comunicação e Marketing, Setor de Pessoal, Setor de Recursos Humanos, Biblioteca e Salas de
Estudos.
Prédio B
– Coordenadoria Departamental, Salas de Estudos, Posto Bancário, Tesouraria, Setor de
Estágios e Empregos, Associação Atlética Acadêmica, Centros de Estudos de Alunos, DCE (Diretório Central
dos Estudantes), Pastoral e Assistente Religioso e Salas de Aulas.
Prédio C
– Praça de Alimentação, Restaurantes, Livraria, Copiadora, Associação dos Funcionários,
Ambulatório Médico, Diretório Acadêmico do Curso de Engenharia e do Curso de Ciência da Computação.
Prédio D
– Centro de Laboratórios Elétricos, Laboratórios de Física, Laboratórios de Robótica e de
Automação e Controle, Salas de Aulas, Programa de Bolsas de Estudos, Coordenadoria de Relações
Internacionais, Secret"
DOC017_C2_0004,DOC017,Campus São Bernardo,Complementar,Média,https://portal.fei.edu.br/campus-sao-bernardo-do-campo,C2,800,150,4,800,"a, Laboratórios de Robótica e de
Automação e Controle, Salas de Aulas, Programa de Bolsas de Estudos, Coordenadoria de Relações
Internacionais, Secretaria de Iniciação Científica, CPA - Comissão Própria de Avaliação, Inspetoria e
Segurança do Trabalho.
Prédio E – “Salvador Arena”:
– Abriga o Centro de Laboratórios Mecânicos (CLM) que atende as áreas
de Mecânica, Materiais e Têxtil, o Centro de Pesquisas Têxteis (CPT/IPEI) e o Laboratório de Ensaios
Mecânicos (CPM/IPEI).
Prédio F – “Santino Chiareto”:
– Laboratório de Engenharia Civil, Setor de Manutenção, Seção de
Custos e Patrimônio, Setor de Compras, Suprimentos e Almoxarifado.
Prédio G – “Prof. Dino Bigalli”:
Centro de Laboratórios Químicos (CLQ) que atende as áreas de
Materiais, Química e Têxtil.
Prédio H – “Selmi Dei”:
Instituto de Pe"
DOC017_C2_0005,DOC017,Campus São Bernardo,Complementar,Média,https://portal.fei.edu.br/campus-sao-bernardo-do-campo,C2,800,150,5,800,"Prof. Dino Bigalli”:
Centro de Laboratórios Químicos (CLQ) que atende as áreas de
Materiais, Química e Têxtil.
Prédio H – “Selmi Dei”:
Instituto de Pesquisas - IPEI, Laboratórios do Instituto de Pesquisas,
Empresa Júnior FEI, Lanchonete e Copiadora.
Prédio I – “Lavínia Rudge Ramos”:
Salas de Aulas, Auditório,
Laboratórios de Mecânica dos Fluidos e Diretório Acadêmico do Curso de Administração.
Prédio J – “Sabóia de Medeiros”:
Salas de Aulas e Auditório.
Prédio K
– Salas de Aulas, Laboratórios de Informática, Laboratórios de Robótica e Inteligência
Artificial, Laboratórios de Automação e Controle, Laboratório de Manufatura Digital, Coordenadoria Geral
de Informática (CGI), Laboratório de Tecnologia da Informação, Secretaria da Pós-graduação Stricto Sensu
e Chefias do Mestrado e Doutorado.
P"
DOC017_C2_0006,DOC017,Campus São Bernardo,Complementar,Média,https://portal.fei.edu.br/campus-sao-bernardo-do-campo,C2,800,150,6,800,"ia Geral
de Informática (CGI), Laboratório de Tecnologia da Informação, Secretaria da Pós-graduação Stricto Sensu
e Chefias do Mestrado e Doutorado.
Prédio N
– Piscina semiolímpica coberta e aquecida, arquibancada para 800 pessoas, vestiários
feminino e masculino, salas de musculação e artes marciais, áreas de lazer, sala multiuso para alunos.
Prédio O
– Portaria Externa
Prédio P
– Torre Caixa d’água
Prédio R
– Capela Santo Inácio de Loyola.
Prédio S
– Ginásio de Esportes com arquibancada para 2.500 pessoas, quadra para diversas modalidades
esportivas e equipamentos de recreação e lazer, sanitários e vestiários feminino e masculino, Sala Adminsitrativa do CVDRL.
Prédio T
– IECAT – Instituto de Especialização em Ciências Administrativas e Tecnológicas
(Pós-graduação Latu Sensu). Estrutura c"
DOC017_C2_0007,DOC017,Campus São Bernardo,Complementar,Média,https://portal.fei.edu.br/campus-sao-bernardo-do-campo,C2,800,150,7,800,"nsitrativa do CVDRL.
Prédio T
– IECAT – Instituto de Especialização em Ciências Administrativas e Tecnológicas
(Pós-graduação Latu Sensu). Estrutura com 20 salas de aula, sendo três delas (estilo Harvard), 1
auditório com 72 lugares, Inspetoria, plataforma elevatória para Portadores de Necessidades Especiais.
Prédio U
– Constituído por duas quadras poliesportivas e tênis, campo de futebol, campo de
futebol society, atletismo: pista área de prova de campo, lançamento de dardo, vestiários feminino e masculino, sala de apoio, depósito de materiais
esportivos, torre d’água, arquibancada para 1300 pessoas.
Infraestrutura
Para proporcionar ao estudante uma formação abrangente, direcionada à tecnologia, às áreas de gestão e à valorização humana, o Centro Universitário FEI disponibiliza em seus ca"
DOC017_C2_0008,DOC017,Campus São Bernardo,Complementar,Média,https://portal.fei.edu.br/campus-sao-bernardo-do-campo,C2,800,150,8,800,"ante uma formação abrangente, direcionada à tecnologia, às áreas de gestão e à valorização humana, o Centro Universitário FEI disponibiliza em seus campi, excelente infraestrutura como biblioteca informatizada, laboratórios com equipamentos de alta tecnologia, laboratórios de informática equipados com softwares de última geração, área esportiva e de lazer, e muito mais para que o aluno desenvolva seu conhecimento em um ambiente dinâmico e apropriado para o fortalecimento das atividades acadêmicas e culturais.
Confira um pouco da nossa Infraestrutura
Laboratórios de Engenharia
A estrutura dos laboratórios de Engenharia da FEI está dividida em três grandes e modernos centros – Centro de Laboratórios Elétricos (com 40 laboratórios), Centro de Laboratórios Mecânicos (com 40 laboratórios) e Cen"
DOC017_C2_0009,DOC017,Campus São Bernardo,Complementar,Média,https://portal.fei.edu.br/campus-sao-bernardo-do-campo,C2,800,150,9,800,"três grandes e modernos centros – Centro de Laboratórios Elétricos (com 40 laboratórios), Centro de Laboratórios Mecânicos (com 40 laboratórios) e Centro de Laboratórios Químicos (com 18 laboratórios). Cada um deles oferece aos estudantes a oportunidade de contato com materiais específicos em todos os cursos de graduação. Todos os laboratórios da FEI são equipados com equipamentos de alta tecnologia que são utilizados nas empresas e indústrias do Brasil e de todo o mundo, proporcionando ao estudante a possibilidade de aprender com equipamentos de última geração e voltados para a realidade do mercado. Isso sem contar as parcerias com multinacionais que, por conhecerem a excelência da Instituição transferem parte da tecnologia utilizada em suas indústrias para os laboratórios da FEI, como po"
DOC017_C2_0010,DOC017,Campus São Bernardo,Complementar,Média,https://portal.fei.edu.br/campus-sao-bernardo-do-campo,C2,800,150,10,800,"onais que, por conhecerem a excelência da Instituição transferem parte da tecnologia utilizada em suas indústrias para os laboratórios da FEI, como por exemplo, o Centro de Inovação Telefônica Vivo, o Laboratório de Excelência em Eletrônica de Potência da SMS Tecnologia Eletrônica, o Laboratório PACE - da General Motors e o Laboratório de Manufatura Digital - um dos únicos em universidades, premiado e reconhecido internacionalmente por sua qualidade e potencial de desenvolvimento de pesquisas na área de Indústria 4.0, fruto de uma parceria com a Siemens e SPI Integradora.
Laboratórios de Ciência da Computação
Para dar suporte aos alunos do curso, o Centro Universitário FEI dispõe de mais de 30 laboratórios atualizados com mais de 1000 computadores interligados em redes heterogêneas, criado"
DOC017_C2_0011,DOC017,Campus São Bernardo,Complementar,Média,https://portal.fei.edu.br/campus-sao-bernardo-do-campo,C2,800,150,11,799,"rso, o Centro Universitário FEI dispõe de mais de 30 laboratórios atualizados com mais de 1000 computadores interligados em redes heterogêneas, criados com finalidades educacionais, técnicas e científicas, e que possui ampla variedade de softwares e aplicativos, sempre em versões atualizadas. São Laboratório de Redes de Computadores e Sistemas Distribuídos, Laboratório de Hipermídia, Laboratório de Sistemas Operacionais, Laboratório de Usabilidade e Laboratório de Robótica e Inteligência Artificial – todos com equipamentos de última geração para o desenvolvimento de pesquisas avançadas e o aprimoramento da ciência e da tecnologia em suas áreas.
Centros de Informática
A Coordenadoria Geral de Informática (CGI), é composta por 32 laboratórios (29 em São Bernardo do Campo e 3 laboratórios em"
DOC017_C2_0012,DOC017,Campus São Bernardo,Complementar,Média,https://portal.fei.edu.br/campus-sao-bernardo-do-campo,C2,800,150,12,800,"s.
Centros de Informática
A Coordenadoria Geral de Informática (CGI), é composta por 32 laboratórios (29 em São Bernardo do Campo e 3 laboratórios em São Paulo) totalizando 1011 computadores, nos quais os usuários podem realizar acesso direto à internet e a rede acadêmica. Estes laboratórios são servidos por uma ampla lista de programas, tais como: PROMODEL, , MATLAB, , Witness, Pacote Tecnomatix da Siemens, pacote Teamnceter da Siemens, SAP, MATHCAD, MICROWIND, QUARTUS II, ATLAS, ADOBE ACROBAT, , DEV C++, LINUX, GRAPHICS, AutoCAD, Plataforma MSC, Plataforma Ansys, MiniTab, Forecast pro, Supply Chain Guru, e além dos já descritos, para a edição de trabalhos, estão disponíveis em todos os computadores os tradicionais recursos de edição, como o Pacote Office 2016.
Todos os equipamentos opera"
DOC017_C2_0013,DOC017,Campus São Bernardo,Complementar,Média,https://portal.fei.edu.br/campus-sao-bernardo-do-campo,C2,800,150,13,800,"ão de trabalhos, estão disponíveis em todos os computadores os tradicionais recursos de edição, como o Pacote Office 2016.
Todos os equipamentos operam com o sistema operacional Windows 10, além de suportarem outros ambientes operacionais que estão disponíveis para uso, como Linux Ubuntu e máquinas virtuais.
Os computadores do Centro Universitário FEI estão interligados formando uma rede tipo intranet, denominada FEInet. Sua administração é responsabilidade da Coordenadoria Geral de Informática (CGI), que a constituiu como rede própria e específica, diferenciando-a das demais redes em funcionamento nos Campi.
Centro de Vivência Desportiva, Recreação e Lazer – CVDRL
No campus de São Bernardo do Campo, o Centro Universitário FEI disponibiliza aos seus alunos, ex-alunos e colaboradores um mag"
DOC017_C2_0014,DOC017,Campus São Bernardo,Complementar,Média,https://portal.fei.edu.br/campus-sao-bernardo-do-campo,C2,800,150,14,800,"creação e Lazer – CVDRL
No campus de São Bernardo do Campo, o Centro Universitário FEI disponibiliza aos seus alunos, ex-alunos e colaboradores um magnífico Centro de Vivência Desportiva, Recreação e Lazer (CVDRL), responsável por organizar torneios, atividades aquáticas, atividade de condicionamento físico na academia e projetos para promover a qualidade de vida.
Para isso, o CVDRL dispõem de Ginásio, quadras de voley, tênis, futsal, campo de futebol com grama natural, piscina aquecida, pista de atletismo,Materiais para treino e recreação como bolas, tênis de mesa, pebolim. A FEI ainda disponibiliza uma academia de musculação e condicionamento físico equipada com aparelhos modernos.
Auditórios
O Centro Universitário FEI possui no campus de São Bernardo do Campo 4 auditórios com capacidade"
DOC017_C2_0015,DOC017,Campus São Bernardo,Complementar,Média,https://portal.fei.edu.br/campus-sao-bernardo-do-campo,C2,800,150,15,800,"to físico equipada com aparelhos modernos.
Auditórios
O Centro Universitário FEI possui no campus de São Bernardo do Campo 4 auditórios com capacidades que variam de 40 até 300 pessoas, todos são equipados com sistema audiovisual completo, onde são realizadas palestras, apresentações, workshops, cursos, saraus, teatros, etc.
Biblioteca ""Pe. Aldemar Moreira, S.J.""
O acervo da Biblioteca “Pe. Aldemar Moreira, S.J.” (campus São Bernardo do Campo e campus São Paulo) abrange mais de 85 mil livros especializados, uma expressiva quantidade de revistas, periódicos, multimeios e bases de dados com ampla variedade de temas que vão de encontro às necessidades acadêmicas, além de uma completa estrutura para que alunos e funcionários explorem o universo do conhecimento em um ambiente agradável e inform"
DOC017_C2_0016,DOC017,Campus São Bernardo,Complementar,Média,https://portal.fei.edu.br/campus-sao-bernardo-do-campo,C2,800,150,16,800,"idades acadêmicas, além de uma completa estrutura para que alunos e funcionários explorem o universo do conhecimento em um ambiente agradável e informatizado.
A Biblioteca oferece à comunidade serviços como empréstimo, reserva e renovação de livros, COMUT, minicursos e orientação para normalização de trabalhos acadêmicos, além de disponibilizar o Guia para Elaboração de Trabalhos Acadêmicos.
Capela ""Santo Inácio de Loyola""
Inaugurada em 1978, a capela ocupa lugar de destaque no campus São Bernardo do Campo. De linhas sóbrias e acolhedoras, além de local de oração, é um símbolo dos ideais e valores da Instituição. São realizadas missas semanalmente, às terças e sextas-feiras para alunos, professores e colaboradores, a aos domingos para a comunidade em geral.
Estacionamento
A FEI coloca à di"
DOC017_C2_0017,DOC017,Campus São Bernardo,Complementar,Média,https://portal.fei.edu.br/campus-sao-bernardo-do-campo,C2,800,150,17,800,"mente, às terças e sextas-feiras para alunos, professores e colaboradores, a aos domingos para a comunidade em geral.
Estacionamento
A FEI coloca à disposição dos alunos, professores e funcionários no campus de São Bernardo do Campo mais de 2 mil vagas de estacionamento espalhado por todo o campus e totalmente gratuito.
Infra de Serviços
Para mais comodidade, a FEI coloca à disposição no campus de São Bernardo do Campo uma série de serviços, como livraria e papelaria, duas praças de alimentação, posto bancário, copiadora, ambulatório médico, entre outros.
Venha tomar um café com a gente no dia do Vestibular!
Para você que irá acompanhar o vestibulando no dia da prova (07 de dezembro, sábado), preparamos uma programação especial.
Clique aqui e confira a programação →
Como chegar
O campus da"
DOC017_C2_0018,DOC017,Campus São Bernardo,Complementar,Média,https://portal.fei.edu.br/campus-sao-bernardo-do-campo,C2,800,150,18,800,"tibulando no dia da prova (07 de dezembro, sábado), preparamos uma programação especial.
Clique aqui e confira a programação →
Como chegar
O campus da FEI em São Bernardo do Campo está localizado na Av. Humberto de Alencar Castelo Branco, 3.972 -
São Bernardo do Campo - SP
Como faço para chegar ao
campus
SBC, usando condução própria?
Como faço para chegar ao
campus
SBC através de transporte coletivo?
São Paulo
Terminal Sacomã - Embarque no ônibus da Viação Riacho Grande, Linhas 004 (Parque Alvarenga) ou 431
(Jardim Las Palmas). Desembarque na porta do Centro Universitário FEI.
Estação Jabaquara do Metrô - Embarque no trólebus até o terminal Piraporinha. No terminal, do lado de fora,
embarque no ônibus da Viação ABC linha 195 (Ferrazópolis). Desembarque na porta do Centro Universitário FEI."
DOC017_C2_0019,DOC017,Campus São Bernardo,Complementar,Média,https://portal.fei.edu.br/campus-sao-bernardo-do-campo,C2,800,150,19,799,"iraporinha. No terminal, do lado de fora,
embarque no ônibus da Viação ABC linha 195 (Ferrazópolis). Desembarque na porta do Centro Universitário FEI.
Santo André
Terminal Paço Municipal de São Bernardo do Campo - Embarque no ônibus Viação Expresso SBC, linha 255
(Piraporinha). Desembarque na porta do Centro Universitário FEI
Terminal Piraporinha - Do lado de fora do terminal, embarque no ônibus da Viação ABC, linha 195 (Ferrazópolis).
Desembarque na porta do Centro Universitário FEI.
Terminal Ferrazópolis - Dentro do terminal, embarque no ônibus da Viação ABC, linha 195 (Piraporinha).
Desembarque na porta do Centro Universitário FEI.
São Caetano do Sul
Terminal Rodoviário - embarque no ônibus da Viação Trans Bus, linha 147 (Jardim Laura). Desembarque na porta
do Centro Universitário FEI."
DOC017_C2_0020,DOC017,Campus São Bernardo,Complementar,Média,https://portal.fei.edu.br/campus-sao-bernardo-do-campo,C2,800,150,20,799,"tano do Sul
Terminal Rodoviário - embarque no ônibus da Viação Trans Bus, linha 147 (Jardim Laura). Desembarque na porta
do Centro Universitário FEI.
Osasco
A partir da Praça Antonio Menck, embarque no ônibus da Viação Urubupungá (Osasco-São Bernardo), desembarque no
Terminal Piraporinha e embarque no ônibus da Viação Expresso SBC, linha 255 (Piraporinha), ou do lado de fora
do terminal (no primeiro ponto da Av. Humberto de Alencar Castelo Branco, Linha 195 (Terminal Ferrazópolis).
Desembarque na porta do Centro Universitário FEI.
Guarulhos
Embarque na linha 271, até o Center Norte. A partir do Center Norte embarque no ônibus da Viação
Transguarulhense, linha 218 (Via Anchieta), desça no terminal do Paço Municipal de São Bernardo do Campo e
embarque no ônibus da Viação Expresso SBC, linha"
DOC017_C2_0021,DOC017,Campus São Bernardo,Complementar,Média,https://portal.fei.edu.br/campus-sao-bernardo-do-campo,C2,800,150,21,800,"uarulhense, linha 218 (Via Anchieta), desça no terminal do Paço Municipal de São Bernardo do Campo e
embarque no ônibus da Viação Expresso SBC, linha 255 (Piraporinha), ou desça no Terminal Ferrazópolis e,
dentro do terminal, pegue o ônibus Viação ABC linha 195 (Piraporinha). Desembarque na porta do Centro
Universitário FEI.
Baixada Santista
Praia Grande
Terminal Vila Mirim - Embarque no ônibus Expresso Brasileiro, desembarque no Terminal Rodoviário João Ítalo
Setti. Ao lado do Terminal Rodoviário, no Terminal Metropolitano de SBC, embarque no ônibus Viação Expresso
SBC, linha 255 (Piraporinha). Desembarque na porta do Centro Universitário FEI.
Terminal Cidade Ocian - Embarque no ônibus da Breda Transportes e Serviços, desembarque no Terminal
Rodoviário João Ítalo Setti. Ao lado do Termina"
DOC017_C2_0022,DOC017,Campus São Bernardo,Complementar,Média,https://portal.fei.edu.br/campus-sao-bernardo-do-campo,C2,800,150,22,621,"I.
Terminal Cidade Ocian - Embarque no ônibus da Breda Transportes e Serviços, desembarque no Terminal
Rodoviário João Ítalo Setti. Ao lado do Terminal Rodoviário, no Terminal Metropolitano de SBC, embarque no
ônibus Viação Expresso SBC, linha 255 (Piraporinha). Desembarque na porta do Centro Universitário FEI.
Santos
Na rodoviária, embarque no ônibus da Viação Expresso Brasileiro, desembarque no Terminal Rodoviário João Ítalo
Setti. Ao lado do Terminal Rodoviário, no Terminal Metropolitano de SBC, embarque no ônibus da Viação Expresso
SBC, linha 255 (Piraporinha). Desembarque na porta do Centro Universitário FEI."
DOC017_C3_0001,DOC017,Campus São Bernardo,Complementar,Média,https://portal.fei.edu.br/campus-sao-bernardo-do-campo,C3,1200,200,1,1200,"Campus - São Bernardo FEI
Campus
São Bernardo do Campo
Av. Humberto de Alencar Castelo Branco, 3972-B
Assunção – São Bernardo do Campo – SP
(11) 4353-2900
Agende sua visita
O campus São Bernardo do Campo
Em uma área de 243.000 m2 o Centro Universitário FEI possui fácil acesso, pelas Rodovias Anchieta e Imigrantes. Seu campus possui 18 prédios, onde estão instalados laboratórios, centros especializados, salas de aula com equipamento multimídia, salas de estudo, biblioteca, livraria, papelaria, capela, praça de alimentação, restaurante, conjunto poliesportivo com ginásio de esportes, quadras, campo de futebol, campo de futebol society, pista de atletismo, academia, piscina, além de uma ampla área de estacionamento para alunos, professores e colaboradores.
O campus da FEI se destaca por sua amplitude e exuberante área verde, suas árvores, bosque, jardins, gramados e até mesmo uma mina de água potável harmonizam-se com as construções modernas e tradicionais, proporcionando aos estudantes, professores e funcionários um ambiente perfeito para o desenvolvimento de suas atividades.
Conheça os prédios
Prédio A - “Lauro Gomes”: Principais setores administrativos da FEI
– Reitoria, Superinten"
DOC017_C3_0002,DOC017,Campus São Bernardo,Complementar,Média,https://portal.fei.edu.br/campus-sao-bernardo-do-campo,C3,1200,200,2,1200,"professores e funcionários um ambiente perfeito para o desenvolvimento de suas atividades.
Conheça os prédios
Prédio A - “Lauro Gomes”: Principais setores administrativos da FEI
– Reitoria, Superintendência
Geral e Administrativa, Setor de Apoio a Eventos e Transporte, Secretaria Geral, Setor de Audiovisual,
Setor de Comunicação e Marketing, Setor de Pessoal, Setor de Recursos Humanos, Biblioteca e Salas de
Estudos.
Prédio B
– Coordenadoria Departamental, Salas de Estudos, Posto Bancário, Tesouraria, Setor de
Estágios e Empregos, Associação Atlética Acadêmica, Centros de Estudos de Alunos, DCE (Diretório Central
dos Estudantes), Pastoral e Assistente Religioso e Salas de Aulas.
Prédio C
– Praça de Alimentação, Restaurantes, Livraria, Copiadora, Associação dos Funcionários,
Ambulatório Médico, Diretório Acadêmico do Curso de Engenharia e do Curso de Ciência da Computação.
Prédio D
– Centro de Laboratórios Elétricos, Laboratórios de Física, Laboratórios de Robótica e de
Automação e Controle, Salas de Aulas, Programa de Bolsas de Estudos, Coordenadoria de Relações
Internacionais, Secretaria de Iniciação Científica, CPA - Comissão Própria de Avaliação, Inspetoria e
Segurança do Trabalh"
DOC017_C3_0003,DOC017,Campus São Bernardo,Complementar,Média,https://portal.fei.edu.br/campus-sao-bernardo-do-campo,C3,1200,200,3,1200,"ole, Salas de Aulas, Programa de Bolsas de Estudos, Coordenadoria de Relações
Internacionais, Secretaria de Iniciação Científica, CPA - Comissão Própria de Avaliação, Inspetoria e
Segurança do Trabalho.
Prédio E – “Salvador Arena”:
– Abriga o Centro de Laboratórios Mecânicos (CLM) que atende as áreas
de Mecânica, Materiais e Têxtil, o Centro de Pesquisas Têxteis (CPT/IPEI) e o Laboratório de Ensaios
Mecânicos (CPM/IPEI).
Prédio F – “Santino Chiareto”:
– Laboratório de Engenharia Civil, Setor de Manutenção, Seção de
Custos e Patrimônio, Setor de Compras, Suprimentos e Almoxarifado.
Prédio G – “Prof. Dino Bigalli”:
Centro de Laboratórios Químicos (CLQ) que atende as áreas de
Materiais, Química e Têxtil.
Prédio H – “Selmi Dei”:
Instituto de Pesquisas - IPEI, Laboratórios do Instituto de Pesquisas,
Empresa Júnior FEI, Lanchonete e Copiadora.
Prédio I – “Lavínia Rudge Ramos”:
Salas de Aulas, Auditório,
Laboratórios de Mecânica dos Fluidos e Diretório Acadêmico do Curso de Administração.
Prédio J – “Sabóia de Medeiros”:
Salas de Aulas e Auditório.
Prédio K
– Salas de Aulas, Laboratórios de Informática, Laboratórios de Robótica e Inteligência
Artificial, Laboratórios de Automação e Contro"
DOC017_C3_0004,DOC017,Campus São Bernardo,Complementar,Média,https://portal.fei.edu.br/campus-sao-bernardo-do-campo,C3,1200,200,4,1199,"dio J – “Sabóia de Medeiros”:
Salas de Aulas e Auditório.
Prédio K
– Salas de Aulas, Laboratórios de Informática, Laboratórios de Robótica e Inteligência
Artificial, Laboratórios de Automação e Controle, Laboratório de Manufatura Digital, Coordenadoria Geral
de Informática (CGI), Laboratório de Tecnologia da Informação, Secretaria da Pós-graduação Stricto Sensu
e Chefias do Mestrado e Doutorado.
Prédio N
– Piscina semiolímpica coberta e aquecida, arquibancada para 800 pessoas, vestiários
feminino e masculino, salas de musculação e artes marciais, áreas de lazer, sala multiuso para alunos.
Prédio O
– Portaria Externa
Prédio P
– Torre Caixa d’água
Prédio R
– Capela Santo Inácio de Loyola.
Prédio S
– Ginásio de Esportes com arquibancada para 2.500 pessoas, quadra para diversas modalidades
esportivas e equipamentos de recreação e lazer, sanitários e vestiários feminino e masculino, Sala Adminsitrativa do CVDRL.
Prédio T
– IECAT – Instituto de Especialização em Ciências Administrativas e Tecnológicas
(Pós-graduação Latu Sensu). Estrutura com 20 salas de aula, sendo três delas (estilo Harvard), 1
auditório com 72 lugares, Inspetoria, plataforma elevatória para Portadores de Necessidades"
DOC017_C3_0005,DOC017,Campus São Bernardo,Complementar,Média,https://portal.fei.edu.br/campus-sao-bernardo-do-campo,C3,1200,200,5,1199,"cnológicas
(Pós-graduação Latu Sensu). Estrutura com 20 salas de aula, sendo três delas (estilo Harvard), 1
auditório com 72 lugares, Inspetoria, plataforma elevatória para Portadores de Necessidades Especiais.
Prédio U
– Constituído por duas quadras poliesportivas e tênis, campo de futebol, campo de
futebol society, atletismo: pista área de prova de campo, lançamento de dardo, vestiários feminino e masculino, sala de apoio, depósito de materiais
esportivos, torre d’água, arquibancada para 1300 pessoas.
Infraestrutura
Para proporcionar ao estudante uma formação abrangente, direcionada à tecnologia, às áreas de gestão e à valorização humana, o Centro Universitário FEI disponibiliza em seus campi, excelente infraestrutura como biblioteca informatizada, laboratórios com equipamentos de alta tecnologia, laboratórios de informática equipados com softwares de última geração, área esportiva e de lazer, e muito mais para que o aluno desenvolva seu conhecimento em um ambiente dinâmico e apropriado para o fortalecimento das atividades acadêmicas e culturais.
Confira um pouco da nossa Infraestrutura
Laboratórios de Engenharia
A estrutura dos laboratórios de Engenharia da FEI está dividida em"
DOC017_C3_0006,DOC017,Campus São Bernardo,Complementar,Média,https://portal.fei.edu.br/campus-sao-bernardo-do-campo,C3,1200,200,6,1200,"ado para o fortalecimento das atividades acadêmicas e culturais.
Confira um pouco da nossa Infraestrutura
Laboratórios de Engenharia
A estrutura dos laboratórios de Engenharia da FEI está dividida em três grandes e modernos centros – Centro de Laboratórios Elétricos (com 40 laboratórios), Centro de Laboratórios Mecânicos (com 40 laboratórios) e Centro de Laboratórios Químicos (com 18 laboratórios). Cada um deles oferece aos estudantes a oportunidade de contato com materiais específicos em todos os cursos de graduação. Todos os laboratórios da FEI são equipados com equipamentos de alta tecnologia que são utilizados nas empresas e indústrias do Brasil e de todo o mundo, proporcionando ao estudante a possibilidade de aprender com equipamentos de última geração e voltados para a realidade do mercado. Isso sem contar as parcerias com multinacionais que, por conhecerem a excelência da Instituição transferem parte da tecnologia utilizada em suas indústrias para os laboratórios da FEI, como por exemplo, o Centro de Inovação Telefônica Vivo, o Laboratório de Excelência em Eletrônica de Potência da SMS Tecnologia Eletrônica, o Laboratório PACE - da General Motors e o Laboratório de Manufatur"
DOC017_C3_0007,DOC017,Campus São Bernardo,Complementar,Média,https://portal.fei.edu.br/campus-sao-bernardo-do-campo,C3,1200,200,7,1200,"r exemplo, o Centro de Inovação Telefônica Vivo, o Laboratório de Excelência em Eletrônica de Potência da SMS Tecnologia Eletrônica, o Laboratório PACE - da General Motors e o Laboratório de Manufatura Digital - um dos únicos em universidades, premiado e reconhecido internacionalmente por sua qualidade e potencial de desenvolvimento de pesquisas na área de Indústria 4.0, fruto de uma parceria com a Siemens e SPI Integradora.
Laboratórios de Ciência da Computação
Para dar suporte aos alunos do curso, o Centro Universitário FEI dispõe de mais de 30 laboratórios atualizados com mais de 1000 computadores interligados em redes heterogêneas, criados com finalidades educacionais, técnicas e científicas, e que possui ampla variedade de softwares e aplicativos, sempre em versões atualizadas. São Laboratório de Redes de Computadores e Sistemas Distribuídos, Laboratório de Hipermídia, Laboratório de Sistemas Operacionais, Laboratório de Usabilidade e Laboratório de Robótica e Inteligência Artificial – todos com equipamentos de última geração para o desenvolvimento de pesquisas avançadas e o aprimoramento da ciência e da tecnologia em suas áreas.
Centros de Informática
A Coordenadoria Geral de"
DOC017_C3_0008,DOC017,Campus São Bernardo,Complementar,Média,https://portal.fei.edu.br/campus-sao-bernardo-do-campo,C3,1200,200,8,1200,"ial – todos com equipamentos de última geração para o desenvolvimento de pesquisas avançadas e o aprimoramento da ciência e da tecnologia em suas áreas.
Centros de Informática
A Coordenadoria Geral de Informática (CGI), é composta por 32 laboratórios (29 em São Bernardo do Campo e 3 laboratórios em São Paulo) totalizando 1011 computadores, nos quais os usuários podem realizar acesso direto à internet e a rede acadêmica. Estes laboratórios são servidos por uma ampla lista de programas, tais como: PROMODEL, , MATLAB, , Witness, Pacote Tecnomatix da Siemens, pacote Teamnceter da Siemens, SAP, MATHCAD, MICROWIND, QUARTUS II, ATLAS, ADOBE ACROBAT, , DEV C++, LINUX, GRAPHICS, AutoCAD, Plataforma MSC, Plataforma Ansys, MiniTab, Forecast pro, Supply Chain Guru, e além dos já descritos, para a edição de trabalhos, estão disponíveis em todos os computadores os tradicionais recursos de edição, como o Pacote Office 2016.
Todos os equipamentos operam com o sistema operacional Windows 10, além de suportarem outros ambientes operacionais que estão disponíveis para uso, como Linux Ubuntu e máquinas virtuais.
Os computadores do Centro Universitário FEI estão interligados formando uma rede tipo intr"
DOC017_C3_0009,DOC017,Campus São Bernardo,Complementar,Média,https://portal.fei.edu.br/campus-sao-bernardo-do-campo,C3,1200,200,9,1200,"portarem outros ambientes operacionais que estão disponíveis para uso, como Linux Ubuntu e máquinas virtuais.
Os computadores do Centro Universitário FEI estão interligados formando uma rede tipo intranet, denominada FEInet. Sua administração é responsabilidade da Coordenadoria Geral de Informática (CGI), que a constituiu como rede própria e específica, diferenciando-a das demais redes em funcionamento nos Campi.
Centro de Vivência Desportiva, Recreação e Lazer – CVDRL
No campus de São Bernardo do Campo, o Centro Universitário FEI disponibiliza aos seus alunos, ex-alunos e colaboradores um magnífico Centro de Vivência Desportiva, Recreação e Lazer (CVDRL), responsável por organizar torneios, atividades aquáticas, atividade de condicionamento físico na academia e projetos para promover a qualidade de vida.
Para isso, o CVDRL dispõem de Ginásio, quadras de voley, tênis, futsal, campo de futebol com grama natural, piscina aquecida, pista de atletismo,Materiais para treino e recreação como bolas, tênis de mesa, pebolim. A FEI ainda disponibiliza uma academia de musculação e condicionamento físico equipada com aparelhos modernos.
Auditórios
O Centro Universitário FEI possui no campus de"
DOC017_C3_0010,DOC017,Campus São Bernardo,Complementar,Média,https://portal.fei.edu.br/campus-sao-bernardo-do-campo,C3,1200,200,10,1199,"bolas, tênis de mesa, pebolim. A FEI ainda disponibiliza uma academia de musculação e condicionamento físico equipada com aparelhos modernos.
Auditórios
O Centro Universitário FEI possui no campus de São Bernardo do Campo 4 auditórios com capacidades que variam de 40 até 300 pessoas, todos são equipados com sistema audiovisual completo, onde são realizadas palestras, apresentações, workshops, cursos, saraus, teatros, etc.
Biblioteca ""Pe. Aldemar Moreira, S.J.""
O acervo da Biblioteca “Pe. Aldemar Moreira, S.J.” (campus São Bernardo do Campo e campus São Paulo) abrange mais de 85 mil livros especializados, uma expressiva quantidade de revistas, periódicos, multimeios e bases de dados com ampla variedade de temas que vão de encontro às necessidades acadêmicas, além de uma completa estrutura para que alunos e funcionários explorem o universo do conhecimento em um ambiente agradável e informatizado.
A Biblioteca oferece à comunidade serviços como empréstimo, reserva e renovação de livros, COMUT, minicursos e orientação para normalização de trabalhos acadêmicos, além de disponibilizar o Guia para Elaboração de Trabalhos Acadêmicos.
Capela ""Santo Inácio de Loyola""
Inaugurada em 1978, a c"
DOC017_C3_0011,DOC017,Campus São Bernardo,Complementar,Média,https://portal.fei.edu.br/campus-sao-bernardo-do-campo,C3,1200,200,11,1200,"COMUT, minicursos e orientação para normalização de trabalhos acadêmicos, além de disponibilizar o Guia para Elaboração de Trabalhos Acadêmicos.
Capela ""Santo Inácio de Loyola""
Inaugurada em 1978, a capela ocupa lugar de destaque no campus São Bernardo do Campo. De linhas sóbrias e acolhedoras, além de local de oração, é um símbolo dos ideais e valores da Instituição. São realizadas missas semanalmente, às terças e sextas-feiras para alunos, professores e colaboradores, a aos domingos para a comunidade em geral.
Estacionamento
A FEI coloca à disposição dos alunos, professores e funcionários no campus de São Bernardo do Campo mais de 2 mil vagas de estacionamento espalhado por todo o campus e totalmente gratuito.
Infra de Serviços
Para mais comodidade, a FEI coloca à disposição no campus de São Bernardo do Campo uma série de serviços, como livraria e papelaria, duas praças de alimentação, posto bancário, copiadora, ambulatório médico, entre outros.
Venha tomar um café com a gente no dia do Vestibular!
Para você que irá acompanhar o vestibulando no dia da prova (07 de dezembro, sábado), preparamos uma programação especial.
Clique aqui e confira a programação →
Como chegar
O campus da"
DOC017_C3_0012,DOC017,Campus São Bernardo,Complementar,Média,https://portal.fei.edu.br/campus-sao-bernardo-do-campo,C3,1200,200,12,1199,"do Vestibular!
Para você que irá acompanhar o vestibulando no dia da prova (07 de dezembro, sábado), preparamos uma programação especial.
Clique aqui e confira a programação →
Como chegar
O campus da FEI em São Bernardo do Campo está localizado na Av. Humberto de Alencar Castelo Branco, 3.972 -
São Bernardo do Campo - SP
Como faço para chegar ao
campus
SBC, usando condução própria?
Como faço para chegar ao
campus
SBC através de transporte coletivo?
São Paulo
Terminal Sacomã - Embarque no ônibus da Viação Riacho Grande, Linhas 004 (Parque Alvarenga) ou 431
(Jardim Las Palmas). Desembarque na porta do Centro Universitário FEI.
Estação Jabaquara do Metrô - Embarque no trólebus até o terminal Piraporinha. No terminal, do lado de fora,
embarque no ônibus da Viação ABC linha 195 (Ferrazópolis). Desembarque na porta do Centro Universitário FEI.
Santo André
Terminal Paço Municipal de São Bernardo do Campo - Embarque no ônibus Viação Expresso SBC, linha 255
(Piraporinha). Desembarque na porta do Centro Universitário FEI
Terminal Piraporinha - Do lado de fora do terminal, embarque no ônibus da Viação ABC, linha 195 (Ferrazópolis).
Desembarque na porta do Centro Universitário FEI.
Terminal F"
DOC017_C3_0013,DOC017,Campus São Bernardo,Complementar,Média,https://portal.fei.edu.br/campus-sao-bernardo-do-campo,C3,1200,200,13,1200,"do Centro Universitário FEI
Terminal Piraporinha - Do lado de fora do terminal, embarque no ônibus da Viação ABC, linha 195 (Ferrazópolis).
Desembarque na porta do Centro Universitário FEI.
Terminal Ferrazópolis - Dentro do terminal, embarque no ônibus da Viação ABC, linha 195 (Piraporinha).
Desembarque na porta do Centro Universitário FEI.
São Caetano do Sul
Terminal Rodoviário - embarque no ônibus da Viação Trans Bus, linha 147 (Jardim Laura). Desembarque na porta
do Centro Universitário FEI.
Osasco
A partir da Praça Antonio Menck, embarque no ônibus da Viação Urubupungá (Osasco-São Bernardo), desembarque no
Terminal Piraporinha e embarque no ônibus da Viação Expresso SBC, linha 255 (Piraporinha), ou do lado de fora
do terminal (no primeiro ponto da Av. Humberto de Alencar Castelo Branco, Linha 195 (Terminal Ferrazópolis).
Desembarque na porta do Centro Universitário FEI.
Guarulhos
Embarque na linha 271, até o Center Norte. A partir do Center Norte embarque no ônibus da Viação
Transguarulhense, linha 218 (Via Anchieta), desça no terminal do Paço Municipal de São Bernardo do Campo e
embarque no ônibus da Viação Expresso SBC, linha 255 (Piraporinha), ou desça no Terminal Ferrazópol"
DOC017_C3_0014,DOC017,Campus São Bernardo,Complementar,Média,https://portal.fei.edu.br/campus-sao-bernardo-do-campo,C3,1200,200,14,1200,"uarulhense, linha 218 (Via Anchieta), desça no terminal do Paço Municipal de São Bernardo do Campo e
embarque no ônibus da Viação Expresso SBC, linha 255 (Piraporinha), ou desça no Terminal Ferrazópolis e,
dentro do terminal, pegue o ônibus Viação ABC linha 195 (Piraporinha). Desembarque na porta do Centro
Universitário FEI.
Baixada Santista
Praia Grande
Terminal Vila Mirim - Embarque no ônibus Expresso Brasileiro, desembarque no Terminal Rodoviário João Ítalo
Setti. Ao lado do Terminal Rodoviário, no Terminal Metropolitano de SBC, embarque no ônibus Viação Expresso
SBC, linha 255 (Piraporinha). Desembarque na porta do Centro Universitário FEI.
Terminal Cidade Ocian - Embarque no ônibus da Breda Transportes e Serviços, desembarque no Terminal
Rodoviário João Ítalo Setti. Ao lado do Terminal Rodoviário, no Terminal Metropolitano de SBC, embarque no
ônibus Viação Expresso SBC, linha 255 (Piraporinha). Desembarque na porta do Centro Universitário FEI.
Santos
Na rodoviária, embarque no ônibus da Viação Expresso Brasileiro, desembarque no Terminal Rodoviário João Ítalo
Setti. Ao lado do Terminal Rodoviário, no Terminal Metropolitano de SBC, embarque no ônibus da Viação Expresso
SBC, lin"
DOC017_C3_0015,DOC017,Campus São Bernardo,Complementar,Média,https://portal.fei.edu.br/campus-sao-bernardo-do-campo,C3,1200,200,15,271,"bus da Viação Expresso Brasileiro, desembarque no Terminal Rodoviário João Ítalo
Setti. Ao lado do Terminal Rodoviário, no Terminal Metropolitano de SBC, embarque no ônibus da Viação Expresso
SBC, linha 255 (Piraporinha). Desembarque na porta do Centro Universitário FEI."
DOC018_C1_0001,DOC018,Campus São Paulo,Complementar,Média,https://portal.fei.edu.br/campus-sao-paulo,C1,500,100,1,500,"Centro Universitário da FEI em São Paulo
Campus
São Paulo
Rua Tamandaré, 688 - São Paulo - SP
Próximo ao metrô São Joaquim
(11) 3274-5200
Agende sua visita
O campus São Paulo
Constituído por um complexo educacional de 8.600 m2 de área útil, suas instalações modernas e funcionais destacam-se pelo conforto nos locais de estudo, pesquisa e trabalho. Localizado em uma das principais regiões de São Paulo, no tradicional Bairro da Liberdade, oferece ao estudante inúmeras opções de transporte, restaura"
DOC018_C1_0002,DOC018,Campus São Paulo,Complementar,Média,https://portal.fei.edu.br/campus-sao-paulo,C1,500,100,2,500,"lo, no tradicional Bairro da Liberdade, oferece ao estudante inúmeras opções de transporte, restaurantes, estacionamentos, teatros, parques, etc.
Com 6 andares, o prédio do campus é uma perfeita obra de engenharia, projetado por arquitetos renomados, sua construção possui um estilo moderno e inovador. Construído em concreto aparente demonstra imponência no seu hall de entrada com pé direito de 12 metros de altura. É composto por salas de aula, todas com pontos de rede para acesso à internet, aud"
DOC018_C1_0003,DOC018,Campus São Paulo,Complementar,Média,https://portal.fei.edu.br/campus-sao-paulo,C1,500,100,3,500,"metros de altura. É composto por salas de aula, todas com pontos de rede para acesso à internet, auditórios, biblioteca com sala de leitura, laboratórios de informática, espaço para feiras e exposições, lanchonete, mezanino, posto bancário, quadra poliesportiva e capela com o objetivo de proporcionar ao aluno uma perfeita aprendizagem.
O estudante do campus São Paulo também pode utilizar toda a estrutura do Campus São Bernardo do Campo, biblioteca, complexo poliesportivo, piscina, academia, etc."
DOC018_C1_0004,DOC018,Campus São Paulo,Complementar,Média,https://portal.fei.edu.br/campus-sao-paulo,C1,500,100,4,500,"trutura do Campus São Bernardo do Campo, biblioteca, complexo poliesportivo, piscina, academia, etc.
O campus São Paulo é formado por dois blocos, interligados por rampas.
Bloco A – Seis andares
6º Andar:
Reitoria, Secretaria Escolar, Secretarias dos Programa de Pós-graduação Stricto e Lato Sensu, Coordenadoria do Curso de Administração e do Programa de Pós-graduação Stricto Sensu, Tesouraria e posto bancário.
5º Andar:
Duas salas de aulas, um auditório para 40 pessoas, salas para professores de"
DOC018_C1_0005,DOC018,Campus São Paulo,Complementar,Média,https://portal.fei.edu.br/campus-sao-paulo,C1,500,100,5,499,"sto bancário.
5º Andar:
Duas salas de aulas, um auditório para 40 pessoas, salas para professores de tempo integral, sala para reuniões, sala de estudos para 20 alunos com computadores em rede e espaço para reuniões.
4º Andar:
Mezanino, empresa FEI Junior e setor de estágios.
3º Andar:
Recepção, cafeteria e pátio coberto.
2º Andar:
Seis salas de aulas para graduação.
1º Andar:
Três laboratórios de informática com quarenta micros em rede cada.
Bloco B – Cinco andares
5º andar:
quadra de esportes"
DOC018_C1_0006,DOC018,Campus São Paulo,Complementar,Média,https://portal.fei.edu.br/campus-sao-paulo,C1,500,100,6,499,"informática com quarenta micros em rede cada.
Bloco B – Cinco andares
5º andar:
quadra de esportes coberta.
4º Andar:
Sala de vídeo, sala de leitura e estudos da biblioteca.
3º Andar:
Biblioteca, capela e auditório para 280 pessoas.
2º Andar:
Salas de aula para graduação e pós-graduação.
1º Andar:
Salas de aulas para graduação e pós-graduação e um auditório para 80 pessoas.
Infraestrutura
Para proporcionar ao estudante uma formação abrangente direcionada à tecnologia, às áreas de gestão e à val"
DOC018_C1_0007,DOC018,Campus São Paulo,Complementar,Média,https://portal.fei.edu.br/campus-sao-paulo,C1,500,100,7,500,"oporcionar ao estudante uma formação abrangente direcionada à tecnologia, às áreas de gestão e à valorização humana,
o Centro Universitário FEI disponibiliza no campus São Paulo, excelente infraestrutura, formando um ambiente apropriado para
o desenvolvimento da vida acadêmica e fortalecimento das atividades culturais.
Slide 0
Slide 1
Slide 2
Slide 3
Slide 4
Slide 5
Slide 6
Slide 7
Slide 8
Centros de Informática
A Coordenadoria Geral de Informática (CGI), é composta por 32 laboratórios (29 em Sã"
DOC018_C1_0008,DOC018,Campus São Paulo,Complementar,Média,https://portal.fei.edu.br/campus-sao-paulo,C1,500,100,8,499,"de Informática
A Coordenadoria Geral de Informática (CGI), é composta por 32 laboratórios (29 em São Bernardo do Campo e 3 laboratórios em São Paulo) totalizando 1011 computadores, nos quais os usuários podem realizar acesso direto à internet e a rede acadêmica. Estes laboratórios são servidos por uma ampla lista de programas, tais como: PROMODEL, , MATLAB, , Witness, Pacote Tecnomatix da Siemens, pacote Teamnceter da Siemens, SAP, MATHCAD, MICROWIND, QUARTUS II, ATLAS, ADOBE ACROBAT, , DEV C++"
DOC018_C1_0009,DOC018,Campus São Paulo,Complementar,Média,https://portal.fei.edu.br/campus-sao-paulo,C1,500,100,9,500,", pacote Teamnceter da Siemens, SAP, MATHCAD, MICROWIND, QUARTUS II, ATLAS, ADOBE ACROBAT, , DEV C++, LINUX, GRAPHICS, AutoCAD, Plataforma MSC, Plataforma Ansys, MiniTab, Forecast pro, Supply Chain Guru, e além dos já descritos, para a edição de trabalhos, estão disponíveis em todos os computadores os tradicionais recursos de edição, como o Pacote Office 2016.
Todos os equipamentos operam com o sistema operacional Windows 10, além de suportarem outros ambientes operacionais que estão disponíveis"
DOC018_C1_0010,DOC018,Campus São Paulo,Complementar,Média,https://portal.fei.edu.br/campus-sao-paulo,C1,500,100,10,499,"stema operacional Windows 10, além de suportarem outros ambientes operacionais que estão disponíveis para uso, como Linux Ubuntu e máquinas virtuais.
Os computadores do Centro Universitário FEI estão interligados formando uma rede tipo intranet, denominada FEInet. Sua administração é responsabilidade da Coordenadoria Geral de Informática (CGI), que a constituiu como rede própria e específica, diferenciando-a das demais redes em funcionamento nos Campi.
Centro de Vivência Desportiva, Recreação e"
DOC018_C1_0011,DOC018,Campus São Paulo,Complementar,Média,https://portal.fei.edu.br/campus-sao-paulo,C1,500,100,11,500,"renciando-a das demais redes em funcionamento nos Campi.
Centro de Vivência Desportiva, Recreação e Lazer – CVDRL
No campus de São Paulo, os alunos têm à disposição um ginásio poliesportivo coberto.
Auditórios
No campus São Paulo a FEI possui 2 auditórios com capacidades que variam de 40 até 300 pessoas, todos são equipados com sistema audiovisual completo, onde são realizadas palestras, apresentações, workshops, cursos, saraus, teatros, etc.
Biblioteca ""Pe. Aldemar Moreira, S.J.""
O acervo da Bi"
DOC018_C1_0012,DOC018,Campus São Paulo,Complementar,Média,https://portal.fei.edu.br/campus-sao-paulo,C1,500,100,12,500,"ções, workshops, cursos, saraus, teatros, etc.
Biblioteca ""Pe. Aldemar Moreira, S.J.""
O acervo da Biblioteca “Pe. Aldemar Moreira, S.J.” (campus São Bernardo do Campo e campus São Paulo) abrange mais de 85 mil livros especializados, uma expressiva quantidade de revistas, periódicos, multimeios e bases de dados com ampla variedade de temas que vão de encontro às necessidades acadêmicas, além de uma completa estrutura para que alunos e funcionários explorem o universo do conhecimento em um ambient"
DOC018_C1_0013,DOC018,Campus São Paulo,Complementar,Média,https://portal.fei.edu.br/campus-sao-paulo,C1,500,100,13,499,"completa estrutura para que alunos e funcionários explorem o universo do conhecimento em um ambiente agradável e informatizado.
A Biblioteca oferece à comunidade serviços como empréstimo, reserva e renovação de livros, COMUT, minicursos e orientação para normalização de trabalhos acadêmicos, além de disponibilizar o Guia para Elaboração de Trabalhos Acadêmicos.
Capela ""Nossa Senhora do Bom Conselho""
A Capela ""Nossa Senhora do Bom Conselho"" foi inaugurada em dezembro de 1993 no campus São Paulo,"
DOC018_C1_0014,DOC018,Campus São Paulo,Complementar,Média,https://portal.fei.edu.br/campus-sao-paulo,C1,500,100,14,500,"ho""
A Capela ""Nossa Senhora do Bom Conselho"" foi inaugurada em dezembro de 1993 no campus São Paulo, simbolizando os valores e ideais da instituição. Nela, os alunos, professores e funcionários podem encontrar um local acolhedor para reflexões e orações.
Infra de serviços
Para mais comodidade, a FEI coloca à disposição dos alunos no campus de São Paulo uma praça de alimentação, posto bancário, copiadora e ambulatório médico.
Venha tomar um café com a gente no dia do Vestibular!
Para você que irá"
DOC018_C1_0015,DOC018,Campus São Paulo,Complementar,Média,https://portal.fei.edu.br/campus-sao-paulo,C1,500,100,15,500,"iadora e ambulatório médico.
Venha tomar um café com a gente no dia do Vestibular!
Para você que irá acompanhar o vestibulando no dia da prova (07 de dezembro, sábado), preparamos uma programação especial.
Clique aqui e confira a programação →
Como chegar
O campus da FEI em São Paulo está localizado na rua Tamandaré, 688 - São Paulo - SP - Próximo ao metrô São Joaquim.
Como faço para chegar ao
campus
São Paulo, usando condução própria?
Como faço para chegar ao
campus
São Paulo através de transpo"
DOC018_C1_0016,DOC018,Campus São Paulo,Complementar,Média,https://portal.fei.edu.br/campus-sao-paulo,C1,500,100,16,323,"pus
São Paulo, usando condução própria?
Como faço para chegar ao
campus
São Paulo através de transporte coletivo?
São Paulo
A forma mais fácil é utilizar o Metrô, desça na estação São Joaquim ( Linha Azul ),
ande pela rua Vergueiro até a rua Dr. Siqueira Campos, desça-a até a rua Tamandaré, 688 no campus São Paulo da FEI."
DOC018_C2_0001,DOC018,Campus São Paulo,Complementar,Média,https://portal.fei.edu.br/campus-sao-paulo,C2,800,150,1,799,"Centro Universitário da FEI em São Paulo
Campus
São Paulo
Rua Tamandaré, 688 - São Paulo - SP
Próximo ao metrô São Joaquim
(11) 3274-5200
Agende sua visita
O campus São Paulo
Constituído por um complexo educacional de 8.600 m2 de área útil, suas instalações modernas e funcionais destacam-se pelo conforto nos locais de estudo, pesquisa e trabalho. Localizado em uma das principais regiões de São Paulo, no tradicional Bairro da Liberdade, oferece ao estudante inúmeras opções de transporte, restaurantes, estacionamentos, teatros, parques, etc.
Com 6 andares, o prédio do campus é uma perfeita obra de engenharia, projetado por arquitetos renomados, sua construção possui um estilo moderno e inovador. Construído em concreto aparente demonstra imponência no seu hall de entrada com pé direito de 12"
DOC018_C2_0002,DOC018,Campus São Paulo,Complementar,Média,https://portal.fei.edu.br/campus-sao-paulo,C2,800,150,2,799,"sua construção possui um estilo moderno e inovador. Construído em concreto aparente demonstra imponência no seu hall de entrada com pé direito de 12 metros de altura. É composto por salas de aula, todas com pontos de rede para acesso à internet, auditórios, biblioteca com sala de leitura, laboratórios de informática, espaço para feiras e exposições, lanchonete, mezanino, posto bancário, quadra poliesportiva e capela com o objetivo de proporcionar ao aluno uma perfeita aprendizagem.
O estudante do campus São Paulo também pode utilizar toda a estrutura do Campus São Bernardo do Campo, biblioteca, complexo poliesportivo, piscina, academia, etc.
O campus São Paulo é formado por dois blocos, interligados por rampas.
Bloco A – Seis andares
6º Andar:
Reitoria, Secretaria Escolar, Secretarias dos"
DOC018_C2_0003,DOC018,Campus São Paulo,Complementar,Média,https://portal.fei.edu.br/campus-sao-paulo,C2,800,150,3,798,"O campus São Paulo é formado por dois blocos, interligados por rampas.
Bloco A – Seis andares
6º Andar:
Reitoria, Secretaria Escolar, Secretarias dos Programa de Pós-graduação Stricto e Lato Sensu, Coordenadoria do Curso de Administração e do Programa de Pós-graduação Stricto Sensu, Tesouraria e posto bancário.
5º Andar:
Duas salas de aulas, um auditório para 40 pessoas, salas para professores de tempo integral, sala para reuniões, sala de estudos para 20 alunos com computadores em rede e espaço para reuniões.
4º Andar:
Mezanino, empresa FEI Junior e setor de estágios.
3º Andar:
Recepção, cafeteria e pátio coberto.
2º Andar:
Seis salas de aulas para graduação.
1º Andar:
Três laboratórios de informática com quarenta micros em rede cada.
Bloco B – Cinco andares
5º andar:
quadra de esportes"
DOC018_C2_0004,DOC018,Campus São Paulo,Complementar,Média,https://portal.fei.edu.br/campus-sao-paulo,C2,800,150,4,800,"las para graduação.
1º Andar:
Três laboratórios de informática com quarenta micros em rede cada.
Bloco B – Cinco andares
5º andar:
quadra de esportes coberta.
4º Andar:
Sala de vídeo, sala de leitura e estudos da biblioteca.
3º Andar:
Biblioteca, capela e auditório para 280 pessoas.
2º Andar:
Salas de aula para graduação e pós-graduação.
1º Andar:
Salas de aulas para graduação e pós-graduação e um auditório para 80 pessoas.
Infraestrutura
Para proporcionar ao estudante uma formação abrangente direcionada à tecnologia, às áreas de gestão e à valorização humana,
o Centro Universitário FEI disponibiliza no campus São Paulo, excelente infraestrutura, formando um ambiente apropriado para
o desenvolvimento da vida acadêmica e fortalecimento das atividades culturais.
Slide 0
Slide 1
Slide 2
Slide"
DOC018_C2_0005,DOC018,Campus São Paulo,Complementar,Média,https://portal.fei.edu.br/campus-sao-paulo,C2,800,150,5,800,"ura, formando um ambiente apropriado para
o desenvolvimento da vida acadêmica e fortalecimento das atividades culturais.
Slide 0
Slide 1
Slide 2
Slide 3
Slide 4
Slide 5
Slide 6
Slide 7
Slide 8
Centros de Informática
A Coordenadoria Geral de Informática (CGI), é composta por 32 laboratórios (29 em São Bernardo do Campo e 3 laboratórios em São Paulo) totalizando 1011 computadores, nos quais os usuários podem realizar acesso direto à internet e a rede acadêmica. Estes laboratórios são servidos por uma ampla lista de programas, tais como: PROMODEL, , MATLAB, , Witness, Pacote Tecnomatix da Siemens, pacote Teamnceter da Siemens, SAP, MATHCAD, MICROWIND, QUARTUS II, ATLAS, ADOBE ACROBAT, , DEV C++, LINUX, GRAPHICS, AutoCAD, Plataforma MSC, Plataforma Ansys, MiniTab, Forecast pro, Supply Chain Gu"
DOC018_C2_0006,DOC018,Campus São Paulo,Complementar,Média,https://portal.fei.edu.br/campus-sao-paulo,C2,800,150,6,799,"OWIND, QUARTUS II, ATLAS, ADOBE ACROBAT, , DEV C++, LINUX, GRAPHICS, AutoCAD, Plataforma MSC, Plataforma Ansys, MiniTab, Forecast pro, Supply Chain Guru, e além dos já descritos, para a edição de trabalhos, estão disponíveis em todos os computadores os tradicionais recursos de edição, como o Pacote Office 2016.
Todos os equipamentos operam com o sistema operacional Windows 10, além de suportarem outros ambientes operacionais que estão disponíveis para uso, como Linux Ubuntu e máquinas virtuais.
Os computadores do Centro Universitário FEI estão interligados formando uma rede tipo intranet, denominada FEInet. Sua administração é responsabilidade da Coordenadoria Geral de Informática (CGI), que a constituiu como rede própria e específica, diferenciando-a das demais redes em funcionamento nos"
DOC018_C2_0007,DOC018,Campus São Paulo,Complementar,Média,https://portal.fei.edu.br/campus-sao-paulo,C2,800,150,7,800,"e da Coordenadoria Geral de Informática (CGI), que a constituiu como rede própria e específica, diferenciando-a das demais redes em funcionamento nos Campi.
Centro de Vivência Desportiva, Recreação e Lazer – CVDRL
No campus de São Paulo, os alunos têm à disposição um ginásio poliesportivo coberto.
Auditórios
No campus São Paulo a FEI possui 2 auditórios com capacidades que variam de 40 até 300 pessoas, todos são equipados com sistema audiovisual completo, onde são realizadas palestras, apresentações, workshops, cursos, saraus, teatros, etc.
Biblioteca ""Pe. Aldemar Moreira, S.J.""
O acervo da Biblioteca “Pe. Aldemar Moreira, S.J.” (campus São Bernardo do Campo e campus São Paulo) abrange mais de 85 mil livros especializados, uma expressiva quantidade de revistas, periódicos, multimeios e bas"
DOC018_C2_0008,DOC018,Campus São Paulo,Complementar,Média,https://portal.fei.edu.br/campus-sao-paulo,C2,800,150,8,799,"ernardo do Campo e campus São Paulo) abrange mais de 85 mil livros especializados, uma expressiva quantidade de revistas, periódicos, multimeios e bases de dados com ampla variedade de temas que vão de encontro às necessidades acadêmicas, além de uma completa estrutura para que alunos e funcionários explorem o universo do conhecimento em um ambiente agradável e informatizado.
A Biblioteca oferece à comunidade serviços como empréstimo, reserva e renovação de livros, COMUT, minicursos e orientação para normalização de trabalhos acadêmicos, além de disponibilizar o Guia para Elaboração de Trabalhos Acadêmicos.
Capela ""Nossa Senhora do Bom Conselho""
A Capela ""Nossa Senhora do Bom Conselho"" foi inaugurada em dezembro de 1993 no campus São Paulo, simbolizando os valores e ideais da instituição."
DOC018_C2_0009,DOC018,Campus São Paulo,Complementar,Média,https://portal.fei.edu.br/campus-sao-paulo,C2,800,150,9,800,"ho""
A Capela ""Nossa Senhora do Bom Conselho"" foi inaugurada em dezembro de 1993 no campus São Paulo, simbolizando os valores e ideais da instituição. Nela, os alunos, professores e funcionários podem encontrar um local acolhedor para reflexões e orações.
Infra de serviços
Para mais comodidade, a FEI coloca à disposição dos alunos no campus de São Paulo uma praça de alimentação, posto bancário, copiadora e ambulatório médico.
Venha tomar um café com a gente no dia do Vestibular!
Para você que irá acompanhar o vestibulando no dia da prova (07 de dezembro, sábado), preparamos uma programação especial.
Clique aqui e confira a programação →
Como chegar
O campus da FEI em São Paulo está localizado na rua Tamandaré, 688 - São Paulo - SP - Próximo ao metrô São Joaquim.
Como faço para chegar ao
cam"
DOC018_C2_0010,DOC018,Campus São Paulo,Complementar,Média,https://portal.fei.edu.br/campus-sao-paulo,C2,800,150,10,473,"hegar
O campus da FEI em São Paulo está localizado na rua Tamandaré, 688 - São Paulo - SP - Próximo ao metrô São Joaquim.
Como faço para chegar ao
campus
São Paulo, usando condução própria?
Como faço para chegar ao
campus
São Paulo através de transporte coletivo?
São Paulo
A forma mais fácil é utilizar o Metrô, desça na estação São Joaquim ( Linha Azul ),
ande pela rua Vergueiro até a rua Dr. Siqueira Campos, desça-a até a rua Tamandaré, 688 no campus São Paulo da FEI."
DOC018_C3_0001,DOC018,Campus São Paulo,Complementar,Média,https://portal.fei.edu.br/campus-sao-paulo,C3,1200,200,1,1200,"Centro Universitário da FEI em São Paulo
Campus
São Paulo
Rua Tamandaré, 688 - São Paulo - SP
Próximo ao metrô São Joaquim
(11) 3274-5200
Agende sua visita
O campus São Paulo
Constituído por um complexo educacional de 8.600 m2 de área útil, suas instalações modernas e funcionais destacam-se pelo conforto nos locais de estudo, pesquisa e trabalho. Localizado em uma das principais regiões de São Paulo, no tradicional Bairro da Liberdade, oferece ao estudante inúmeras opções de transporte, restaurantes, estacionamentos, teatros, parques, etc.
Com 6 andares, o prédio do campus é uma perfeita obra de engenharia, projetado por arquitetos renomados, sua construção possui um estilo moderno e inovador. Construído em concreto aparente demonstra imponência no seu hall de entrada com pé direito de 12 metros de altura. É composto por salas de aula, todas com pontos de rede para acesso à internet, auditórios, biblioteca com sala de leitura, laboratórios de informática, espaço para feiras e exposições, lanchonete, mezanino, posto bancário, quadra poliesportiva e capela com o objetivo de proporcionar ao aluno uma perfeita aprendizagem.
O estudante do campus São Paulo também pode utilizar toda a es"
DOC018_C3_0002,DOC018,Campus São Paulo,Complementar,Média,https://portal.fei.edu.br/campus-sao-paulo,C3,1200,200,2,1200,"s, lanchonete, mezanino, posto bancário, quadra poliesportiva e capela com o objetivo de proporcionar ao aluno uma perfeita aprendizagem.
O estudante do campus São Paulo também pode utilizar toda a estrutura do Campus São Bernardo do Campo, biblioteca, complexo poliesportivo, piscina, academia, etc.
O campus São Paulo é formado por dois blocos, interligados por rampas.
Bloco A – Seis andares
6º Andar:
Reitoria, Secretaria Escolar, Secretarias dos Programa de Pós-graduação Stricto e Lato Sensu, Coordenadoria do Curso de Administração e do Programa de Pós-graduação Stricto Sensu, Tesouraria e posto bancário.
5º Andar:
Duas salas de aulas, um auditório para 40 pessoas, salas para professores de tempo integral, sala para reuniões, sala de estudos para 20 alunos com computadores em rede e espaço para reuniões.
4º Andar:
Mezanino, empresa FEI Junior e setor de estágios.
3º Andar:
Recepção, cafeteria e pátio coberto.
2º Andar:
Seis salas de aulas para graduação.
1º Andar:
Três laboratórios de informática com quarenta micros em rede cada.
Bloco B – Cinco andares
5º andar:
quadra de esportes coberta.
4º Andar:
Sala de vídeo, sala de leitura e estudos da biblioteca.
3º Andar:
Biblioteca, cap"
DOC018_C3_0003,DOC018,Campus São Paulo,Complementar,Média,https://portal.fei.edu.br/campus-sao-paulo,C3,1200,200,3,1199,"informática com quarenta micros em rede cada.
Bloco B – Cinco andares
5º andar:
quadra de esportes coberta.
4º Andar:
Sala de vídeo, sala de leitura e estudos da biblioteca.
3º Andar:
Biblioteca, capela e auditório para 280 pessoas.
2º Andar:
Salas de aula para graduação e pós-graduação.
1º Andar:
Salas de aulas para graduação e pós-graduação e um auditório para 80 pessoas.
Infraestrutura
Para proporcionar ao estudante uma formação abrangente direcionada à tecnologia, às áreas de gestão e à valorização humana,
o Centro Universitário FEI disponibiliza no campus São Paulo, excelente infraestrutura, formando um ambiente apropriado para
o desenvolvimento da vida acadêmica e fortalecimento das atividades culturais.
Slide 0
Slide 1
Slide 2
Slide 3
Slide 4
Slide 5
Slide 6
Slide 7
Slide 8
Centros de Informática
A Coordenadoria Geral de Informática (CGI), é composta por 32 laboratórios (29 em São Bernardo do Campo e 3 laboratórios em São Paulo) totalizando 1011 computadores, nos quais os usuários podem realizar acesso direto à internet e a rede acadêmica. Estes laboratórios são servidos por uma ampla lista de programas, tais como: PROMODEL, , MATLAB, , Witness, Pacote Tecnomatix da Siemens"
DOC018_C3_0004,DOC018,Campus São Paulo,Complementar,Média,https://portal.fei.edu.br/campus-sao-paulo,C3,1200,200,4,1200,"ios podem realizar acesso direto à internet e a rede acadêmica. Estes laboratórios são servidos por uma ampla lista de programas, tais como: PROMODEL, , MATLAB, , Witness, Pacote Tecnomatix da Siemens, pacote Teamnceter da Siemens, SAP, MATHCAD, MICROWIND, QUARTUS II, ATLAS, ADOBE ACROBAT, , DEV C++, LINUX, GRAPHICS, AutoCAD, Plataforma MSC, Plataforma Ansys, MiniTab, Forecast pro, Supply Chain Guru, e além dos já descritos, para a edição de trabalhos, estão disponíveis em todos os computadores os tradicionais recursos de edição, como o Pacote Office 2016.
Todos os equipamentos operam com o sistema operacional Windows 10, além de suportarem outros ambientes operacionais que estão disponíveis para uso, como Linux Ubuntu e máquinas virtuais.
Os computadores do Centro Universitário FEI estão interligados formando uma rede tipo intranet, denominada FEInet. Sua administração é responsabilidade da Coordenadoria Geral de Informática (CGI), que a constituiu como rede própria e específica, diferenciando-a das demais redes em funcionamento nos Campi.
Centro de Vivência Desportiva, Recreação e Lazer – CVDRL
No campus de São Paulo, os alunos têm à disposição um ginásio poliesportivo coberto.
A"
DOC018_C3_0005,DOC018,Campus São Paulo,Complementar,Média,https://portal.fei.edu.br/campus-sao-paulo,C3,1200,200,5,1200,"renciando-a das demais redes em funcionamento nos Campi.
Centro de Vivência Desportiva, Recreação e Lazer – CVDRL
No campus de São Paulo, os alunos têm à disposição um ginásio poliesportivo coberto.
Auditórios
No campus São Paulo a FEI possui 2 auditórios com capacidades que variam de 40 até 300 pessoas, todos são equipados com sistema audiovisual completo, onde são realizadas palestras, apresentações, workshops, cursos, saraus, teatros, etc.
Biblioteca ""Pe. Aldemar Moreira, S.J.""
O acervo da Biblioteca “Pe. Aldemar Moreira, S.J.” (campus São Bernardo do Campo e campus São Paulo) abrange mais de 85 mil livros especializados, uma expressiva quantidade de revistas, periódicos, multimeios e bases de dados com ampla variedade de temas que vão de encontro às necessidades acadêmicas, além de uma completa estrutura para que alunos e funcionários explorem o universo do conhecimento em um ambiente agradável e informatizado.
A Biblioteca oferece à comunidade serviços como empréstimo, reserva e renovação de livros, COMUT, minicursos e orientação para normalização de trabalhos acadêmicos, além de disponibilizar o Guia para Elaboração de Trabalhos Acadêmicos.
Capela ""Nossa Senhora do Bom Consel"
DOC018_C3_0006,DOC018,Campus São Paulo,Complementar,Média,https://portal.fei.edu.br/campus-sao-paulo,C3,1200,200,6,1199,"enovação de livros, COMUT, minicursos e orientação para normalização de trabalhos acadêmicos, além de disponibilizar o Guia para Elaboração de Trabalhos Acadêmicos.
Capela ""Nossa Senhora do Bom Conselho""
A Capela ""Nossa Senhora do Bom Conselho"" foi inaugurada em dezembro de 1993 no campus São Paulo, simbolizando os valores e ideais da instituição. Nela, os alunos, professores e funcionários podem encontrar um local acolhedor para reflexões e orações.
Infra de serviços
Para mais comodidade, a FEI coloca à disposição dos alunos no campus de São Paulo uma praça de alimentação, posto bancário, copiadora e ambulatório médico.
Venha tomar um café com a gente no dia do Vestibular!
Para você que irá acompanhar o vestibulando no dia da prova (07 de dezembro, sábado), preparamos uma programação especial.
Clique aqui e confira a programação →
Como chegar
O campus da FEI em São Paulo está localizado na rua Tamandaré, 688 - São Paulo - SP - Próximo ao metrô São Joaquim.
Como faço para chegar ao
campus
São Paulo, usando condução própria?
Como faço para chegar ao
campus
São Paulo através de transporte coletivo?
São Paulo
A forma mais fácil é utilizar o Metrô, desça na estação São Joaquim ( Linha"
DOC018_C3_0007,DOC018,Campus São Paulo,Complementar,Média,https://portal.fei.edu.br/campus-sao-paulo,C3,1200,200,7,323,"pus
São Paulo, usando condução própria?
Como faço para chegar ao
campus
São Paulo através de transporte coletivo?
São Paulo
A forma mais fácil é utilizar o Metrô, desça na estação São Joaquim ( Linha Azul ),
ande pela rua Vergueiro até a rua Dr. Siqueira Campos, desça-a até a rua Tamandaré, 688 no campus São Paulo da FEI."
